country,iso_code,year,population,gdp,co2,co2_per_capita,consumption_co2,coal_co2,oil_co2,gas_co2,cement_co2,share_global_co2,total_ghg,total_ghg_excluding_lucf
Afghanistan,AFG,1990,12045664,13065984000,2.024,0.168,,0.278,1.271,0.403,0.046,0.009,13.519,3.123
Afghanistan,AFG,1991,12238879,12047361847,1.914,0.156,,0.25,1.204,0.389,0.046,0.008,13.711,3.038
Afghanistan,AFG,1992,13278983,12677539626,1.482,0.112,,0.022,1.03,0.363,0.046,0.007,11.543,2.606
Afghanistan,AFG,1993,14943175,9834582315,1.487,0.1,,0.018,1.048,0.352,0.047,0.007,10.454,2.664
Afghanistan,AFG,1994,16250800,7919856426,1.454,0.089,,0.015,1.032,0.338,0.047,0.006,10.98,2.697
Afghanistan,AFG,1995,17065837,12307525468,1.417,0.083,,0.015,1.011,0.322,0.047,0.006,12.11,2.73
Afghanistan,AFG,1996,17763266,12070125316,1.37,0.077,,0.007,0.986,0.308,0.047,0.006,14.851,2.745
Afghanistan,AFG,1997,18452100,11850752863,1.304,0.071,,0.004,0.949,0.282,0.047,0.005,18.057,2.735
Afghanistan,AFG,1998,19159996,11692171422,1.279,0.067,,0.004,0.942,0.264,0.047,0.005,16.691,2.75
Afghanistan,AFG,1999,19887792,11517315926,1.092,0.055,,0.004,0.777,0.242,0.047,0.004,18.338,2.603
Afghanistan,AFG,2000,20130334,11283794151,1.047,0.052,,0.004,0.788,0.224,0.01,0.004,16.009,2.603
Afghanistan,AFG,2001,20284303,11021272927,1.069,0.053,,0.07,0.762,0.209,0.007,0.004,14.895,2.701
Afghanistan,AFG,2002,21378123,18804871508,1.341,0.063,,0.055,0.729,0.546,0.011,0.005,20.037,3.044
Afghanistan,AFG,2003,22733053,21074343420,1.56,0.069,,0.092,0.993,0.465,0.01,0.006,20.769,3.349
Afghanistan,AFG,2004,23560656,22332570533,1.237,0.053,,0.092,0.909,0.227,0.01,0.004,18.934,3.085
Afghanistan,AFG,2005,24404575,25397686814,1.89,0.077,,0.106,1.447,0.33,0.006,0.006,19.199,3.832
Afghanistan,AFG,2006,25424100,28704399925,2.159,0.085,,0.161,1.657,0.329,0.012,0.007,19.426,4.168
Afghanistan,AFG,2007,25909852,34507529735,2.8,0.108,,0.747,1.733,0.308,0.012,0.009,20.244,5.002
Afghanistan,AFG,2008,26482631,36561043230,4.254,0.161,,1.077,2.865,0.297,0.015,0.013,23.057,6.626
Afghanistan,AFG,2009,27466102,44358722212,6.388,0.233,,1.513,4.591,0.271,0.013,0.02,25.67,8.95
Afghanistan,AFG,2010,28284088,47399425562,8.365,0.296,,2.246,5.833,0.271,0.015,0.025,29.565,11.191
Afghanistan,AFG,2011,29347708,53326336000,11.41,0.389,,3.749,7.338,0.308,0.015,0.033,32.977,14.723
Afghanistan,AFG,2012,30560036,59166900000,9.731,0.318,,2.821,6.573,0.308,0.029,0.028,30.964,12.991
Afghanistan,AFG,2013,31622709,62993700000,8.891,0.281,,2.97,5.589,0.297,0.036,0.025,30.17,12.271
Afghanistan,AFG,2014,32792528,64346106000,8.698,0.265,,3.239,5.159,0.271,0.029,0.025,30.691,12.237
Afghanistan,AFG,2015,33831767,62783392000,9.384,0.277,,2.439,6.622,0.282,0.041,0.027,30.707,12.916
Afghanistan,AFG,2016,34700613,64372217488,8.606,0.248,,2.421,5.79,0.319,0.076,0.024,29.947,12.348
Afghanistan,AFG,2017,35688941,65169281649,9.311,0.261,,2.893,6.073,0.3,0.045,0.026,33.678,13.373
Afghanistan,AFG,2018,36743040,65996738862,10.192,0.277,,3.221,6.621,0.293,0.057,0.028,33.581,14.449
Afghanistan,AFG,2019,37856125,73085701943,10.4,0.275,,3.273,6.843,0.246,0.038,0.028,36.551,14.564
Afghanistan,AFG,2020,39068977,71417706295,11.119,0.285,,3.635,7.269,0.154,0.061,0.032,35.765,15.155
Afghanistan,AFG,2021,40000410,56638852656,9.869,0.247,,2.993,6.701,0.158,0.016,0.027,33.333,14.08
Afghanistan,AFG,2022,40578847,53303471617,10.17,0.251,,3.488,6.528,0.143,0.011,0.027,36.65,14.898
Afghanistan,AFG,2023,41454762,,10.516,0.254,,3.867,6.498,0.141,0.011,0.028,38.675,15.366
Afghanistan,AFG,2024,42647502,,10.826,0.254,,3.894,6.795,0.126,0.011,0.028,39.886,15.843
Albania,ALB,1990,3277965,12947849077,5.521,1.684,5.573,2.499,2.173,0.465,0.384,0.024,12.001,7.34
Albania,ALB,1991,3282608,9375856841,4.29,1.307,4.616,1.48,2.228,0.275,0.307,0.018,10.52,6.202
Albania,ALB,1992,3282506,8745674435,2.517,0.767,2.925,0.8,1.416,0.198,0.103,0.011,7.667,3.642
Albania,ALB,1993,3277831,9636341649,2.338,0.713,2.675,0.6,1.478,0.157,0.103,0.01,7.19,3.452
Albania,ALB,1994,3269417,10596114842,1.924,0.588,2.365,0.169,1.605,0.099,0.052,0.008,7.232,2.914
Albania,ALB,1995,3258573,11600732968,2.089,0.641,2.523,0.161,1.773,0.051,0.103,0.009,7.302,2.946
Albania,ALB,1996,3245680,12468867839,2.018,0.622,2.895,0.114,1.755,0.044,0.105,0.008,6.818,2.87
Albania,ALB,1997,3229665,11020137102,1.543,0.478,2.192,0.044,1.411,0.037,0.052,0.006,5.991,2.352
Albania,ALB,1998,3210134,12026242682,1.755,0.547,2.433,0.055,1.623,0.033,0.044,0.007,6.219,2.568
Albania,ALB,1999,3188598,13673692880,2.986,0.937,3.708,0.11,2.792,0.029,0.055,0.012,7.264,3.799
Albania,ALB,2000,3166147,14736835655,3.025,0.955,3.96,0.07,2.84,0.022,0.094,0.012,7.124,3.834
Albania,ALB,2001,3147943,16103903904,3.221,1.023,4.437,0.081,3.125,0.015,0.0,0.013,7.202,4.042
Albania,ALB,2002,3134095,17037279441,3.748,1.196,4.922,0.084,3.638,0.026,0.0,0.014,7.704,4.611
Albania,ALB,2003,3118093,18171076149,4.303,1.38,5.944,0.084,3.891,0.026,0.302,0.016,8.847,5.148
Albania,ALB,2004,3098662,19346601376,4.177,1.348,5.529,0.084,3.759,0.033,0.3,0.015,7.716,5.043
Albania,ALB,2005,3076156,20562850324,4.261,1.385,5.853,0.073,3.91,0.022,0.256,0.014,10.937,5.142
Albania,ALB,2006,3050805,21889974405,3.911,1.282,5.834,0.073,3.54,0.022,0.276,0.013,8.405,4.821
Albania,ALB,2007,3022887,23259283502,4.004,1.324,6.058,0.073,3.43,0.033,0.468,0.013,11.476,4.905
Albania,ALB,2008,2992933,25006230217,4.448,1.486,6.627,0.103,3.847,0.015,0.484,0.014,10.527,5.354
Albania,ALB,2009,2961487,25821550979,4.37,1.476,6.742,0.407,3.36,0.018,0.585,0.014,9.234,5.274
Albania,ALB,2010,2928731,26747818608,4.817,1.645,6.58,0.447,3.506,0.026,0.838,0.014,9.359,5.741
Albania,ALB,2011,2911499,27431048326,5.175,1.778,6.984,0.586,3.583,0.029,0.976,0.015,9.83,6.077
Albania,ALB,2012,2910003,27819814441,4.93,1.694,6.571,0.686,3.175,0.029,1.039,0.014,9.602,5.847
Albania,ALB,2013,2907571,28098562696,5.346,1.839,6.516,0.846,3.338,0.033,1.129,0.015,9.96,6.298
Albania,ALB,2014,2903748,28597169040,6.072,2.091,6.501,1.096,3.862,0.059,1.045,0.017,10.844,7.062
Albania,ALB,2015,2898634,29231663899,4.712,1.626,5.894,0.322,3.338,0.062,0.954,0.013,10.131,5.735
Albania,ALB,2016,2897868,30200694449,4.555,1.572,5.849,0.191,3.364,0.081,0.88,0.013,9.365,5.542
Albania,ALB,2017,2898245,31348975722,5.344,1.844,6.103,0.44,3.778,0.084,1.011,0.015,10.08,6.38
Albania,ALB,2018,2894229,32609000823,5.195,1.795,6.264,0.847,3.333,0.073,0.928,0.014,9.622,6.304
Albania,ALB,2019,2885011,33289747424,4.941,1.712,6.021,0.451,3.426,0.132,0.928,0.013,8.936,5.984
Albania,ALB,2020,2871950,32130726850,4.865,1.694,5.973,0.572,2.876,0.095,1.322,0.014,8.303,5.892
Albania,ALB,2021,2849641,34866976278,5.137,1.803,6.198,0.861,2.862,0.103,1.312,0.014,8.336,6.217
Albania,ALB,2022,2827614,36171005594,4.498,1.591,5.686,0.542,2.946,0.088,0.907,0.012,7.418,5.568
Albania,ALB,2023,2811660,,4.417,1.571,5.382,0.514,2.908,0.088,0.907,0.012,7.044,5.497
Albania,ALB,2024,2791756,,4.444,1.592,,0.495,2.956,0.086,0.907,0.012,6.708,5.539
Algeria,DZA,1990,25375815,117843179781,75.892,2.991,,2.942,23.204,38.908,2.143,0.334,146.321,132.005
Algeria,DZA,1991,25987937,121105141795,77.976,3.0,,2.689,26.066,38.428,2.138,0.336,154.618,132.432
Algeria,DZA,1992,26628570,127982696018,79.284,2.977,,2.378,28.678,31.932,2.399,0.352,149.155,134.1
Algeria,DZA,1993,27277042,130275774703,81.306,2.981,,1.924,27.993,36.098,2.35,0.357,153.619,140.729
Algeria,DZA,1994,27887277,134279859768,87.848,3.15,,2.286,30.45,37.386,2.061,0.382,158.236,147.974
Algeria,DZA,1995,28470194,145054664533,95.906,3.369,,1.935,27.081,47.222,2.294,0.408,174.484,161.754
Algeria,DZA,1996,29033045,156579113896,99.56,3.429,,1.407,27.407,50.567,2.526,0.411,177.947,166.799
Algeria,DZA,1997,29579299,164644463404,87.517,2.959,,1.381,30.019,39.007,2.419,0.359,157.481,147.144
Algeria,DZA,1998,30054135,179962887740,105.74,3.518,,2.11,33.09,54.641,2.65,0.435,172.446,162.355
Algeria,DZA,1999,30474360,193179776879,90.613,2.973,,2.173,22.188,50.92,2.599,0.365,156.844,147.521
Algeria,DZA,2000,30903894,208554150552,84.552,2.736,,1.96,26.828,38.534,2.943,0.331,156.96,146.749
Algeria,DZA,2001,31331226,223420294027,86.019,2.745,,2.096,28.458,41.029,2.946,0.335,150.513,139.64
Algeria,DZA,2002,31750832,245360923720,89.658,2.824,,2.609,29.495,44.653,3.024,0.341,150.197,139.14
Algeria,DZA,2003,32175813,273568638765,94.078,2.924,,2.788,31.943,44.027,3.529,0.34,162.177,150.231
Algeria,DZA,2004,32628286,296773569597,90.853,2.784,,1.924,32.818,41.209,4.035,0.318,155.878,144.703
Algeria,DZA,2005,33109258,326854481030,109.564,3.309,,2.363,31.052,61.211,4.233,0.37,173.606,163.715
Algeria,DZA,2006,33623505,345705309468,103.798,3.087,,2.7,35.233,49.306,4.442,0.339,171.777,161.857
Algeria,DZA,2007,34189420,371665260161,107.549,3.146,,3.012,38.322,51.076,4.66,0.341,171.844,161.983
Algeria,DZA,2008,34816963,395658515586,108.596,3.119,,3.008,37.363,51.551,5.092,0.339,176.144,166.49
Algeria,DZA,2009,35490442,418247711085,116.328,3.278,,1.594,44.891,54.894,5.692,0.369,177.874,167.497
Algeria,DZA,2010,36188237,450705801593,117.847,3.257,,1.216,45.365,53.368,7.746,0.354,184.522,173.788
Algeria,DZA,2011,36903374,482028679734,124.715,3.38,,1.121,46.92,56.721,7.735,0.362,191.634,180.781
Algeria,DZA,2012,37646165,498417638719,135.593,3.602,,1.107,48.541,64.116,7.543,0.388,203.436,191.998
Algeria,DZA,2013,38414176,512373332647,141.534,3.684,,0.777,52.018,65.45,7.896,0.401,209.305,197.065
Algeria,DZA,2014,39205035,531843509827,152.435,3.888,,0.579,53.582,73.833,8.087,0.43,223.066,210.629
Algeria,DZA,2015,40019528,551521739825,160.322,4.006,,0.535,55.59,78.769,8.263,0.453,231.053,218.533
Algeria,DZA,2016,40850719,569170418715,158.308,3.875,,0.0,54.628,78.679,8.928,0.447,230.961,218.346
Algeria,DZA,2017,41689302,577138830559,165.252,3.964,,0.923,55.324,82.354,10.1,0.459,237.597,224.937
Algeria,DZA,2018,42505033,584064441740,174.461,4.104,,1.546,56.231,88.889,11.404,0.475,248.318,234.313
Algeria,DZA,2019,43294551,589905104177,182.425,4.214,,1.275,59.637,91.998,12.542,0.492,254.628,241.753
Algeria,DZA,2020,44042094,559819958223,171.139,3.886,,0.575,54.13,87.026,11.879,0.487,239.32,226.746
Algeria,DZA,2021,44761099,578853830170,182.036,4.067,,1.176,57.343,96.259,11.925,0.494,256.166,242.705
Algeria,DZA,2022,45477391,595820067103,192.779,4.239,,0.758,61.61,101.379,12.836,0.514,269.216,255.607
Algeria,DZA,2023,46164222,,202.847,4.394,,0.734,64.676,109.222,12.836,0.532,278.953,265.267
Algeria,DZA,2024,46814302,,198.203,4.234,,0.606,68.143,101.8,12.836,0.513,276.134,262.396
Andorra,AND,1990,52616,,0.403,7.66,,0.0,0.403,,0.0,0.002,0.54,0.455
Andorra,AND,1991,56691,,0.403,7.109,,0.0,0.403,,0.0,0.002,0.553,0.464
Andorra,AND,1992,60217,,0.403,6.693,,0.0,0.403,,0.0,0.002,0.565,0.47
Andorra,AND,1993,63293,,0.407,6.426,,0.0,0.407,,0.0,0.002,0.59,0.475
Andorra,AND,1994,64631,,0.403,6.236,,0.0,0.403,,0.0,0.002,0.59,0.472
Andorra,AND,1995,63936,,0.425,6.648,,0.0,0.425,,0.0,0.002,0.615,0.495
Andorra,AND,1996,64006,,0.454,7.098,,0.0,0.454,,0.0,0.002,0.636,0.525
Andorra,AND,1997,64722,,0.465,7.19,,0.0,0.465,,0.0,0.002,0.641,0.53
Andorra,AND,1998,65400,,0.491,7.507,,0.0,0.491,,0.0,0.002,0.653,0.545
Andorra,AND,1999,65732,,0.513,7.804,,0.0,0.513,,0.0,0.002,0.671,0.564
Andorra,AND,2000,65703,,0.524,7.975,,0.0,0.524,,0.0,0.002,0.679,0.574
Andorra,AND,2001,65874,,0.524,7.954,,0.0,0.524,,0.0,0.002,0.676,0.573
Andorra,AND,2002,66528,,0.531,7.986,,0.0,0.531,,0.0,0.002,0.679,0.58
Andorra,AND,2003,69507,,0.535,7.696,,0.0,0.535,,0.0,0.002,0.685,0.586
Andorra,AND,2004,74342,,0.564,7.59,,0.0,0.564,,0.0,0.002,0.717,0.617
Andorra,AND,2005,77436,,0.579,7.476,,0.0,0.579,,0.0,0.002,0.734,0.632
Andorra,AND,2006,79609,,0.546,6.858,,0.0,0.546,,0.0,0.002,0.697,0.598
Andorra,AND,2007,81901,,0.539,6.576,,0.0,0.539,,0.0,0.002,0.692,0.591
Andorra,AND,2008,83513,,0.539,6.449,,0.0,0.539,,0.0,0.002,0.692,0.592
Andorra,AND,2009,83907,,0.517,6.157,,0.0,0.517,,0.0,0.002,0.665,0.569
Andorra,AND,2010,80727,,0.517,6.4,,0.0,0.517,,0.0,0.002,0.661,0.567
Andorra,AND,2011,77801,,0.491,6.311,,0.0,0.491,,0.0,0.001,0.622,0.537
Andorra,AND,2012,76858,,0.487,6.34,,0.0,0.487,,0.0,0.001,0.614,0.532
Andorra,AND,2013,75220,,0.476,6.332,,0.0,0.476,,0.0,0.001,0.6,0.52
Andorra,AND,2014,73755,,0.462,6.259,,0.0,0.462,,0.0,0.001,0.581,0.503
Andorra,AND,2015,72195,,0.465,6.445,,0.0,0.465,,0.0,0.001,0.579,0.504
Andorra,AND,2016,72197,,0.473,6.547,,0.0,0.473,,0.0,0.001,0.586,0.511
Andorra,AND,2017,73780,,0.473,6.406,,0.0,0.469,0.004,0.0,0.001,0.588,0.512
Andorra,AND,2018,75181,,0.498,6.628,,0.0,0.495,0.004,0.0,0.001,0.613,0.539
Andorra,AND,2019,76492,,0.491,6.419,,0.0,0.487,0.004,0.0,0.001,0.61,0.53
Andorra,AND,2020,77397,,0.377,4.876,,0.0,0.374,0.004,0.0,0.001,0.486,0.415
Andorra,AND,2021,78379,,0.414,5.282,,0.0,0.407,0.007,0.0,0.001,0.527,0.452
Andorra,AND,2022,79722,,0.423,5.311,,0.0,0.416,0.007,0.0,0.001,0.533,0.461
Andorra,AND,2023,80869,,0.418,5.17,,0.0,0.411,0.007,0.0,0.001,0.527,0.455
Andorra,AND,2024,81955,,0.425,5.182,,0.0,0.417,0.007,0.0,0.001,0.531,0.461
Angola,AGO,1990,11626361,11482503320,5.09,0.438,,,2.475,1.011,0.107,0.022,64.11,20.733
Angola,AGO,1991,12023532,12341156472,5.064,0.421,,,2.281,1.084,0.107,0.022,65.828,19.708
Angola,AGO,1992,12423717,12363420423,5.164,0.416,,,2.29,1.066,0.123,0.023,62.663,18.189
Angola,AGO,1993,12827136,9985477687,5.748,0.448,,,2.968,1.048,0.102,0.025,67.038,22.707
Angola,AGO,1994,13249763,10760814258,11.353,0.857,,,3.465,0.972,0.098,0.049,86.739,39.828
Angola,AGO,1995,13699780,13143769844,12.617,0.921,,,3.012,1.048,0.081,0.054,93.837,46.692
Angola,AGO,1996,14170973,15819838004,15.249,1.076,,,3.268,1.048,0.11,0.063,103.158,56.816
Angola,AGO,1997,14660419,17972296931,15.884,1.083,,,3.331,1.066,0.122,0.065,108.504,58.994
Angola,AGO,1998,15159378,19905045075,16.513,1.089,,,2.763,1.085,0.142,0.068,118.943,63.515
Angola,AGO,1999,15667235,21527478033,17.261,1.102,,,3.708,1.048,0.084,0.069,119.963,63.934
Angola,AGO,2000,16194873,23512184116,15.995,0.988,,,3.668,1.085,0.081,0.063,116.786,59.088
Angola,AGO,2001,16747204,26015021059,15.908,0.95,,,4.302,0.989,0.221,0.062,126.604,57.116
Angola,AGO,2002,17327701,31389808151,16.08,0.928,,,5.02,1.158,0.239,0.061,137.304,55.78
Angola,AGO,2003,17943718,35081368421,17.484,0.974,,,6.837,1.216,0.28,0.063,141.321,56.005
Angola,AGO,2004,18600426,41307235678,17.016,0.915,,,6.108,1.44,0.3,0.059,144.092,60.707
Angola,AGO,2005,19291160,51967661783,15.387,0.798,,,4.734,1.249,0.521,0.052,144.177,58.557
Angola,AGO,2006,20015281,66749579296,17.145,0.857,,,7.757,1.304,0.539,0.056,140.936,52.051
Angola,AGO,2007,20778570,87086353818,17.588,0.846,,,8.801,1.594,0.542,0.056,161.5,49.914
Angola,AGO,2008,21578656,105593132748,18.75,0.869,,,10.219,1.271,0.685,0.059,194.451,52.291
Angola,AGO,2009,22414775,115247846475,20.668,0.922,,,12.296,1.29,0.693,0.066,209.619,53.441
Angola,AGO,2010,23294822,126984175354,22.983,0.987,,,13.37,1.37,0.578,0.069,226.011,60.855
Angola,AGO,2011,24218358,140477268750,23.397,0.966,,,14.345,1.403,0.765,0.068,207.032,59.04
Angola,AGO,2012,25177398,152476849129,25.941,1.03,,,17.268,1.422,1.147,0.074,202.332,62.482
Angola,AGO,2013,26165616,160032073258,25.71,0.983,,,17.441,0.766,1.557,0.073,205.22,62.636
Angola,AGO,2014,27160767,167750415635,26.092,0.961,,,16.977,0.579,1.976,0.074,201.202,62.531
Angola,AGO,2015,28157802,169333972139,27.505,0.977,,,16.167,1.44,2.03,0.078,211.532,65.92
Angola,AGO,2016,29183072,164965166058,25.466,0.873,,,14.172,1.495,1.5,0.072,198.189,62.684
Angola,AGO,2017,30234836,164717711409,23.601,0.781,,,13.888,1.572,0.996,0.066,193.46,58.877
Angola,AGO,2018,31297160,162550037080,23.278,0.744,,,15.411,1.608,1.007,0.063,178.217,56.347
Angola,AGO,2019,32375633,161408924528,22.21,0.686,,,14.286,2.429,1.124,0.06,172.219,53.944
Angola,AGO,2020,33451139,152308692850,16.549,0.495,,,9.468,2.488,1.085,0.047,158.351,46.815
Angola,AGO,2021,34532427,153971902307,19.219,0.557,,,12.282,2.466,1.085,0.052,157.436,47.5
Angola,AGO,2022,35635028,158346237030,21.089,0.592,,,14.887,1.927,1.124,0.056,161.249,49.896
Angola,AGO,2023,36749909,,21.675,0.59,,,15.356,1.742,1.124,0.057,160.814,49.922
Angola,AGO,2024,37885854,,22.334,0.589,,,15.569,1.766,1.124,0.058,159.462,49.271
Anguilla,AIA,1990,8422,,0.044,5.221,,,0.044,,0.0,0.0,,
Anguilla,AIA,1991,8728,,0.044,5.038,,,0.044,,0.0,0.0,,
Anguilla,AIA,1992,9005,,0.048,5.29,,,0.048,,0.0,0.0,,
Anguilla,AIA,1993,9252,,0.055,5.94,,,0.055,,0.0,0.0,,
Anguilla,AIA,1994,9489,,0.055,5.792,,,0.055,,0.0,0.0,,
Anguilla,AIA,1995,9738,,0.055,5.644,,,0.055,,0.0,0.0,,
Anguilla,AIA,1996,10000,,0.059,5.862,,,0.059,,0.0,0.0,,
Anguilla,AIA,1997,10278,,0.059,5.704,,,0.059,,0.0,0.0,,
Anguilla,AIA,1998,10557,,0.066,6.247,,,0.066,,0.0,0.0,,
Anguilla,AIA,1999,10864,,0.07,6.408,,,0.07,,0.0,0.0,,
Anguilla,AIA,2000,11196,,0.081,7.2,,,0.081,,0.0,0.0,,
Anguilla,AIA,2001,11497,,0.084,7.33,,,0.084,,0.0,0.0,,
Anguilla,AIA,2002,11714,,0.084,7.194,,,0.084,,0.0,0.0,,
Anguilla,AIA,2003,11903,,0.088,7.388,,,0.088,,0.0,0.0,,
Anguilla,AIA,2004,12092,,0.099,8.181,,,0.099,,0.0,0.0,,
Anguilla,AIA,2005,12290,,0.11,8.944,,,0.11,,0.0,0.0,,
Anguilla,AIA,2006,12493,,0.121,9.678,,,0.121,,0.0,0.0,,
Anguilla,AIA,2007,12697,,0.125,9.811,,,0.125,,0.0,0.0,,
Anguilla,AIA,2008,12911,,0.125,9.649,,,0.125,,0.0,0.0,,
Anguilla,AIA,2009,13138,,0.125,9.482,,,0.125,,0.0,0.0,,
Anguilla,AIA,2010,13372,,0.128,9.59,,,0.128,,0.0,0.0,,
Anguilla,AIA,2011,13593,,0.125,9.165,,,0.125,,0.0,0.0,,
Anguilla,AIA,2012,13401,,0.121,9.023,,,0.121,,0.0,0.0,,
Anguilla,AIA,2013,13272,,0.114,8.558,,,0.114,,0.0,0.0,,
Anguilla,AIA,2014,13748,,0.121,8.795,,,0.121,,0.0,0.0,,
Anguilla,AIA,2015,14235,,0.136,9.524,,,0.136,,0.0,0.0,,
Anguilla,AIA,2016,14344,,0.139,9.707,,,0.139,,0.0,0.0,,
Anguilla,AIA,2017,14450,,0.128,8.875,,,0.128,,0.0,0.0,,
Anguilla,AIA,2018,14747,,0.132,8.944,,,0.132,,0.0,0.0,,
Anguilla,AIA,2019,14845,,0.143,9.626,,,0.143,,0.0,0.0,,
Anguilla,AIA,2020,14864,,0.136,9.121,,,0.136,,0.0,0.0,,
Anguilla,AIA,2021,14503,,0.139,9.6,,,0.139,,0.0,0.0,,
Anguilla,AIA,2022,14202,,0.143,10.062,,,0.143,,0.0,0.0,,
Anguilla,AIA,2023,14435,,0.143,9.879,,,0.143,,0.0,0.0,,
Anguilla,AIA,2024,14623,,0.148,10.127,,,0.148,,0.0,0.0,,
Antarctica,ATA,1990,,,0.011,,,,0.011,,0.0,0.0,,
Antarctica,ATA,1991,,,0.015,,,,0.015,,0.0,0.0,,
Antarctica,ATA,1992,,,0.015,,,,0.015,,0.0,0.0,,
Antarctica,ATA,1993,,,0.015,,,,0.015,,0.0,0.0,,
Antarctica,ATA,1994,,,0.015,,,,0.015,,0.0,0.0,,
Antarctica,ATA,1995,,,0.004,,,,0.004,,0.0,0.0,,
Antarctica,ATA,1996,,,0.004,,,,0.004,,0.0,0.0,,
Antarctica,ATA,1997,,,0.004,,,,0.004,,0.0,0.0,,
Antarctica,ATA,1998,,,0.004,,,,0.004,,0.0,0.0,,
Antarctica,ATA,1999,,,0.004,,,,0.004,,0.0,0.0,,
Antarctica,ATA,2000,,,0.004,,,,0.004,,0.0,0.0,,
Antarctica,ATA,2001,,,0.004,,,,0.004,,0.0,0.0,,
Antarctica,ATA,2002,,,0.004,,,,0.004,,0.0,0.0,,
Antarctica,ATA,2003,,,0.004,,,,0.004,,0.0,0.0,,
Antarctica,ATA,2004,,,0.007,,,,0.007,,0.0,0.0,,
Antarctica,ATA,2005,,,0.007,,,,0.007,,0.0,0.0,,
Antarctica,ATA,2006,,,0.007,,,,0.007,,0.0,0.0,,
Antarctica,ATA,2007,,,0.011,,,,0.011,,0.0,0.0,,
Antarctica,ATA,2008,,,0.0,,,,,,0.0,0.0,,
Antarctica,ATA,2009,,,0.0,,,,,,0.0,0.0,,
Antarctica,ATA,2010,,,0.0,,,,,,0.0,0.0,,
Antarctica,ATA,2011,,,0.0,,,,,,0.0,0.0,,
Antarctica,ATA,2012,,,0.0,,,,,,0.0,0.0,,
Antarctica,ATA,2013,,,0.0,,,,,,0.0,0.0,,
Antarctica,ATA,2014,,,0.0,,,,,,0.0,0.0,,
Antarctica,ATA,2015,,,0.0,,,,,,0.0,0.0,,
Antarctica,ATA,2016,,,0.0,,,,,,0.0,0.0,,
Antarctica,ATA,2017,,,0.0,,,,,,0.0,0.0,,
Antarctica,ATA,2018,,,0.0,,,,,,0.0,0.0,,
Antarctica,ATA,2019,,,0.0,,,,,,0.0,0.0,,
Antarctica,ATA,2020,,,0.0,,,,,,0.0,0.0,,
Antarctica,ATA,2021,,,0.0,,,,,,0.0,0.0,,
Antarctica,ATA,2022,,,0.0,,,,,,0.0,0.0,,
Antarctica,ATA,2023,,,0.0,,,,,,0.0,0.0,,
Antarctica,ATA,2024,,,0.0,,,,,,0.0,0.0,,
Antigua and Barbuda,ATG,1990,63087,,0.242,3.833,,,0.242,,0.0,0.001,0.279,0.287
Antigua and Barbuda,ATG,1991,63406,,0.249,3.929,,,0.249,,0.0,0.001,0.289,0.295
Antigua and Barbuda,ATG,1992,64422,,0.249,3.867,,,0.249,,0.0,0.001,0.293,0.295
Antigua and Barbuda,ATG,1993,65601,,0.256,3.91,,,0.256,,0.0,0.001,0.303,0.303
Antigua and Barbuda,ATG,1994,66860,,0.267,4.0,,,0.267,,0.0,0.001,0.317,0.315
Antigua and Barbuda,ATG,1995,68210,,0.271,3.975,,,0.271,,0.0,0.001,0.324,0.319
Antigua and Barbuda,ATG,1996,69629,,0.286,4.104,,,0.286,,0.0,0.001,0.34,0.335
Antigua and Barbuda,ATG,1997,71071,,0.308,4.331,,,0.308,,0.0,0.001,0.365,0.358
Antigua and Barbuda,ATG,1998,72430,,0.322,4.452,,,0.322,,0.0,0.001,0.382,0.374
Antigua and Barbuda,ATG,1999,73681,,0.344,4.674,,,0.344,,0.0,0.001,0.406,0.396
Antigua and Barbuda,ATG,2000,74929,,0.355,4.743,,,0.355,,0.0,0.001,0.417,0.406
Antigua and Barbuda,ATG,2001,76082,,0.374,4.912,,,0.374,,0.0,0.001,0.437,0.423
Antigua and Barbuda,ATG,2002,77049,,0.403,5.231,,,0.403,,0.0,0.002,0.47,0.452
Antigua and Barbuda,ATG,2003,77896,,0.432,5.55,,,0.432,,0.0,0.002,0.501,0.482
Antigua and Barbuda,ATG,2004,78734,,0.451,5.724,,,0.451,,0.0,0.002,0.52,0.5
Antigua and Barbuda,ATG,2005,79628,,0.48,6.028,,,0.48,,0.0,0.002,0.551,0.53
Antigua and Barbuda,ATG,2006,80619,,0.517,6.408,,,0.517,,0.0,0.002,0.591,0.567
Antigua and Barbuda,ATG,2007,81716,,0.535,6.546,,,0.535,,0.0,0.002,0.613,0.586
Antigua and Barbuda,ATG,2008,82926,,0.539,6.495,,,0.539,,0.0,0.002,0.622,0.591
Antigua and Barbuda,ATG,2009,84193,,0.557,6.615,,,0.557,,0.0,0.002,0.634,0.607
Antigua and Barbuda,ATG,2010,85337,,0.55,6.44,,,0.55,,0.0,0.002,0.603,0.598
Antigua and Barbuda,ATG,2011,86350,,0.546,6.322,,,0.546,,0.0,0.002,0.597,0.593
Antigua and Barbuda,ATG,2012,87275,,0.557,6.381,,,0.557,,0.0,0.002,0.611,0.604
Antigua and Barbuda,ATG,2013,88074,,0.557,6.323,,,0.557,,0.0,0.002,0.619,0.604
Antigua and Barbuda,ATG,2014,88784,,0.568,6.397,,,0.568,,0.0,0.002,0.626,0.616
Antigua and Barbuda,ATG,2015,89421,,0.579,6.474,,,0.579,,0.0,0.002,0.635,0.627
Antigua and Barbuda,ATG,2016,89980,,0.594,6.597,,,0.594,,0.0,0.002,0.652,0.643
Antigua and Barbuda,ATG,2017,90483,,0.601,6.641,,,0.601,,0.0,0.002,0.667,0.65
Antigua and Barbuda,ATG,2018,90942,,0.616,6.769,,,0.616,,0.0,0.002,0.676,0.665
Antigua and Barbuda,ATG,2019,91377,,0.638,6.977,,,0.638,,0.0,0.002,0.695,0.689
Antigua and Barbuda,ATG,2020,91864,,0.616,6.701,,,0.616,,0.0,0.002,0.671,0.666
Antigua and Barbuda,ATG,2021,92358,,0.634,6.863,,,0.634,,0.0,0.002,0.69,0.685
Antigua and Barbuda,ATG,2022,92850,,0.642,6.913,,,0.642,,0.0,0.002,0.7,0.694
Antigua and Barbuda,ATG,2023,93331,,0.641,6.863,,,0.641,,0.0,0.002,0.699,0.693
Antigua and Barbuda,ATG,2024,93782,,0.665,7.092,,,0.665,,0.0,0.002,0.724,0.718
Argentina,ARG,1990,32755907,338751144000,112.188,3.425,115.543,3.14,59.188,43.213,1.862,0.494,286.574,136.456
Argentina,ARG,1991,33230293,376057930424,117.727,3.543,123.998,2.939,61.233,47.284,2.168,0.507,316.994,142.512
Argentina,ARG,1992,33693532,416679827242,121.514,3.606,131.403,3.107,63.633,48.303,2.474,0.54,309.154,147.569
Argentina,ARG,1993,34152719,444780261628,118.021,3.456,126.6,2.528,67.152,40.807,2.781,0.519,298.301,144.898
Argentina,ARG,1994,34613492,472926751991,118.507,3.424,127.082,3.561,67.203,42.677,3.087,0.516,299.414,146.583
Argentina,ARG,1995,35070016,461601030169,125.415,3.576,131.462,3.741,62.834,53.194,2.76,0.533,308.467,156.274
Argentina,ARG,1996,35513795,489406483416,131.446,3.701,136.985,3.114,65.921,57.542,2.718,0.542,311.916,161.498
Argentina,ARG,1997,35947790,531526379817,136.617,3.8,145.77,2.807,66.868,61.504,3.233,0.56,319.533,167.476
Argentina,ARG,1998,36372862,554567078807,139.505,3.835,148.941,3.155,69.576,61.614,3.468,0.574,321.302,169.972
Argentina,ARG,1999,36794687,538270560194,148.345,4.032,149.515,2.788,72.723,67.619,3.331,0.597,332.044,179.848
Argentina,ARG,2000,37213986,536480965694,143.355,3.852,142.709,2.36,67.434,69.438,2.657,0.562,329.932,174.097
Argentina,ARG,2001,37624817,514867255248,135.004,3.588,130.816,2.008,64.334,64.807,2.348,0.525,319.058,165.776
Argentina,ARG,2002,38029345,460558541367,124.93,3.285,82.343,1.579,57.495,62.618,1.728,0.476,394.168,155.489
Argentina,ARG,2003,38424283,503104157615,134.421,3.498,117.7,2.48,59.355,69.068,2.22,0.486,455.75,165.724
Argentina,ARG,2004,38815915,550306327169,157.235,4.051,139.924,2.532,67.813,82.913,2.887,0.55,507.462,189.019
Argentina,ARG,2005,39216786,601050418142,161.728,4.124,147.474,3.668,71.8,81.967,3.38,0.546,518.319,191.382
Argentina,ARG,2006,39622113,652296814311,174.342,4.4,155.717,3.968,81.911,83.867,3.797,0.57,529.459,204.389
Argentina,ARG,2007,40016767,714725198062,173.764,4.342,161.212,3.759,77.952,87.178,4.181,0.552,436.537,200.316
Argentina,ARG,2008,40424151,747157417513,187.596,4.641,178.508,3.975,88.658,90.12,4.243,0.585,404.48,212.971
Argentina,ARG,2009,40854832,705920838368,178.378,4.366,162.836,3.305,82.38,87.993,4.008,0.566,540.889,203.169
Argentina,ARG,2010,41288694,785785170150,186.121,4.508,177.822,4.082,90.145,86.928,4.353,0.559,479.33,210.898
Argentina,ARG,2011,41730655,837742673804,189.884,4.55,198.814,4.825,86.906,92.586,4.695,0.551,479.874,214.64
Argentina,ARG,2012,42161718,829147409948,191.715,4.547,198.991,5.078,85.589,95.383,4.533,0.548,430.562,216.803
Argentina,ARG,2013,42582453,849088398588,189.525,4.451,203.749,4.84,87.487,91.338,4.568,0.537,403.474,214.907
Argentina,ARG,2014,43024071,827750786191,188.539,4.382,191.692,5.536,84.292,92.844,4.479,0.532,449.449,213.899
Argentina,ARG,2015,43477011,850356641236,191.809,4.412,206.172,5.467,86.954,93.535,4.636,0.542,413.0,217.666
Argentina,ARG,2016,43900312,832669278245,190.02,4.328,190.408,4.192,84.554,96.301,4.133,0.537,414.578,215.765
Argentina,ARG,2017,44288898,856142153676,187.068,4.224,193.252,4.28,80.857,96.444,4.528,0.52,396.408,213.001
Argentina,ARG,2018,44654876,833736983405,182.483,4.087,183.695,4.356,76.109,96.125,4.535,0.497,406.818,208.487
Argentina,ARG,2019,44973469,817053926667,180.428,4.012,172.704,2.143,76.609,95.606,4.298,0.487,432.561,206.718
Argentina,ARG,2020,45191960,735814250460,164.613,3.643,160.073,3.224,66.675,89.085,3.642,0.468,397.663,189.913
Argentina,ARG,2021,45312282,812324184006,190.197,4.197,182.275,4.51,85.441,93.073,4.848,0.516,437.433,216.259
Argentina,ARG,2022,45407904,854914363923,183.768,4.047,183.846,4.731,81.967,89.62,5.255,0.49,432.106,210.958
Argentina,ARG,2023,45538402,,178.407,3.918,185.666,4.226,79.241,87.849,5.037,0.468,427.118,205.769
Argentina,ARG,2024,45696153,,171.059,3.743,,3.162,72.461,89.168,3.731,0.443,416.982,198.71
Armenia,ARM,1990,3552130,32650114430,9.003,2.535,6.295,0.694,3.634,4.199,0.38,0.04,11.656,10.492
Armenia,ARM,1991,3613978,27959799817,7.383,2.043,4.848,0.604,2.815,3.478,0.396,0.032,9.91,8.73
Armenia,ARM,1992,3571870,15777768492,5.724,1.602,3.807,0.374,1.773,3.477,0.099,0.025,8.354,6.873
Armenia,ARM,1993,3453339,13153115049,2.51,0.727,1.892,0.007,0.939,1.508,0.055,0.011,5.165,3.516
Armenia,ARM,1994,3364620,13441640358,2.685,0.798,1.884,0.095,0.942,1.616,0.032,0.012,5.804,3.646
Armenia,ARM,1995,3307586,14085547383,3.363,1.017,2.773,0.007,0.671,2.616,0.069,0.014,7.138,4.302
Armenia,ARM,1996,3278738,14363162631,2.5,0.763,2.989,0.015,0.366,2.041,0.078,0.01,5.636,3.432
Armenia,ARM,1997,3246292,14402224399,3.253,1.002,3.936,0.015,0.392,2.678,0.168,0.013,6.137,4.178
Armenia,ARM,1998,3208399,14841976252,3.419,1.066,4.538,0.015,0.406,2.789,0.209,0.014,5.918,4.339
Armenia,ARM,1999,3167282,14850694858,3.04,0.96,3.55,0.007,0.586,2.275,0.171,0.012,5.516,3.948
Armenia,ARM,2000,3125630,15244825874,3.491,1.117,3.799,0.0,0.788,2.565,0.139,0.014,6.047,4.42
Armenia,ARM,2001,3084350,16184137401,3.533,1.145,4.001,0.0,0.777,2.612,0.144,0.014,6.896,4.486
Armenia,ARM,2002,3055636,18018113990,3.077,1.007,4.081,0.048,0.816,2.002,0.211,0.012,6.927,4.032
Armenia,ARM,2003,3038976,19928773567,3.456,1.137,4.208,0.073,0.934,2.228,0.22,0.012,7.586,4.428
Armenia,ARM,2004,3022544,21350959248,3.691,1.221,4.241,0.0,0.92,2.473,0.298,0.013,9.073,4.675
Armenia,ARM,2005,3006360,23626538545,4.376,1.456,5.34,0.0,0.982,3.063,0.331,0.015,11.676,5.383
Armenia,ARM,2006,2990371,25937834265,4.402,1.472,5.604,0.004,0.92,3.14,0.338,0.014,9.912,5.428
Armenia,ARM,2007,2974825,28610365796,5.1,1.714,10.071,0.007,0.924,3.762,0.407,0.016,9.661,6.024
Armenia,ARM,2008,2959996,29672467967,5.575,1.883,7.274,0.007,1.033,4.122,0.412,0.017,9.818,6.518
Armenia,ARM,2009,2945518,24704739187,4.364,1.481,6.433,0.004,0.952,3.167,0.241,0.014,8.521,5.28
Armenia,ARM,2010,2931083,24485670654,4.256,1.452,5.795,0.007,1.008,2.953,0.288,0.013,8.032,5.178
Armenia,ARM,2011,2923269,24860520809,4.969,1.7,5.627,0.007,0.942,3.756,0.264,0.014,8.712,5.908
Armenia,ARM,2012,2922529,26634064691,5.748,1.967,6.483,0.007,0.898,4.565,0.278,0.016,9.617,6.713
Armenia,ARM,2013,2922526,27542825799,5.535,1.894,5.885,0.004,0.857,4.416,0.259,0.016,9.309,6.52
Armenia,ARM,2014,2922433,28536291283,5.604,1.918,5.916,0.004,0.864,4.493,0.244,0.016,9.15,6.61
Armenia,ARM,2015,2921179,29464863299,5.469,1.872,6.073,0.004,0.795,4.43,0.241,0.015,9.162,6.507
Armenia,ARM,2016,2918796,29522321034,5.207,1.784,6.017,0.004,0.81,4.239,0.154,0.015,9.319,6.251
Armenia,ARM,2017,2914966,31741802974,5.537,1.899,6.406,0.004,0.868,4.459,0.205,0.015,9.137,6.579
Armenia,ARM,2018,2909971,33400320594,5.822,2.001,8.377,0.004,0.824,4.679,0.315,0.016,9.2,6.87
Armenia,ARM,2019,2903975,35949092334,6.284,2.164,8.17,0.011,1.044,4.888,0.341,0.017,9.219,7.346
Armenia,ARM,2020,2890893,33378378959,6.795,2.351,8.55,0.029,1.452,4.901,0.413,0.019,9.764,7.866
Armenia,ARM,2021,2870339,35275596129,7.351,2.561,9.272,0.044,1.524,5.353,0.429,0.02,10.408,8.425
Armenia,ARM,2022,2880880,39721734780,7.699,2.672,8.725,0.044,1.521,5.555,0.579,0.021,10.645,8.778
Armenia,ARM,2023,2943398,,7.43,2.524,7.674,0.04,1.562,5.248,0.579,0.02,10.404,8.522
Armenia,ARM,2024,2973843,,7.431,2.499,,0.046,1.545,5.26,0.579,0.019,10.311,8.526
Aruba,ABW,1990,64452,,0.487,7.561,,,0.487,,0.0,0.002,0.507,0.505
Aruba,ABW,1991,66564,,0.531,7.981,,,0.531,,0.0,0.002,0.552,0.55
Aruba,ABW,1992,68889,,0.539,7.818,,,0.539,,0.0,0.002,0.56,0.558
Aruba,ABW,1993,71091,,0.649,9.123,,,0.649,,0.0,0.003,0.671,0.669
Aruba,ABW,1994,73475,,0.66,8.976,,,0.66,,0.0,0.003,0.683,0.681
Aruba,ABW,1995,75930,,0.711,9.361,,,0.711,,0.0,0.003,0.736,0.734
Aruba,ABW,1996,78497,,0.722,9.195,,,0.722,,0.0,0.003,0.745,0.743
Aruba,ABW,1997,81123,,0.758,9.349,,,0.758,,0.0,0.003,0.785,0.783
Aruba,ABW,1998,83788,,0.806,9.62,,,0.806,,0.0,0.003,0.833,0.832
Aruba,ABW,1999,86483,,0.81,9.363,,,0.81,,0.0,0.003,0.837,0.836
Aruba,ABW,2000,88772,,2.378,26.787,,,2.378,,0.0,0.009,2.457,2.456
Aruba,ABW,2001,90320,,2.407,26.652,,,2.407,,0.0,0.009,2.487,2.485
Aruba,ABW,2002,91393,,2.437,26.66,,,2.437,,0.0,0.009,2.516,2.515
Aruba,ABW,2003,92324,,2.561,27.741,,,2.561,,0.0,0.009,2.646,2.644
Aruba,ABW,2004,93223,,2.616,28.063,,,2.616,,0.0,0.009,2.708,2.706
Aruba,ABW,2005,94239,,2.715,28.81,,,2.715,,0.0,0.009,2.808,2.806
Aruba,ABW,2006,95403,,2.711,28.42,,,2.711,,0.0,0.009,2.775,2.774
Aruba,ABW,2007,96604,,2.821,29.205,,,2.821,,0.0,0.009,2.887,2.885
Aruba,ABW,2008,97815,,2.656,27.157,,,2.656,,0.0,0.008,2.718,2.716
Aruba,ABW,2009,99040,,2.627,26.526,,,2.627,,0.0,0.008,2.685,2.683
Aruba,ABW,2010,100127,,2.506,25.03,,,2.506,,0.0,0.008,2.553,2.551
Aruba,ABW,2011,100995,,2.495,24.706,,,2.495,,0.0,0.007,2.546,2.544
Aruba,ABW,2012,101774,,1.345,13.212,,,1.345,,0.0,0.004,1.376,1.374
Aruba,ABW,2013,102570,,0.861,8.395,,,0.861,,0.0,0.002,0.891,0.89
Aruba,ABW,2014,103381,,0.872,8.435,,,0.872,,0.0,0.002,0.901,0.9
Aruba,ABW,2015,104200,,0.898,8.615,,,0.898,,0.0,0.003,0.927,0.926
Aruba,ABW,2016,104989,,0.883,8.411,,,0.883,,0.0,0.002,0.913,0.912
Aruba,ABW,2017,105737,,0.89,8.42,,,0.89,,0.0,0.002,0.92,0.919
Aruba,ABW,2018,106447,,0.868,8.158,,,0.868,,0.0,0.002,0.898,0.897
Aruba,ABW,2019,107089,,0.832,7.767,,,0.832,,0.0,0.002,0.863,0.862
Aruba,ABW,2020,107411,,0.821,7.641,,,0.821,,0.0,0.002,0.851,0.849
Aruba,ABW,2021,107565,,0.861,8.005,,,0.861,,0.0,0.002,0.892,0.891
Aruba,ABW,2022,107792,,0.888,8.242,,,0.888,,0.0,0.002,0.92,0.918
Aruba,ABW,2023,107946,,0.887,8.213,,,0.887,,0.0,0.002,0.919,0.917
Aruba,ABW,2024,108076,,0.921,8.518,,,0.921,,0.0,0.002,0.953,0.951
Australia,AUS,1990,17126304,464136588000,278.061,16.236,244.681,141.877,88.851,34.455,3.463,1.223,538.479,336.927
Australia,AUS,1991,17353191,461302112920,279.437,16.103,245.426,146.083,88.251,32.786,3.183,1.204,522.525,339.829
Australia,AUS,1992,17549286,478633731062,284.433,16.208,248.066,150.049,87.923,33.97,2.923,1.263,568.962,346.607
Australia,AUS,1993,17722905,501524767329,288.78,16.294,248.777,150.096,90.392,35.67,3.005,1.269,580.666,350.855
Australia,AUS,1994,17897433,527993237904,293.613,16.405,257.946,151.376,91.928,37.032,3.484,1.278,554.084,353.411
Australia,AUS,1995,18095340,549038744439,304.962,16.853,263.701,155.735,96.148,39.847,3.358,1.297,672.727,367.805
Australia,AUS,1996,18305305,574765618472,311.851,17.036,269.737,160.388,98.723,39.781,3.244,1.287,677.191,373.935
Australia,AUS,1997,18504911,601472798853,320.243,17.306,276.163,167.683,98.41,41.09,3.185,1.314,649.422,383.488
Australia,AUS,1998,18701710,634847053105,334.038,17.861,293.762,177.614,99.17,43.506,3.475,1.375,705.618,399.444
Australia,AUS,1999,18909980,664520698611,343.876,18.185,300.473,183.231,100.839,45.564,3.52,1.384,710.665,409.15
Australia,AUS,2000,19132472,692059312020,349.898,18.288,292.057,185.797,102.678,46.61,3.621,1.372,771.373,415.179
Australia,AUS,2001,19365438,713890072308,357.668,18.469,300.771,190.082,103.202,49.326,3.541,1.392,736.087,427.062
Australia,AUS,2002,19595356,747065694937,362.425,18.495,320.942,191.147,105.481,50.589,3.488,1.38,700.182,432.796
Australia,AUS,2003,19819449,774450991263,370.784,18.708,342.504,195.386,110.951,49.912,3.584,1.341,734.551,439.491
Australia,AUS,2004,20046679,809792445090,382.005,19.056,351.711,202.225,114.086,51.455,3.555,1.335,761.87,450.416
Australia,AUS,2005,20294490,840092380696,385.082,18.975,351.773,200.715,116.654,53.322,3.664,1.301,637.517,454.835
Australia,AUS,2006,20590566,866678665246,391.373,19.007,364.113,204.401,117.407,54.849,3.888,1.279,662.826,461.756
Australia,AUS,2007,20954545,911250727265,398.896,19.036,376.286,203.559,118.853,61.006,3.972,1.266,697.449,471.604
Australia,AUS,2008,21370595,937889628737,404.279,18.918,372.478,204.688,122.482,61.744,3.863,1.261,797.295,477.421
Australia,AUS,2009,21783014,963129933389,406.977,18.683,398.726,206.066,122.362,63.087,3.829,1.291,709.313,480.727
Australia,AUS,2010,22141583,993853968687,405.026,18.293,399.244,200.635,124.506,64.246,3.549,1.216,908.156,482.162
Australia,AUS,2011,22479779,1024000293343,403.874,17.966,399.235,192.232,129.836,66.46,3.496,1.171,868.66,479.96
Australia,AUS,2012,22852648,1062662906305,405.005,17.722,413.163,189.244,132.478,67.7,3.518,1.159,796.274,482.19
Australia,AUS,2013,23236271,1086068056518,397.85,17.122,386.215,176.436,135.764,69.98,3.294,1.128,693.835,474.764
Australia,AUS,2014,23595599,1113888062929,392.61,16.639,384.508,168.219,137.132,70.907,3.138,1.107,671.159,470.104
Australia,AUS,2015,23947997,1139303344945,400.589,16.727,387.226,174.222,136.869,71.665,3.076,1.131,637.966,480.146
Australia,AUS,2016,24329963,1169967279612,409.666,16.838,389.913,179.594,136.761,74.093,2.931,1.157,677.373,489.813
Australia,AUS,2017,24731044,1197832839959,413.408,16.716,396.015,176.951,139.221,75.477,3.019,1.149,716.287,494.391
Australia,AUS,2018,25119700,1231576952488,414.781,16.512,386.381,169.336,143.397,78.346,2.942,1.129,681.078,498.203
Australia,AUS,2019,25482714,1255505542015,414.925,16.283,383.647,164.888,142.693,80.305,3.04,1.119,645.71,503.416
Australia,AUS,2020,25743787,1232259790388,398.547,15.481,374.332,156.622,134.777,83.378,2.82,1.134,637.903,480.323
Australia,AUS,2021,25956417,1296705194119,388.472,14.966,363.135,151.821,134.179,80.198,2.9,1.054,625.994,465.965
Australia,AUS,2022,26200987,1344251444393,384.078,14.659,365.08,146.0,133.833,80.249,2.818,1.023,609.02,457.782
Australia,AUS,2023,26451126,,384.316,14.529,372.151,140.982,141.61,78.682,2.733,1.009,611.479,459.374
Australia,AUS,2024,26713206,,386.732,14.477,,142.549,145.789,75.353,2.733,1.002,609.924,455.555
Austria,AUT,1990,7679627,207979127656,62.191,8.098,88.65,18.139,28.9,11.836,2.033,0.274,80.327,71.612
Austria,AUT,1991,7757140,215992683383,65.79,8.481,90.431,18.7,31.407,12.502,2.005,0.284,83.555,75.269
Austria,AUT,1992,7842715,221400873854,60.291,7.688,93.85,14.385,30.152,12.518,2.105,0.268,76.393,69.396
Austria,AUT,1993,7907492,223462931302,60.711,7.678,88.795,13.275,31.266,13.023,2.032,0.267,76.445,69.749
Austria,AUT,1994,7938157,229749328956,61.08,7.694,88.276,13.459,30.716,13.658,2.102,0.266,76.175,69.658
Austria,AUT,1995,7950322,236824462430,64.063,8.058,92.139,15.425,30.854,14.901,1.631,0.272,78.663,72.495
Austria,AUT,1996,7960917,243480734505,67.41,8.468,95.799,15.069,33.776,15.797,1.634,0.278,82.337,75.676
Austria,AUT,1997,7969804,249847313444,67.305,8.445,93.389,16.157,32.849,15.301,1.761,0.276,82.247,75.251
Austria,AUT,1998,7978465,259776337669,66.937,8.39,96.695,13.707,34.654,15.717,1.599,0.276,82.601,74.769
Austria,AUT,1999,7993894,270186173474,65.668,8.215,94.289,13.876,32.805,16.102,1.607,0.264,80.513,73.391
Austria,AUT,2000,8012929,280410163017,66.204,8.262,93.497,15.751,32.179,15.264,1.712,0.26,79.593,73.775
Austria,AUT,2001,8042233,285335695766,70.191,8.728,97.954,16.562,34.424,16.156,1.72,0.273,83.539,77.753
Austria,AUT,2002,8081640,291231427735,71.988,8.908,96.331,16.736,36.067,16.069,1.736,0.274,85.26,79.6
Austria,AUT,2003,8122604,294489280951,77.412,9.53,99.945,17.941,39.089,17.267,1.754,0.28,92.458,85.845
Austria,AUT,2004,8173496,303692479841,77.716,9.508,103.475,17.766,39.122,17.662,1.79,0.272,91.037,84.496
Austria,AUT,2005,8229204,311441138652,79.095,9.612,105.116,17.862,39.395,18.701,1.797,0.267,92.129,85.729
Austria,AUT,2006,8269901,323236897651,76.796,9.286,104.402,17.866,38.117,17.498,1.954,0.251,90.179,83.33
Austria,AUT,2007,8296948,336303973991,74.092,8.93,102.423,17.456,36.602,16.496,2.131,0.235,87.998,80.325
Austria,AUT,2008,8323250,342892519161,73.466,8.827,100.1,17.028,35.457,17.436,2.133,0.229,88.091,79.513
Austria,AUT,2009,8345073,331119036991,67.302,8.065,91.216,12.83,34.408,17.036,1.799,0.214,80.774,73.177
Austria,AUT,2010,8365087,338832243101,72.0,8.607,95.156,15.497,34.785,18.778,1.622,0.216,85.611,77.968
Austria,AUT,2011,8393272,349713455451,69.892,8.327,97.393,15.818,33.269,17.73,1.666,0.203,83.299,75.624
Austria,AUT,2012,8431599,352093108730,67.26,7.977,92.127,14.686,32.627,16.945,1.673,0.192,80.307,72.861
Austria,AUT,2013,8481411,352182904722,67.759,7.989,91.17,14.959,33.45,16.332,1.656,0.192,81.276,73.505
Austria,AUT,2014,8547812,354511819035,64.159,7.506,91.984,13.801,32.413,14.947,1.639,0.181,76.998,69.733
Austria,AUT,2015,8644037,358108266932,66.358,7.677,87.15,14.371,32.995,15.966,1.701,0.187,78.641,71.529
Austria,AUT,2016,8737920,365232738553,67.219,7.693,88.735,13.334,34.108,16.737,1.729,0.19,79.291,72.447
Austria,AUT,2017,8798779,373481694490,69.601,7.91,88.615,14.023,34.546,17.975,1.71,0.193,82.007,75.049
Austria,AUT,2018,8841653,382540042762,66.567,7.529,88.48,12.294,34.087,17.019,1.827,0.181,79.038,72.071
Austria,AUT,2019,8880876,388344674039,67.951,7.651,86.611,13.005,34.088,17.791,1.771,0.183,80.427,73.495
Austria,AUT,2020,8921402,363281092036,62.18,6.97,78.804,11.371,30.779,16.959,1.821,0.177,74.417,67.613
Austria,AUT,2021,8967053,379835198584,65.751,7.333,85.499,12.408,32.17,17.923,1.889,0.178,78.633,71.416
Austria,AUT,2022,9064678,398815419150,61.454,6.78,83.156,11.663,30.702,15.968,1.832,0.164,74.005,66.934
Austria,AUT,2023,9130434,,56.909,6.233,76.469,11.146,29.376,13.634,1.543,0.149,69.192,62.415
Austria,AUT,2024,9120815,,56.368,6.18,,11.154,28.888,13.573,1.543,0.146,68.248,61.884
Azerbaijan,AZE,1990,7231084,53235601363,51.345,7.101,29.78,0.343,22.493,27.841,0.478,0.226,62.289,56.084
Azerbaijan,AZE,1991,7314317,53426621017,50.074,6.846,23.377,0.251,22.543,26.636,0.467,0.216,60.814,54.531
Azerbaijan,AZE,1992,7405781,41795295334,56.174,7.585,15.982,0.066,31.225,22.6,0.379,0.249,66.244,60.355
Azerbaijan,AZE,1993,7504119,32486438953,48.406,6.451,25.59,0.011,30.818,17.283,0.294,0.213,58.065,52.265
Azerbaijan,AZE,1994,7608894,26372096369,41.945,5.513,20.457,0.004,25.032,16.671,0.237,0.183,51.583,45.579
Azerbaijan,AZE,1995,7719283,23188276303,33.309,4.315,23.751,0.015,19.885,13.308,0.103,0.142,43.128,36.828
Azerbaijan,AZE,1996,7830981,24026379639,31.242,3.99,28.95,0.015,19.37,11.737,0.12,0.129,41.714,34.701
Azerbaijan,AZE,1997,7936220,26436933201,29.843,3.76,26.148,0.015,18.551,11.062,0.175,0.122,40.734,33.258
Azerbaijan,AZE,1998,8025808,28328460213,31.785,3.96,30.47,0.004,20.948,10.599,0.115,0.131,42.119,35.382
Azerbaijan,AZE,1999,8100472,31898574736,28.822,3.558,25.915,,16.777,11.688,0.104,0.116,40.155,33.055
Azerbaijan,AZE,2000,8174784,34255707098,29.765,3.641,23.922,,17.965,11.421,0.121,0.117,41.017,34.143
Azerbaijan,AZE,2001,8251776,36862177017,28.415,3.444,23.577,,11.278,16.576,0.304,0.111,39.851,32.819
Azerbaijan,AZE,2002,8326141,40295217200,28.57,3.431,25.464,,11.287,16.622,0.472,0.109,39.97,32.775
Azerbaijan,AZE,2003,8400528,44994637993,30.488,3.629,33.547,,12.697,17.054,0.539,0.11,41.913,34.81
Azerbaijan,AZE,2004,8489874,50107477354,32.253,3.799,38.019,,12.731,18.622,0.724,0.113,44.232,36.61
Azerbaijan,AZE,2005,8597248,64019175136,34.194,3.977,35.601,,14.638,18.533,0.743,0.116,47.177,39.463
Azerbaijan,AZE,2006,8711380,87026407066,34.522,3.963,37.464,,12.977,20.465,0.783,0.113,48.468,40.449
Azerbaijan,AZE,2007,8828313,109944254894,30.037,3.402,31.378,0.022,11.456,17.578,0.817,0.095,47.2,39.136
Azerbaijan,AZE,2008,8942637,123130002462,33.037,3.694,34.606,0.015,10.607,20.738,0.77,0.103,51.361,42.925
Azerbaijan,AZE,2009,9046336,136020226283,29.103,3.217,33.117,0.015,9.241,18.789,0.621,0.092,45.978,37.431
Azerbaijan,AZE,2010,9146852,144296577620,27.549,3.012,31.486,0.022,8.695,17.968,0.617,0.083,44.614,36.079
Azerbaijan,AZE,2011,9256156,145980469968,30.21,3.264,33.443,0.018,10.267,19.023,0.465,0.088,47.194,38.375
Azerbaijan,AZE,2012,9376179,149196415149,32.77,3.495,37.327,0.015,11.639,19.831,0.658,0.094,50.62,41.015
Azerbaijan,AZE,2013,9504417,157913964589,33.559,3.531,35.53,0.011,12.069,19.936,0.722,0.095,51.03,41.939
Azerbaijan,AZE,2014,9631136,162332395164,34.345,3.566,36.815,0.007,11.63,21.2,0.925,0.097,52.082,42.761
Azerbaijan,AZE,2015,9752859,164036906588,34.683,3.556,36.986,0.011,11.534,21.933,0.843,0.098,54.336,43.056
Azerbaijan,AZE,2016,9868434,159010796104,34.727,3.519,33.498,0.004,12.136,21.51,0.726,0.098,56.554,42.985
Azerbaijan,AZE,2017,9968510,159255674569,34.698,3.481,33.01,0.004,12.587,20.894,0.929,0.096,54.148,42.759
Azerbaijan,AZE,2018,10039782,161644514845,34.576,3.444,35.241,0.004,11.837,21.282,1.083,0.094,53.677,42.792
Azerbaijan,AZE,2019,10110483,165653307401,37.753,3.734,37.698,0.004,12.112,24.122,1.096,0.102,56.193,46.263
Azerbaijan,AZE,2020,10181736,158697520949,36.237,3.559,37.97,0.004,10.629,24.333,1.018,0.103,54.282,44.631
Azerbaijan,AZE,2021,10234372,167584576527,38.3,3.742,38.716,0.0,11.744,25.222,1.081,0.104,56.195,47.162
Azerbaijan,AZE,2022,10295307,175370552026,41.175,3.999,37.755,0.044,12.847,26.793,1.119,0.11,58.804,50.084
Azerbaijan,AZE,2023,10318209,,42.748,4.143,40.838,0.044,13.374,27.556,1.119,0.112,60.412,51.797
Azerbaijan,AZE,2024,10336577,,39.83,3.853,,0.044,13.169,25.126,1.119,0.103,57.342,49.053
Bahamas,BHS,1990,275954,,2.023,7.329,,0.004,2.019,,0.0,0.009,2.25,2.243
Bahamas,BHS,1991,280745,,1.997,7.113,,0.004,1.993,,0.0,0.009,2.234,2.219
Bahamas,BHS,1992,285938,,1.869,6.535,,0.004,1.865,,0.0,0.008,2.102,2.09
Bahamas,BHS,1993,291350,,1.744,5.986,,0.004,1.74,,0.0,0.008,1.979,1.97
Bahamas,BHS,1994,296519,,1.77,5.968,,0.004,1.766,,0.0,0.008,2.017,2.002
Bahamas,BHS,1995,301471,,1.839,6.101,,0.004,1.836,,0.0,0.008,2.125,2.08
Bahamas,BHS,1996,306281,,1.814,5.922,,0.004,1.81,,0.0,0.007,2.112,2.063
Bahamas,BHS,1997,310914,,1.608,5.173,,0.004,1.605,,0.0,0.007,1.912,1.863
Bahamas,BHS,1998,315376,,1.99,6.309,,0.004,1.986,,0.0,0.008,2.288,2.255
Bahamas,BHS,1999,319623,,2.034,6.362,,0.004,2.03,,0.0,0.008,2.378,2.302
Bahamas,BHS,2000,323846,,2.026,6.257,,0.004,2.023,,0.0,0.008,2.312,2.289
Bahamas,BHS,2001,327847,,1.946,5.934,,0.004,1.942,,0.0,0.008,2.223,2.214
Bahamas,BHS,2002,331625,,2.034,6.132,,0.004,2.03,,0.0,0.008,2.313,2.309
Bahamas,BHS,2003,335625,,2.07,6.168,,0.007,2.063,,0.0,0.007,2.337,2.343
Bahamas,BHS,2004,339794,,2.048,6.028,,0.007,2.041,,0.0,0.007,2.345,2.33
Bahamas,BHS,2005,343905,,1.905,5.54,,0.007,1.898,,0.0,0.006,2.199,2.191
Bahamas,BHS,2006,348386,,1.854,5.322,,0.007,1.847,,0.0,0.006,2.151,2.149
Bahamas,BHS,2007,353343,,1.872,5.299,,0.004,1.869,,0.0,0.006,2.2,2.178
Bahamas,BHS,2008,358133,,1.92,5.361,,0.004,1.916,,0.0,0.006,2.267,2.237
Bahamas,BHS,2009,362806,,2.154,5.938,,0.004,2.151,,0.0,0.007,2.551,2.461
Bahamas,BHS,2010,367482,,2.231,6.072,,0.004,2.228,,0.0,0.007,2.649,2.543
Bahamas,BHS,2011,371738,,2.11,5.677,,0.004,2.107,,0.0,0.006,2.501,2.429
Bahamas,BHS,2012,375474,,2.048,5.455,,0.004,2.045,,0.0,0.006,2.413,2.371
Bahamas,BHS,2013,378957,,1.993,5.26,,0.004,1.99,,0.0,0.006,2.373,2.325
Bahamas,BHS,2014,382312,,2.063,5.396,,0.004,2.059,,0.0,0.006,2.423,2.396
Bahamas,BHS,2015,385355,,2.231,5.79,,0.004,2.228,,0.0,0.006,2.595,2.568
Bahamas,BHS,2016,388060,,2.246,5.788,,0.004,2.242,,0.0,0.006,2.622,2.588
Bahamas,BHS,2017,390496,,2.521,6.455,,0.004,2.517,,0.0,0.007,2.915,2.872
Bahamas,BHS,2018,392718,,2.455,6.251,,0.004,2.451,,0.0,0.007,2.837,2.808
Bahamas,BHS,2019,394684,,2.521,6.387,,0.004,2.517,,0.0,0.007,2.907,2.882
Bahamas,BHS,2020,395874,,2.052,5.183,,0.004,2.048,,0.0,0.006,2.444,2.41
Bahamas,BHS,2021,396381,,2.726,6.877,,0.004,2.722,,0.0,0.007,3.11,3.089
Bahamas,BHS,2022,397542,,2.962,7.451,,0.004,2.958,,0.0,0.008,3.348,3.327
Bahamas,BHS,2023,399452,,2.956,7.4,,0.004,2.952,,0.0,0.008,3.35,3.327
Bahamas,BHS,2024,401282,,3.07,7.65,,0.004,3.066,,0.0,0.008,3.458,3.442
Bahrain,BHR,1990,514799,3274114078,11.494,22.327,9.071,,1.041,10.453,0.0,0.051,25.561,25.523
Bahrain,BHR,1991,531883,3651056951,11.329,21.3,9.57,,1.392,9.937,0.0,0.049,27.982,27.946
Bahrain,BHR,1992,547753,4256667780,10.402,18.99,9.031,,0.462,9.94,0.0,0.046,29.082,29.046
Bahrain,BHR,1993,562820,4978466441,16.748,29.758,13.237,,4.239,12.509,0.0,0.074,36.176,36.141
Bahrain,BHR,1994,577960,5580193474,14.352,24.832,11.813,,2.099,12.252,0.0,0.062,33.445,33.411
Bahrain,BHR,1995,593230,6161508997,14.744,24.854,12.023,,1.7,13.044,0.0,0.063,33.869,33.837
Bahrain,BHR,1996,608593,6872042752,15.942,26.195,12.514,,2.488,13.454,0.0,0.066,35.813,35.779
Bahrain,BHR,1997,624019,7574288621,17.221,27.597,13.919,,2.727,14.494,0.0,0.071,34.012,33.978
Bahrain,BHR,1998,639391,8524455571,18.276,28.583,15.975,,3.001,15.275,0.0,0.075,35.547,35.509
Bahrain,BHR,1999,654622,9667911784,18.254,27.885,8.99,,2.426,15.828,0.0,0.073,37.48,37.444
Bahrain,BHR,2000,669589,11032289188,19.199,28.673,9.055,,3.056,16.144,0.0,0.075,38.444,38.41
Bahrain,BHR,2001,699964,12074987722,19.679,28.115,9.348,,3.393,16.286,0.0,0.077,39.291,39.258
Bahrain,BHR,2002,752205,13787453002,20.112,26.737,10.267,,3.261,16.851,0.0,0.077,38.355,38.302
Bahrain,BHR,2003,811276,16535287306,20.976,25.856,12.107,,3.745,17.232,0.0,0.076,38.121,38.073
Bahrain,BHR,2004,871446,19633464819,21.204,24.331,11.037,,4.247,16.957,0.0,0.074,38.179,38.134
Bahrain,BHR,2005,932618,22873324996,24.487,26.256,12.228,,5.371,19.115,0.0,0.083,41.369,41.324
Bahrain,BHR,2006,994626,26149797771,24.036,24.166,11.495,,3.734,20.302,0.0,0.079,40.362,40.316
Bahrain,BHR,2007,1057419,30119518073,26.626,25.18,14.412,,5.76,20.866,0.0,0.085,43.498,43.457
Bahrain,BHR,2008,1120718,33548850204,29.525,26.344,16.807,,6.555,22.97,0.0,0.092,48.241,48.197
Bahrain,BHR,2009,1183616,35937223742,28.138,23.773,21.087,,3.671,24.175,0.291,0.089,47.484,47.446
Bahrain,BHR,2010,1213248,39778047298,29.143,24.02,22.745,,4.114,24.531,0.497,0.087,47.669,47.619
Bahrain,BHR,2011,1206733,43727144774,28.544,23.654,17.6,,3.723,24.285,0.537,0.083,47.249,47.203
Bahrain,BHR,2012,1216307,45357290589,27.202,22.365,18.692,,2.158,24.392,0.553,0.078,48.464,48.417
Bahrain,BHR,2013,1257206,47813841200,31.228,24.839,19.327,,4.367,26.179,0.523,0.089,55.125,55.077
Bahrain,BHR,2014,1312857,49894227022,30.971,23.59,20.403,,2.012,28.352,0.525,0.087,55.479,55.431
Bahrain,BHR,2015,1369656,51134096686,32.521,23.744,23.811,,3.778,28.242,0.424,0.092,56.917,56.869
Bahrain,BHR,2016,1429609,52953446666,31.635,22.129,19.909,,3.712,27.172,0.561,0.089,56.183,56.144
Bahrain,BHR,2017,1482003,55226208950,32.917,22.211,21.388,,4.078,27.989,0.602,0.091,56.888,56.849
Bahrain,BHR,2018,1497634,56391482183,32.698,21.833,22.103,,3.678,28.404,0.474,0.089,56.503,56.459
Bahrain,BHR,2019,1485675,57613480945,37.616,25.319,23.857,,3.748,33.276,0.271,0.101,62.152,62.106
Bahrain,BHR,2020,1483081,54937336615,37.429,25.238,23.993,,3.609,33.13,0.246,0.106,61.999,61.957
Bahrain,BHR,2021,1501762,56404169544,36.265,24.148,20.275,,3.257,32.467,0.286,0.098,60.473,60.43
Bahrain,BHR,2022,1533460,58769760175,37.827,24.668,18.826,,4.656,32.671,0.323,0.101,62.006,61.962
Bahrain,BHR,2023,1569674,,38.787,24.71,22.064,,4.709,33.575,0.323,0.102,62.925,62.879
Bahrain,BHR,2024,1607059,,39.003,24.27,,,4.734,33.824,0.323,0.101,62.974,62.929
Bangladesh,BGD,1990,111633722,112105268328,14.082,0.126,14.286,1.07,5.337,7.575,0.1,0.062,99.32,26.832
Bangladesh,BGD,1991,113787112,117331560870,14.753,0.13,14.756,0.341,5.276,9.057,0.079,0.064,92.448,27.672
Bangladesh,BGD,1992,115952198,123425133934,15.391,0.133,15.888,0.322,5.386,9.607,0.075,0.068,94.167,28.762
Bangladesh,BGD,1993,118132363,129907345176,16.074,0.136,15.965,0.121,5.491,10.389,0.073,0.071,98.193,29.672
Bangladesh,BGD,1994,120343183,137432659561,17.553,0.146,17.183,0.099,5.91,11.472,0.072,0.076,101.16,31.508
Bangladesh,BGD,1995,122600372,145833067614,21.056,0.172,19.727,1.22,6.738,13.029,0.069,0.09,108.342,35.361
Bangladesh,BGD,1996,124862185,155028875281,21.507,0.172,19.524,0.678,7.178,13.498,0.154,0.089,115.692,35.862
Bangladesh,BGD,1997,127198070,165329622112,23.144,0.182,21.071,1.227,8.424,13.264,0.229,0.095,120.1,37.79
Bangladesh,BGD,1998,129622332,175900627375,23.216,0.179,20.629,0.352,8.271,14.325,0.269,0.096,119.708,38.166
Bangladesh,BGD,1999,132108065,187794887949,25.093,0.19,30.943,0.176,8.871,15.616,0.431,0.101,122.629,40.453
Bangladesh,BGD,2000,134544303,200824294390,26.539,0.197,25.571,1.253,7.702,16.88,0.704,0.104,124.543,42.233
Bangladesh,BGD,2001,136805810,213164797419,31.064,0.227,29.514,1.33,9.896,18.903,0.935,0.121,128.719,47.284
Bangladesh,BGD,2002,138933659,226285297151,32.007,0.23,30.698,1.33,9.906,19.886,0.885,0.122,130.745,48.639
Bangladesh,BGD,2003,140970355,242325893842,33.496,0.238,35.245,1.37,9.9,21.39,0.835,0.121,132.481,50.638
Bangladesh,BGD,2004,142902857,260372737862,35.978,0.252,37.793,1.451,10.651,23.091,0.785,0.126,134.663,53.6
Bangladesh,BGD,2005,144715789,280264340330,37.717,0.261,39.658,1.605,10.637,24.725,0.751,0.127,137.185,55.81
Bangladesh,BGD,2006,146405983,303255436424,41.726,0.285,41.838,1.81,10.959,28.257,0.7,0.136,143.213,60.371
Bangladesh,BGD,2007,147989282,327072515722,42.675,0.288,42.557,2.209,10.204,29.579,0.682,0.135,147.178,61.784
Bangladesh,BGD,2008,149474264,349461394439,45.341,0.303,44.788,2.469,9.951,32.222,0.699,0.141,155.325,65.208
Bangladesh,BGD,2009,150873716,372693237092,49.188,0.326,49.929,3.015,10.032,35.442,0.699,0.156,158.02,69.575
Bangladesh,BGD,2010,152201978,400087800634,54.036,0.355,53.897,3.074,10.885,39.397,0.68,0.162,164.582,74.929
Bangladesh,BGD,2011,153591074,431418704062,55.593,0.362,54.198,2.836,13.865,38.197,0.695,0.161,167.877,76.943
Bangladesh,BGD,2012,155070110,458456647637,59.704,0.385,59.447,3.422,15.576,40.015,0.675,0.171,172.465,81.558
Bangladesh,BGD,2013,156532134,486135250102,64.763,0.414,64.1,3.748,16.312,43.942,0.743,0.184,176.806,87.055
Bangladesh,BGD,2014,157964931,516793803718,67.552,0.428,106.771,3.51,18.287,44.972,0.752,0.19,180.45,90.322
Bangladesh,BGD,2015,159383179,552104723056,76.946,0.483,76.827,8.607,18.727,48.493,1.062,0.217,193.624,100.147
Bangladesh,BGD,2016,160811934,589932630231,81.761,0.508,126.584,6.071,21.644,52.903,1.116,0.231,195.213,105.709
Bangladesh,BGD,2017,162186146,630957812405,86.531,0.534,133.965,7.152,25.478,52.683,1.206,0.241,204.847,110.948
Bangladesh,BGD,2018,163523109,678912369102,86.608,0.53,139.286,8.182,24.359,52.654,1.394,0.236,208.473,111.304
Bangladesh,BGD,2019,164913060,717214595514,94.808,0.575,148.596,8.68,25.187,59.417,1.496,0.256,217.989,119.659
Bangladesh,BGD,2020,166298024,754358367084,95.729,0.576,148.633,10.549,23.636,60.126,1.39,0.272,219.778,121.616
Bangladesh,BGD,2021,167658855,807308397444,98.53,0.588,157.91,14.216,22.596,60.156,1.514,0.267,223.934,124.996
Bangladesh,BGD,2022,169384891,858143907016,102.147,0.603,166.172,16.149,25.759,58.784,1.416,0.272,228.957,129.448
Bangladesh,BGD,2023,171466986,,104.527,0.61,167.859,23.837,21.608,57.634,1.416,0.274,234.719,132.205
Bangladesh,BGD,2024,173562366,,108.318,0.624,,26.008,24.879,55.992,1.416,0.281,241.064,136.875
Barbados,BRB,1990,258583,3404428000,1.037,4.011,,,0.883,0.051,0.099,0.005,1.292,1.197
Barbados,BRB,1991,259382,3234507041,1.184,4.563,,,1.037,0.044,0.099,0.005,1.45,1.341
Barbados,BRB,1992,260272,3028225649,1.164,4.473,,,1.037,0.037,0.087,0.005,1.435,1.326
Barbados,BRB,1993,261036,3017396976,0.936,3.584,,,0.864,0.037,0.031,0.004,1.197,1.093
Barbados,BRB,1994,261625,3045284405,0.94,3.593,,,0.861,0.037,0.039,0.004,1.202,1.098
Barbados,BRB,1995,262046,3074994312,1.023,3.903,,,0.949,0.033,0.037,0.004,1.289,1.181
Barbados,BRB,1996,262290,3163661977,1.05,4.002,,,0.964,0.029,0.053,0.004,1.321,1.211
Barbados,BRB,1997,262405,3273617373,1.156,4.404,,,1.03,0.037,0.086,0.005,1.425,1.32
Barbados,BRB,1998,262434,3356270425,1.228,4.678,,,1.063,0.033,0.128,0.005,1.488,1.399
Barbados,BRB,1999,262521,3340959870,1.302,4.958,,,1.129,0.044,0.126,0.005,1.563,1.478
Barbados,BRB,2000,262071,3452406154,1.309,4.995,,,1.136,0.037,0.133,0.005,1.588,1.497
Barbados,BRB,2001,262429,3330849682,1.307,4.982,,,1.15,0.029,0.124,0.005,1.557,1.487
Barbados,BRB,2002,264155,3319030722,1.317,4.985,,,1.136,0.029,0.148,0.005,1.553,1.488
Barbados,BRB,2003,265789,3362359775,1.358,5.111,,,1.172,0.029,0.153,0.005,1.582,1.531
Barbados,BRB,2004,267297,3369967163,1.387,5.188,,,1.202,0.029,0.152,0.005,1.636,1.562
Barbados,BRB,2005,268717,3466246054,1.429,5.318,,,1.242,0.029,0.154,0.005,1.665,1.606
Barbados,BRB,2006,270011,3622055423,1.471,5.448,,,1.279,0.037,0.152,0.005,1.688,1.639
Barbados,BRB,2007,271298,3642717925,1.469,5.415,,,1.282,0.037,0.15,0.005,1.673,1.634
Barbados,BRB,2008,272719,3618468400,1.733,6.356,,,1.554,0.033,0.143,0.005,2.007,1.915
Barbados,BRB,2009,274137,3446882402,1.7,6.2,,,1.55,0.033,0.113,0.005,1.919,1.864
Barbados,BRB,2010,275251,3418936167,1.567,5.692,,,1.433,0.029,0.101,0.005,1.771,1.727
Barbados,BRB,2011,276150,3406690000,1.626,5.889,,,1.491,0.033,0.098,0.005,1.823,1.787
Barbados,BRB,2012,276949,3415680000,1.554,5.612,,,1.436,0.037,0.078,0.004,1.738,1.709
Barbados,BRB,2013,277669,3412801000,1.54,5.546,,,1.422,0.044,0.071,0.004,1.714,1.692
Barbados,BRB,2014,278355,3416200000,1.368,4.913,,,1.253,0.04,0.071,0.004,1.53,1.521
Barbados,BRB,2015,278999,3448059000,1.335,4.784,,,1.224,0.037,0.071,0.004,1.479,1.487
Barbados,BRB,2016,279604,3528285767,1.371,4.905,,,1.261,0.037,0.071,0.004,1.536,1.524
Barbados,BRB,2017,280177,3554020089,1.399,4.994,,,1.253,0.037,0.106,0.004,1.573,1.552
Barbados,BRB,2018,280719,3526291932,1.447,5.154,,,1.29,0.048,0.106,0.004,1.619,1.601
Barbados,BRB,2019,281216,3535586950,1.392,4.95,,,1.238,0.044,0.106,0.004,1.551,1.547
Barbados,BRB,2020,281706,3085224475,1.256,4.457,,,1.143,0.029,0.079,0.004,1.425,1.406
Barbados,BRB,2021,282157,3061072053,1.19,4.218,,,1.059,0.026,0.106,0.003,1.359,1.339
Barbados,BRB,2022,282324,3408005977,1.315,4.658,,,1.18,0.029,0.106,0.004,1.489,1.463
Barbados,BRB,2023,282347,,1.317,4.664,,,1.177,0.034,0.106,0.003,1.494,1.465
Barbados,BRB,2024,282476,,1.365,4.833,,,1.223,0.037,0.106,0.004,1.543,1.511
Belarus,BLR,1990,10186258,116974867000,108.459,10.648,65.456,10.192,66.944,26.589,0.985,0.477,163.561,116.51
Belarus,BLR,1991,10193889,114005544177,104.186,10.22,69.078,9.872,64.549,25.384,0.947,0.449,153.633,112.217
Belarus,BLR,1992,10217561,101880793628,93.597,9.16,47.015,8.734,47.716,33.09,0.908,0.416,139.362,101.13
Belarus,BLR,1993,10241320,93050209032,80.674,7.877,40.633,7.663,39.451,30.05,0.854,0.355,127.953,87.884
Belarus,BLR,1994,10230193,81212667307,67.99,6.646,32.492,6.312,32.582,26.765,0.63,0.296,116.978,74.755
Belarus,BLR,1995,10197466,71373341741,61.015,5.983,36.147,5.889,28.607,24.34,0.563,0.259,105.917,67.775
Belarus,BLR,1996,10164025,72504136402,61.844,6.085,50.431,5.843,27.511,26.23,0.637,0.255,105.31,68.845
Belarus,BLR,1997,10122365,79868071251,61.697,6.095,48.021,5.03,23.729,30.213,0.825,0.253,104.743,68.66
Belarus,BLR,1998,10080579,85602469015,60.184,5.97,49.902,4.777,23.02,29.595,0.914,0.248,104.325,67.2
Belarus,BLR,1999,10039221,87455010171,58.076,5.785,50.001,4.112,20.823,30.693,0.885,0.234,102.469,65.218
Belarus,BLR,2000,9991310,91419114455,55.014,5.506,41.122,4.198,17.209,31.337,0.862,0.216,88.358,62.298
Belarus,BLR,2001,9938068,94624119098,54.105,5.444,37.945,3.735,16.439,31.648,0.822,0.211,87.376,61.417
Belarus,BLR,2002,9873451,98263269227,53.944,5.464,37.969,3.227,16.129,31.999,0.982,0.205,86.952,61.353
Belarus,BLR,2003,9803175,103937865617,55.236,5.635,42.368,3.142,15.545,33.6,1.164,0.2,88.974,62.859
Belarus,BLR,2004,9735089,114486408721,58.373,5.996,43.748,2.97,15.873,36.354,1.301,0.204,94.18,66.642
Belarus,BLR,2005,9667833,123858071551,59.396,6.144,44.823,2.963,15.957,36.976,1.466,0.201,95.442,67.022
Belarus,BLR,2006,9608041,134673942572,61.809,6.433,47.573,2.892,17.94,37.419,1.572,0.202,97.951,69.781
Belarus,BLR,2007,9563135,144615680573,60.276,6.303,52.096,2.793,16.007,37.868,1.617,0.191,97.469,68.162
Belarus,BLR,2008,9529357,157577029170,62.931,6.604,54.829,2.628,17.911,38.635,1.808,0.196,102.151,71.851
Belarus,BLR,2009,9507334,156010272888,60.628,6.377,54.739,2.677,22.486,31.82,1.874,0.192,100.278,69.606
Belarus,BLR,2010,9490752,166239903113,62.515,6.587,60.031,2.901,16.326,39.553,1.97,0.188,102.54,71.86
Belarus,BLR,2011,9472738,173120303880,61.353,6.477,49.28,2.975,17.418,37.378,1.966,0.178,101.044,70.553
Belarus,BLR,2012,9463075,175940441074,62.592,6.614,70.848,5.004,17.088,36.817,2.189,0.179,103.409,71.837
Belarus,BLR,2013,9464454,177632980571,64.152,6.778,69.481,4.838,18.704,36.9,2.37,0.182,107.009,73.558
Belarus,BLR,2014,9472704,180627882895,63.699,6.725,66.804,4.634,18.383,36.594,2.653,0.18,105.083,73.21
Belarus,BLR,2015,9487289,173709821418,58.828,6.201,63.207,4.094,17.178,33.957,2.269,0.166,100.888,68.518
Belarus,BLR,2016,9499066,169304543676,58.188,6.126,66.312,3.692,17.313,33.885,2.206,0.164,100.643,67.902
Belarus,BLR,2017,9495793,173606575679,59.444,6.26,68.807,3.882,17.345,34.769,2.227,0.165,101.855,69.208
Belarus,BLR,2018,9480031,179054352755,62.171,6.558,73.3,3.964,18.139,36.813,2.163,0.169,103.849,72.101
Belarus,BLR,2019,9435415,181643469714,62.171,6.589,72.217,4.101,17.973,36.685,2.276,0.168,102.713,72.253
Belarus,BLR,2020,9350943,180420997693,59.123,6.323,66.453,3.789,17.906,34.029,2.302,0.168,99.446,69.341
Belarus,BLR,2021,9251368,184521985376,60.861,6.579,70.298,3.883,17.728,35.938,2.239,0.165,100.735,71.211
Belarus,BLR,2022,9173240,175773799265,57.121,6.227,68.328,3.812,16.216,33.846,2.279,0.152,96.007,67.391
Belarus,BLR,2023,9115679,,55.736,6.114,62.548,3.462,18.351,30.622,2.34,0.146,94.937,66.049
Belarus,BLR,2024,9056696,,55.818,6.163,,3.427,18.468,30.622,2.34,0.145,94.578,66.219
Belgium,BEL,1990,9960968,273278713941,120.335,12.081,120.335,41.394,53.249,19.826,2.824,0.529,145.061,133.164
Belgium,BEL,1991,9998962,278686606016,123.396,12.341,123.396,40.122,55.934,21.596,2.88,0.532,151.392,136.087
Belgium,BEL,1992,10045988,283358354426,122.519,12.196,122.519,38.118,56.361,22.177,3.089,0.544,148.715,134.684
Belgium,BEL,1993,10084932,281005275818,121.451,12.043,121.451,36.562,55.846,23.189,3.082,0.534,149.78,133.547
Belgium,BEL,1994,10116005,290433135887,124.833,12.34,124.833,38.013,57.234,23.677,3.179,0.543,151.38,137.655
Belgium,BEL,1995,10137264,297763645458,125.969,12.426,125.969,36.955,56.621,26.284,3.255,0.536,152.291,139.003
Belgium,BEL,1996,10156972,302924438524,129.503,12.75,129.503,34.203,60.415,29.192,3.009,0.534,156.472,142.721
Belgium,BEL,1997,10181465,314576090803,124.017,12.181,124.017,31.916,58.48,27.721,3.162,0.509,150.051,136.983
Belgium,BEL,1998,10203185,321240211745,130.256,12.766,130.256,33.214,60.233,30.851,3.175,0.536,156.548,143.759
Belgium,BEL,1999,10226681,333121577520,124.719,12.195,181.19,28.931,56.9,32.957,3.113,0.502,152.434,138.059
Belgium,BEL,2000,10251719,345706865981,126.776,12.366,195.342,31.672,55.595,33.187,3.27,0.497,152.466,139.769
Belgium,BEL,2001,10287005,349015220419,126.085,12.257,195.155,28.29,58.888,32.914,2.957,0.491,150.412,138.524
Belgium,BEL,2002,10332975,355705534550,126.883,12.279,200.823,28.637,58.705,33.235,2.993,0.483,151.02,139.324
Belgium,BEL,2003,10376262,358937085300,128.292,12.364,202.268,27.766,59.396,34.973,2.933,0.464,151.658,139.663
Belgium,BEL,2004,10421298,372499172102,128.812,12.36,217.777,28.252,59.311,34.963,2.837,0.45,153.557,140.423
Belgium,BEL,2005,10478883,380840056202,125.658,11.992,213.454,26.196,57.578,35.624,2.934,0.425,148.796,137.265
Belgium,BEL,2006,10548445,390874955040,123.9,11.746,219.707,25.337,56.542,35.371,3.112,0.405,146.462,135.412
Belgium,BEL,2007,10625488,404721960651,120.493,11.34,227.072,23.158,55.086,35.621,3.087,0.383,143.205,132.295
Belgium,BEL,2008,10709711,408290544814,120.204,11.224,232.087,23.259,54.708,35.671,3.033,0.375,142.555,132.029
Belgium,BEL,2009,10812936,399489943721,107.807,9.97,192.485,15.162,50.706,36.468,2.795,0.342,129.971,119.053
Belgium,BEL,2010,10936619,411261674695,114.563,10.475,207.063,17.526,51.153,40.339,2.582,0.344,137.439,126.754
Belgium,BEL,2011,11038624,420934235947,105.159,9.526,213.914,16.689,48.22,34.572,2.762,0.305,127.768,117.314
Belgium,BEL,2012,11107522,424045845634,102.486,9.227,196.562,15.078,47.133,34.911,2.643,0.293,125.317,114.296
Belgium,BEL,2013,11160277,425993254852,102.816,9.213,206.762,15.269,47.229,35.272,2.541,0.291,125.772,114.884
Belgium,BEL,2014,11210113,432717694183,97.081,8.66,207.079,14.725,46.313,30.995,2.643,0.274,120.213,108.856
Belgium,BEL,2015,11275332,441551470878,101.327,8.987,201.643,14.381,48.237,33.812,2.348,0.286,125.064,113.054
Belgium,BEL,2016,11332707,447144517813,99.816,8.808,207.369,13.476,47.124,34.369,2.436,0.282,122.915,111.593
Belgium,BEL,2017,11376583,454386396677,99.282,8.727,203.031,13.247,46.258,35.03,2.291,0.276,122.465,111.005
Belgium,BEL,2018,11428608,462533269863,100.256,8.772,211.914,13.297,45.875,36.104,2.534,0.273,123.423,112.012
Belgium,BEL,2019,11490623,472897988852,99.799,8.685,204.481,13.156,45.341,36.224,2.819,0.269,123.012,111.473
Belgium,BEL,2020,11540102,447544069854,91.255,7.908,182.339,10.466,40.098,36.073,2.634,0.26,114.199,102.894
Belgium,BEL,2021,11570843,474995824355,94.928,8.204,201.822,11.762,42.152,36.281,2.66,0.257,118.134,106.955
Belgium,BEL,2022,11641814,489678394377,88.915,7.638,207.098,11.903,41.466,31.174,2.456,0.237,111.423,100.224
Belgium,BEL,2023,11712891,,84.703,7.232,196.605,10.431,41.188,29.155,2.181,0.222,107.044,95.673
Belgium,BEL,2024,11738761,,85.456,7.28,,11.492,41.96,28.075,2.181,0.221,107.948,96.458
Belize,BLZ,1990,183090,,0.311,1.701,,,0.311,,0.0,0.001,8.106,0.475
Belize,BLZ,1991,187056,,0.407,2.174,,,0.407,,0.0,0.002,10.157,0.58
Belize,BLZ,1992,190995,,0.355,1.861,,,0.355,,0.0,0.002,11.117,0.527
Belize,BLZ,1993,194916,,0.377,1.936,,,0.377,,0.0,0.002,9.264,0.554
Belize,BLZ,1994,199101,,0.374,1.877,,,0.374,,0.0,0.002,7.16,0.555
Belize,BLZ,1995,204165,,0.377,1.848,,,0.377,,0.0,0.002,6.582,0.562
Belize,BLZ,1996,210321,,0.308,1.463,,,0.308,,0.0,0.001,5.806,0.49
Belize,BLZ,1997,217459,,0.388,1.786,,,0.388,,0.0,0.002,6.262,0.581
Belize,BLZ,1998,225186,,0.37,1.643,,,0.37,,0.0,0.002,6.696,0.574
Belize,BLZ,1999,233066,,0.348,1.493,,,0.348,,0.0,0.001,6.361,0.552
Belize,BLZ,2000,240809,,0.396,1.643,,,0.396,,0.0,0.002,6.232,0.605
Belize,BLZ,2001,248393,,0.447,1.8,,,0.447,,0.0,0.002,7.11,0.66
Belize,BLZ,2002,256019,,0.432,1.689,,,0.432,,0.0,0.002,7.283,0.654
Belize,BLZ,2003,263794,,0.432,1.639,,,0.432,,0.0,0.002,6.071,0.673
Belize,BLZ,2004,271695,,0.392,1.443,,,0.392,,0.0,0.001,5.03,0.621
Belize,BLZ,2005,279747,,0.418,1.493,,,0.418,,0.0,0.001,4.703,0.656
Belize,BLZ,2006,287889,,0.443,1.54,,,0.443,,0.0,0.001,5.397,0.73
Belize,BLZ,2007,296117,,0.473,1.596,,,0.473,,0.0,0.002,5.407,0.78
Belize,BLZ,2008,304373,,0.432,1.42,,,0.432,,0.0,0.001,5.477,0.742
Belize,BLZ,2009,312619,,0.513,1.641,,,0.513,,0.0,0.002,6.829,0.822
Belize,BLZ,2010,320256,,0.539,1.682,,,0.528,0.011,0.0,0.002,6.903,0.847
Belize,BLZ,2011,327306,,0.572,1.746,,,0.561,0.011,0.0,0.002,6.88,0.927
Belize,BLZ,2012,334421,,0.473,1.413,,,0.465,0.007,0.0,0.001,6.192,0.781
Belize,BLZ,2013,341635,,0.473,1.384,,,0.469,0.004,0.0,0.001,6.302,0.777
Belize,BLZ,2014,348934,,0.502,1.439,,,0.498,0.004,0.0,0.001,8.599,0.801
Belize,BLZ,2015,356341,,0.685,1.923,,,0.682,0.004,0.0,0.002,10.475,0.992
Belize,BLZ,2016,364717,,0.674,1.848,,,0.671,0.004,0.0,0.002,8.294,0.986
Belize,BLZ,2017,373215,,0.667,1.787,,,0.663,0.004,0.0,0.002,7.909,0.988
Belize,BLZ,2018,380232,,0.66,1.735,,,0.656,0.004,0.0,0.002,7.179,0.979
Belize,BLZ,2019,385833,,0.769,1.994,,,0.769,0.0,0.0,0.002,9.129,1.1
Belize,BLZ,2020,390819,,0.654,1.672,,,0.652,0.0,0.0,0.002,8.274,0.984
Belize,BLZ,2021,395355,,0.694,1.754,,,0.689,,0.0,0.002,7.547,1.027
Belize,BLZ,2022,402741,,0.724,1.797,,,0.718,,0.0,0.002,6.78,1.062
Belize,BLZ,2023,411112,,0.766,1.864,,,0.761,,0.0,0.002,8.471,1.118
Belize,BLZ,2024,417077,,0.796,1.909,,,0.791,,0.0,0.002,7.948,1.148
Benin,BEN,1990,5281482,8723574620,0.579,0.11,1.054,,0.506,,0.074,0.003,11.498,2.264
Benin,BEN,1991,5446935,9020546630,0.62,0.114,1.105,,0.546,,0.074,0.003,12.934,2.352
Benin,BEN,1992,5617847,9209668142,0.671,0.119,1.148,,0.597,,0.074,0.003,14.445,2.439
Benin,BEN,1993,5872707,9663859223,0.807,0.137,1.271,,0.729,,0.078,0.004,17.641,2.585
Benin,BEN,1994,6096510,9706566478,0.912,0.15,1.463,,0.846,,0.065,0.004,24.157,2.774
Benin,BEN,1995,6226775,10500460878,0.956,0.154,1.555,,0.876,,0.081,0.004,32.09,2.848
Benin,BEN,1996,6391861,10810469226,1.184,0.185,1.999,,1.118,,0.066,0.005,36.523,3.043
Benin,BEN,1997,6583375,11307899196,1.224,0.186,2.097,,1.147,,0.077,0.005,36.701,3.018
Benin,BEN,1998,6789492,11647427795,1.114,0.164,1.976,,1.114,,0.0,0.005,31.181,2.97
Benin,BEN,1999,7002818,12157431164,1.462,0.209,1.95,,1.462,,0.0,0.006,30.724,3.431
Benin,BEN,2000,7221618,12746225376,1.473,0.204,2.309,,1.473,,0.0,0.006,28.571,3.334
Benin,BEN,2001,7445599,13306904218,1.689,0.227,2.784,,1.689,,0.0,0.007,29.252,3.63
Benin,BEN,2002,7675430,13793055302,2.11,0.275,3.104,,1.953,,0.157,0.008,30.527,4.102
Benin,BEN,2003,7913074,14127733603,2.394,0.303,4.215,,2.228,,0.166,0.009,24.629,4.426
Benin,BEN,2004,8159098,14599811664,2.594,0.318,3.923,,2.382,,0.212,0.009,24.335,4.674
Benin,BEN,2005,8426145,14703566396,2.49,0.295,4.197,,2.268,,0.222,0.008,19.23,4.704
Benin,BEN,2006,8693243,15130030225,3.351,0.385,6.507,,3.125,,0.226,0.011,20.712,5.645
Benin,BEN,2007,8953973,15874980420,3.931,0.439,7.429,,3.719,,0.212,0.012,32.751,6.311
Benin,BEN,2008,9228468,16519715795,3.919,0.425,8.506,,3.737,,0.182,0.012,34.669,6.349
Benin,BEN,2009,9509431,16780073808,4.225,0.444,6.817,,4.001,,0.223,0.013,22.641,6.742
Benin,BEN,2010,9797488,17023196060,4.679,0.478,7.584,,4.437,,0.242,0.014,27.193,7.567
Benin,BEN,2011,10093626,17416238625,4.48,0.444,9.009,,4.247,,0.233,0.013,30.67,7.476
Benin,BEN,2012,10397659,18305935000,4.403,0.423,7.617,,4.166,,0.237,0.013,37.231,7.473
Benin,BEN,2013,10708831,19651418479,4.566,0.426,9.164,,4.331,0.022,0.213,0.013,29.419,7.925
Benin,BEN,2014,11030008,21043177203,4.774,0.433,8.365,0.165,4.338,0.055,0.216,0.013,28.897,8.227
Benin,BEN,2015,11360681,22279707949,5.318,0.468,8.35,0.099,4.943,0.062,0.214,0.015,21.051,8.876
Benin,BEN,2016,11697845,23134706997,5.311,0.454,7.68,0.187,4.91,0.004,0.21,0.015,31.745,9.021
Benin,BEN,2017,12039777,24568275710,5.555,0.461,7.641,0.176,5.056,0.11,0.213,0.015,45.464,9.364
Benin,BEN,2018,12383349,26346543293,5.668,0.458,7.407,0.0,5.24,0.037,0.392,0.015,43.844,9.595
Benin,BEN,2019,12726760,28155410176,5.273,0.414,6.934,0.238,4.525,0.106,0.403,0.014,29.936,9.392
Benin,BEN,2020,13070169,29239039610,5.541,0.424,7.462,0.256,4.547,0.319,0.419,0.016,34.615,9.782
Benin,BEN,2021,13413423,31331235336,5.806,0.433,8.075,0.293,4.711,0.352,0.45,0.016,40.789,9.989
Benin,BEN,2022,13759507,33290362034,6.092,0.443,8.597,0.348,4.974,0.305,0.465,0.016,40.322,10.323
Benin,BEN,2023,14111035,,5.928,0.42,8.434,0.405,4.756,0.302,0.465,0.016,40.301,10.194
Benin,BEN,2024,14462721,,6.066,0.419,,0.332,4.942,0.327,0.465,0.016,40.935,10.36
Bermuda,BMU,1990,57584,,0.502,8.717,,,0.502,,0.0,0.002,,
Bermuda,BMU,1991,58007,,0.539,9.285,,,0.539,,0.0,0.002,,
Bermuda,BMU,1992,58430,,0.462,7.901,,,0.462,,0.0,0.002,,
Bermuda,BMU,1993,58834,,0.539,9.155,,,0.539,,0.0,0.002,,
Bermuda,BMU,1994,59214,,0.531,8.972,,,0.531,,0.0,0.002,,
Bermuda,BMU,1995,59549,,0.531,8.922,,,0.531,,0.0,0.002,,
Bermuda,BMU,1996,59836,,0.528,8.818,,,0.528,,0.0,0.002,,
Bermuda,BMU,1997,60194,,0.524,8.704,,,0.524,,0.0,0.002,,
Bermuda,BMU,1998,60659,,0.52,8.577,,,0.52,,0.0,0.002,,
Bermuda,BMU,1999,61142,,0.513,8.39,,,0.513,,0.0,0.002,,
Bermuda,BMU,2000,61569,,0.517,8.391,,,0.517,,0.0,0.002,,
Bermuda,BMU,2001,61887,,0.528,8.525,,,0.528,,0.0,0.002,,
Bermuda,BMU,2002,62163,,0.557,8.959,,,0.557,,0.0,0.002,,
Bermuda,BMU,2003,62405,,0.561,8.983,,,0.561,,0.0,0.002,,
Bermuda,BMU,2004,62576,,0.583,9.31,,,0.583,,0.0,0.002,,
Bermuda,BMU,2005,62730,,0.583,9.287,,,0.583,,0.0,0.002,,
Bermuda,BMU,2006,62855,,0.656,10.434,,,0.656,,0.0,0.002,,
Bermuda,BMU,2007,63030,,0.729,11.568,,,0.729,,0.0,0.002,,
Bermuda,BMU,2008,63319,,0.645,10.184,,,0.645,,0.0,0.002,,
Bermuda,BMU,2009,63587,,0.473,7.433,,0.0,0.473,,0.0,0.001,,
Bermuda,BMU,2010,63748,,0.605,9.484,,0.0,0.605,,0.0,0.002,,
Bermuda,BMU,2011,63753,,0.443,6.954,,0.0,0.443,,0.0,0.001,,
Bermuda,BMU,2012,63665,,0.366,5.755,,0.0,0.366,,0.0,0.001,,
Bermuda,BMU,2013,63593,,0.535,8.412,,0.0,0.535,,0.0,0.002,,
Bermuda,BMU,2014,63551,,0.667,10.493,,0.0,0.667,,0.0,0.002,,
Bermuda,BMU,2015,63482,,0.542,8.542,,0.0,0.542,,0.0,0.002,,
Bermuda,BMU,2016,63466,,0.616,9.699,,0.0,0.616,,0.0,0.002,,
Bermuda,BMU,2017,63603,,0.641,10.081,,0.0,0.641,,0.0,0.002,,
Bermuda,BMU,2018,63852,,0.696,10.903,,0.0,0.696,,0.0,0.002,,
Bermuda,BMU,2019,64130,,0.594,9.256,,0.0,0.594,,0.0,0.002,,
Bermuda,BMU,2020,64404,,0.436,6.77,,0.0,0.436,,0.0,0.001,,
Bermuda,BMU,2021,64672,,0.517,7.988,,0.0,0.517,,0.0,0.001,,
Bermuda,BMU,2022,64772,,0.531,8.194,,0.0,0.531,,0.0,0.001,,
Bermuda,BMU,2023,64721,,0.53,8.184,,0.0,0.53,,0.0,0.001,,
Bermuda,BMU,2024,64660,,0.55,8.506,,0.0,0.55,,0.0,0.001,,
Bhutan,BTN,1990,589295,,0.186,0.315,,0.048,0.081,,0.057,0.001,19.757,0.563
Bhutan,BTN,1991,599789,,0.186,0.31,,0.048,0.081,,0.057,0.001,14.603,0.568
Bhutan,BTN,1992,577780,,0.215,0.372,,0.081,0.077,,0.058,0.001,12.512,0.597
Bhutan,BTN,1993,554680,,0.182,0.328,,0.044,0.084,,0.054,0.001,11.764,0.581
Bhutan,BTN,1994,554509,,0.212,0.383,,0.063,0.09,,0.06,0.001,18.463,0.624
Bhutan,BTN,1995,547995,,0.249,0.454,,0.077,0.103,,0.069,0.001,12.608,0.716
Bhutan,BTN,1996,548792,,0.298,0.544,,0.093,0.126,,0.079,0.001,11.568,0.765
Bhutan,BTN,1997,558698,,0.39,0.698,,0.189,0.122,,0.079,0.002,10.445,0.854
Bhutan,BTN,1998,569439,,0.385,0.676,,0.181,0.129,,0.074,0.002,12.351,0.859
Bhutan,BTN,1999,582589,,0.386,0.662,,0.176,0.136,,0.074,0.002,12.838,0.868
Bhutan,BTN,2000,596871,,0.397,0.665,,0.176,0.147,,0.074,0.002,11.172,0.91
Bhutan,BTN,2001,610801,,0.464,0.759,,0.225,0.159,,0.079,0.002,8.821,0.999
Bhutan,BTN,2002,624417,,0.494,0.791,,0.247,0.167,,0.079,0.002,11.46,1.043
Bhutan,BTN,2003,637667,,0.494,0.775,,0.229,0.185,,0.079,0.002,11.373,1.044
Bhutan,BTN,2004,650559,,0.436,0.67,,0.158,0.194,,0.084,0.002,12.075,0.987
Bhutan,BTN,2005,661875,,0.546,0.825,,0.253,0.209,,0.084,0.002,9.998,1.126
Bhutan,BTN,2006,670803,,0.411,0.613,,0.104,0.218,,0.089,0.001,10.664,1.007
Bhutan,BTN,2007,678643,,0.397,0.585,,0.084,0.224,,0.089,0.001,12.523,1.0
Bhutan,BTN,2008,686359,,0.646,0.942,,0.337,0.22,,0.089,0.002,13.934,1.254
Bhutan,BTN,2009,693994,,0.683,0.984,,0.348,0.245,,0.089,0.002,13.099,1.294
Bhutan,BTN,2010,701638,,0.905,1.291,,0.495,0.311,,0.099,0.003,15.591,1.536
Bhutan,BTN,2011,709387,,1.007,1.419,,0.37,0.366,,0.27,0.003,13.356,1.653
Bhutan,BTN,2012,717288,,1.15,1.603,,0.449,0.442,,0.259,0.003,14.345,1.808
Bhutan,BTN,2013,725282,,1.269,1.75,,0.542,0.443,,0.283,0.004,10.467,1.984
Bhutan,BTN,2014,733151,,1.332,1.817,,0.557,0.432,,0.343,0.004,7.364,2.07
Bhutan,BTN,2015,740623,,1.434,1.936,,0.59,0.451,,0.393,0.004,6.879,2.179
Bhutan,BTN,2016,747878,,1.56,2.086,,0.614,0.479,,0.467,0.004,6.036,2.324
Bhutan,BTN,2017,754343,,1.649,2.186,,0.689,0.517,,0.444,0.005,5.742,2.442
Bhutan,BTN,2018,759766,,1.682,2.214,,0.627,0.564,,0.491,0.005,6.607,2.513
Bhutan,BTN,2019,764830,,1.565,2.046,,0.528,0.575,,0.462,0.004,5.913,2.416
Bhutan,BTN,2020,770013,,1.214,1.576,,0.486,0.405,,0.323,0.003,5.231,2.059
Bhutan,BTN,2021,775450,,1.455,1.876,,0.703,0.41,,0.341,0.004,10.746,2.306
Bhutan,BTN,2022,780921,,1.55,1.984,,0.758,0.478,,0.314,0.004,9.444,2.408
Bhutan,BTN,2023,786386,,1.63,2.072,,0.841,0.475,,0.314,0.004,7.962,2.49
Bhutan,BTN,2024,791530,,1.657,2.094,,0.847,0.497,,0.314,0.004,7.387,2.52
Bolivia,BOL,1990,7130143,23021797458,10.018,1.405,8.351,,3.265,1.436,0.264,0.044,77.564,20.756
Bolivia,BOL,1991,7280294,24300991136,10.506,1.443,8.904,,3.283,1.506,0.276,0.045,76.025,22.424
Bolivia,BOL,1992,7430337,24762215565,11.025,1.484,9.602,,3.408,1.821,0.304,0.049,110.584,23.426
Bolivia,BOL,1993,7579196,25872205207,11.562,1.525,10.109,,3.697,1.88,0.335,0.051,96.772,24.395
Bolivia,BOL,1994,7727320,27129137815,9.65,1.249,8.325,,4.173,2.206,0.361,0.042,180.739,23.394
Bolivia,BOL,1995,7874676,28456929800,9.029,1.147,7.8,,5.023,2.451,0.414,0.038,135.83,15.696
Bolivia,BOL,1996,8021742,29770158709,10.027,1.25,8.712,,5.474,3.1,0.417,0.041,140.441,16.521
Bolivia,BOL,1997,8167911,31321344983,11.733,1.436,10.352,,5.787,3.74,0.483,0.048,148.248,20.404
Bolivia,BOL,1998,8313400,32973947605,11.264,1.355,10.552,,6.595,3.199,0.536,0.046,174.325,16.83
Bolivia,BOL,1999,8459810,33199090219,10.95,1.294,11.136,,6.037,3.449,0.55,0.044,147.371,16.558
Bolivia,BOL,2000,8606330,34126236477,8.442,0.981,8.644,,4.833,2.415,0.489,0.033,116.119,13.206
Bolivia,BOL,2001,8752740,34794954024,8.752,1.0,8.856,,5.21,2.605,0.446,0.034,114.616,13.057
Bolivia,BOL,2002,8900358,35770128530,10.415,1.17,10.683,,5.067,4.382,0.456,0.04,126.874,15.06
Bolivia,BOL,2003,9050703,36849589696,10.983,1.214,10.063,,6.002,3.946,0.51,0.04,239.582,15.563
Bolivia,BOL,2004,9204297,38518211935,11.051,1.201,9.756,,6.199,3.891,0.568,0.039,170.64,16.176
Bolivia,BOL,2005,9360758,40366066215,12.337,1.318,10.45,,6.984,4.408,0.637,0.042,142.932,16.963
Bolivia,BOL,2006,9521685,42467223163,12.369,1.299,10.758,,6.797,4.646,0.728,0.04,127.692,16.594
Bolivia,BOL,2007,9685960,44577390720,12.74,1.315,11.286,,7.636,4.192,0.766,0.04,122.738,17.129
Bolivia,BOL,2008,9850859,47500614555,13.028,1.322,11.9,,7.548,4.459,0.865,0.041,130.623,17.071
Bolivia,BOL,2009,10016279,49290119749,13.633,1.361,13.728,,7.464,4.987,1.006,0.043,128.916,17.426
Bolivia,BOL,2010,10182345,51541502268,14.809,1.454,14.48,,7.944,5.676,1.043,0.044,131.919,20.09
Bolivia,BOL,2011,10348931,54437027542,16.051,1.551,16.102,0.004,8.398,6.372,1.145,0.047,127.57,20.351
Bolivia,BOL,2012,10515814,57225289193,17.575,1.671,17.09,0.0,9.702,6.654,1.099,0.05,127.762,22.223
Bolivia,BOL,2013,10682612,61114326124,17.778,1.664,18.433,0.004,9.695,6.786,1.208,0.05,129.91,22.589
Bolivia,BOL,2014,10848889,64451770571,19.9,1.834,21.386,0.011,10.869,7.597,1.329,0.056,115.929,24.852
Bolivia,BOL,2015,11014707,67582198248,19.9,1.807,21.506,0.015,10.765,7.639,1.381,0.056,107.861,24.988
Bolivia,BOL,2016,11180020,70463901130,21.25,1.901,22.197,0.015,11.223,8.519,1.434,0.06,101.131,26.355
Bolivia,BOL,2017,11344591,73419862854,22.182,1.955,23.213,0.022,12.044,8.629,1.438,0.062,131.516,27.106
Bolivia,BOL,2018,11508370,76521114837,22.509,1.956,23.259,0.018,12.241,8.702,1.496,0.061,145.075,27.302
Bolivia,BOL,2019,11671386,78217588630,22.609,1.937,23.488,0.022,12.861,8.119,1.553,0.061,127.225,27.849
Bolivia,BOL,2020,11816301,71382934039,18.32,1.55,19.942,0.007,10.336,6.61,1.277,0.052,124.737,23.104
Bolivia,BOL,2021,11937369,75741579784,21.767,1.823,22.953,0.022,12.729,7.519,1.436,0.059,136.508,26.754
Bolivia,BOL,2022,12077156,78165311428,23.488,1.945,24.078,0.022,13.76,8.081,1.548,0.063,144.386,28.204
Bolivia,BOL,2023,12244161,,24.621,2.011,25.628,0.024,13.975,8.961,1.583,0.065,152.311,29.339
Bolivia,BOL,2024,12413318,,28.709,2.313,,0.025,14.533,12.413,1.616,0.074,160.017,33.264
Bonaire Sint Eustatius and Saba,BES,1990,12958,,0.089,6.906,,0.0,0.089,0.0,0.0,0.0,,
Bonaire Sint Eustatius and Saba,BES,1991,13070,,0.071,5.464,,0.0,0.071,0.0,0.0,0.0,,
Bonaire Sint Eustatius and Saba,BES,1992,13186,,0.059,4.462,,0.0,0.059,0.0,0.0,0.0,,
Bonaire Sint Eustatius and Saba,BES,1993,13297,,0.091,6.83,,0.0,0.091,0.0,0.0,0.0,,
Bonaire Sint Eustatius and Saba,BES,1994,13407,,0.087,6.495,,0.0,0.087,0.0,0.0,0.0,,
Bonaire Sint Eustatius and Saba,BES,1995,13531,,0.086,6.368,,0.0,0.086,0.0,0.0,0.0,,
Bonaire Sint Eustatius and Saba,BES,1996,13670,,0.081,5.896,,0.0,0.081,0.0,0.0,0.0,,
Bonaire Sint Eustatius and Saba,BES,1997,13812,,0.084,6.107,,0.0,0.084,0.0,0.0,0.0,,
Bonaire Sint Eustatius and Saba,BES,1998,13959,,0.005,0.334,,0.0,0.005,0.0,0.0,0.0,,
Bonaire Sint Eustatius and Saba,BES,1999,14101,,0.035,2.474,,0.0,0.035,0.0,0.0,0.0,,
Bonaire Sint Eustatius and Saba,BES,2000,14256,,0.093,6.494,,0.0,0.093,0.0,0.0,0.0,,
Bonaire Sint Eustatius and Saba,BES,2001,14526,,0.094,6.49,,0.0,0.094,0.0,0.0,0.0,,
Bonaire Sint Eustatius and Saba,BES,2002,15033,,0.091,6.046,,0.0,0.091,0.0,0.0,0.0,,
Bonaire Sint Eustatius and Saba,BES,2003,15666,,0.091,5.805,,0.0,0.091,0.0,0.0,0.0,,
Bonaire Sint Eustatius and Saba,BES,2004,16330,,0.095,5.843,,0.0,0.095,0.0,0.0,0.0,,
Bonaire Sint Eustatius and Saba,BES,2005,17002,,0.095,5.562,,0.0,0.095,0.0,0.0,0.0,,
Bonaire Sint Eustatius and Saba,BES,2006,17701,,0.099,5.568,,0.0,0.099,0.0,0.0,0.0,,
Bonaire Sint Eustatius and Saba,BES,2007,18408,,0.111,6.028,,0.0,0.111,0.0,0.0,0.0,,
Bonaire Sint Eustatius and Saba,BES,2008,19118,,0.107,5.583,,0.0,0.107,0.0,0.0,0.0,,
Bonaire Sint Eustatius and Saba,BES,2009,19847,,0.109,5.502,,0.0,0.109,0.0,0.0,0.0,,
Bonaire Sint Eustatius and Saba,BES,2010,20583,,0.075,3.655,,0.0,0.075,0.0,0.0,0.0,,
Bonaire Sint Eustatius and Saba,BES,2011,21650,,0.096,4.432,,0.0,0.096,0.0,0.0,0.0,,
Bonaire Sint Eustatius and Saba,BES,2012,22847,,0.117,5.132,,,0.117,,0.0,0.0,,
Bonaire Sint Eustatius and Saba,BES,2013,23835,,0.114,4.765,,,0.114,,0.0,0.0,,
Bonaire Sint Eustatius and Saba,BES,2014,24491,,0.117,4.787,,,0.117,,0.0,0.0,,
Bonaire Sint Eustatius and Saba,BES,2015,24638,,0.128,5.205,,,0.128,,0.0,0.0,,
Bonaire Sint Eustatius and Saba,BES,2016,24567,,0.132,5.369,,,0.132,,0.0,0.0,,
Bonaire Sint Eustatius and Saba,BES,2017,24821,,0.139,5.609,,,0.139,,0.0,0.0,,
Bonaire Sint Eustatius and Saba,BES,2018,25184,,0.132,5.238,,,0.132,,0.0,0.0,,
Bonaire Sint Eustatius and Saba,BES,2019,25652,,0.139,5.428,,,0.139,,0.0,0.0,,
Bonaire Sint Eustatius and Saba,BES,2020,26476,,0.132,4.982,,,0.132,,0.0,0.0,,
Bonaire Sint Eustatius and Saba,BES,2021,27347,,0.139,5.091,,,0.139,,0.0,0.0,,
Bonaire Sint Eustatius and Saba,BES,2022,28654,,0.147,5.115,,,0.147,,0.0,0.0,,
Bonaire Sint Eustatius and Saba,BES,2023,29920,,0.146,4.889,,,0.146,,0.0,0.0,,
Bonaire Sint Eustatius and Saba,BES,2024,30699,,0.152,4.947,,,0.152,,0.0,0.0,,
Bosnia and Herzegovina,BIH,1990,4448658,26068545854,19.872,4.467,,15.937,3.02,0.783,0.098,0.087,23.772,24.92
Bosnia and Herzegovina,BIH,1991,4458350,22759463465,14.06,3.154,,10.404,2.79,0.743,0.101,0.061,15.115,18.764
Bosnia and Herzegovina,BIH,1992,4234620,16213891161,15.029,3.549,,12.586,1.594,0.788,0.061,0.067,14.954,19.198
Bosnia and Herzegovina,BIH,1993,3904484,11077007356,12.581,3.222,,10.908,1.345,0.267,0.061,0.055,12.092,16.324
Bosnia and Herzegovina,BIH,1994,3725412,11242944737,3.205,0.86,,1.175,1.61,0.322,0.098,0.014,1.044,4.52
Bosnia and Herzegovina,BIH,1995,3715565,11770817203,3.406,0.917,,1.378,1.656,0.282,0.09,0.014,1.731,4.768
Bosnia and Herzegovina,BIH,1996,3875246,17934743605,4.24,1.094,,1.999,1.709,0.473,0.059,0.017,2.019,5.618
Bosnia and Herzegovina,BIH,1997,4018228,21766878558,8.366,2.082,,6.243,1.762,0.282,0.078,0.034,10.564,10.448
Bosnia and Herzegovina,BIH,1998,4089357,24470419886,10.551,2.58,,7.958,2.154,0.322,0.116,0.043,11.391,12.921
Bosnia and Herzegovina,BIH,1999,4130312,26775071100,10.333,2.502,,7.757,2.132,0.33,0.114,0.042,12.47,12.646
Bosnia and Herzegovina,BIH,2000,4159785,27629709487,13.702,3.294,,9.706,3.301,0.458,0.237,0.054,14.966,16.103
Bosnia and Herzegovina,BIH,2001,4179446,27937499205,13.263,3.173,,9.453,3.246,0.3,0.263,0.052,13.986,15.712
Bosnia and Herzegovina,BIH,2002,4188006,28997438498,14.173,3.384,,10.453,3.1,0.282,0.337,0.054,16.985,16.669
Bosnia and Herzegovina,BIH,2003,4178523,29748999379,14.358,3.436,,10.812,2.851,0.37,0.325,0.052,17.142,17.132
Bosnia and Herzegovina,BIH,2004,4140990,31229543774,15.462,3.734,,11.091,3.404,0.583,0.385,0.054,17.814,18.252
Bosnia and Herzegovina,BIH,2005,4096493,32159580501,16.046,3.917,,11.85,3.136,0.692,0.368,0.054,18.575,18.92
Bosnia and Herzegovina,BIH,2006,4063269,33580206309,17.387,4.279,,12.895,3.315,0.729,0.448,0.057,19.976,20.426
Bosnia and Herzegovina,BIH,2007,4013420,35158268243,17.474,4.354,,12.688,3.543,0.769,0.473,0.055,21.083,20.495
Bosnia and Herzegovina,BIH,2008,3947545,36676627730,19.955,5.055,,14.573,4.099,0.762,0.521,0.062,23.414,23.265
Bosnia and Herzegovina,BIH,2009,3879798,35937393954,20.537,5.293,,15.319,4.397,0.436,0.385,0.065,24.732,23.815
Bosnia and Herzegovina,BIH,2010,3811480,35774435069,21.146,5.548,,15.87,4.458,0.458,0.36,0.063,24.933,24.406
Bosnia and Herzegovina,BIH,2011,3741799,35664062419,23.765,6.351,,18.488,4.419,0.52,0.337,0.069,27.99,27.33
Bosnia and Herzegovina,BIH,2012,3670109,35371051813,22.138,6.032,,17.235,4.107,0.48,0.315,0.063,27.007,25.592
Bosnia and Herzegovina,BIH,2013,3610857,36202157063,21.801,6.038,,17.086,4.004,0.374,0.337,0.062,26.23,25.193
Bosnia and Herzegovina,BIH,2014,3564831,36619951250,19.312,5.417,,14.55,4.093,0.348,0.321,0.054,25.571,23.661
Bosnia and Herzegovina,BIH,2015,3518541,38199900995,18.46,5.247,,13.491,4.254,0.407,0.309,0.052,25.801,22.924
Bosnia and Herzegovina,BIH,2016,3472997,39438504839,21.734,6.258,,16.155,4.836,0.421,0.322,0.061,30.061,26.896
Bosnia and Herzegovina,BIH,2017,3428684,40717914490,22.153,6.461,,16.455,4.891,0.458,0.348,0.062,29.107,27.396
Bosnia and Herzegovina,BIH,2018,3386999,42277004927,22.079,6.519,,16.604,4.639,0.454,0.381,0.06,29.802,27.671
Bosnia and Herzegovina,BIH,2019,3345532,43497123759,20.81,6.22,,15.334,4.683,0.429,0.365,0.056,28.978,26.148
Bosnia and Herzegovina,BIH,2020,3299352,42185625323,20.832,6.314,,15.722,4.287,0.392,0.431,0.059,28.885,26.161
Bosnia and Herzegovina,BIH,2021,3244912,45303796505,21.268,6.554,,15.564,4.812,0.473,0.42,0.058,28.094,26.422
Bosnia and Herzegovina,BIH,2022,3204802,47069138435,20.743,6.472,,15.192,4.708,0.461,0.382,0.055,28.014,26.023
Bosnia and Herzegovina,BIH,2023,3185072,,19.881,6.242,,14.389,4.647,0.462,0.382,0.052,27.088,25.085
Bosnia and Herzegovina,BIH,2024,3164256,,19.426,6.139,,13.869,4.724,0.451,0.382,0.05,26.472,24.592
Botswana,BWA,1990,1305699,6660711722,2.7,2.068,2.7,1.748,0.953,0.0,,0.012,14.169,3.692
Botswana,BWA,1991,1341767,7315023272,2.634,1.963,2.634,1.718,0.916,0.0,,0.011,12.925,3.561
Botswana,BWA,1992,1380038,7702501132,2.777,2.012,2.777,1.943,0.834,0.0,,0.012,16.858,3.792
Botswana,BWA,1993,1420120,8026901258,3.195,2.25,3.195,1.924,1.271,0.0,,0.014,17.357,4.407
Botswana,BWA,1994,1460030,8505234702,3.03,2.075,3.03,1.953,1.077,0.0,,0.013,15.451,4.063
Botswana,BWA,1995,1498842,9306926237,3.045,2.031,3.045,1.975,1.07,0.0,,0.013,15.667,4.097
Botswana,BWA,1996,1535917,10069439768,2.755,1.794,2.755,1.587,1.169,0.0,,0.011,14.543,3.739
Botswana,BWA,1997,1571700,11122733889,2.799,1.781,2.799,1.7,1.099,0.0,,0.011,13.648,3.802
Botswana,BWA,1998,1606906,11452605950,3.342,2.08,3.342,2.023,1.319,0.0,,0.014,15.113,4.443
Botswana,BWA,1999,1642006,12841571074,3.158,1.923,3.158,1.594,1.565,0.0,,0.013,18.518,4.347
Botswana,BWA,2000,1677384,13391002424,3.778,2.252,3.26,2.052,1.726,0.0,,0.015,15.518,5.213
Botswana,BWA,2001,1712264,13725120137,3.847,2.247,3.096,2.004,1.843,0.0,,0.015,18.93,5.069
Botswana,BWA,2002,1744765,14885467195,3.975,2.278,5.682,2.088,1.887,0.0,,0.015,17.603,5.37
Botswana,BWA,2003,1775744,15922248755,3.825,2.154,2.761,1.803,2.023,0.0,,0.014,10.328,5.053
Botswana,BWA,2004,1807153,16720998899,3.895,2.155,2.808,1.982,1.913,0.0,,0.014,9.934,5.052
Botswana,BWA,2005,1839881,17874650435,4.096,2.226,2.837,2.142,1.955,0.0,,0.014,11.237,5.363
Botswana,BWA,2006,1874526,19804034564,4.133,2.205,3.458,2.09,2.043,0.0,,0.014,13.949,5.399
Botswana,BWA,2007,1911200,21924081026,4.228,2.212,3.667,1.935,2.294,0.0,,0.013,15.813,5.476
Botswana,BWA,2008,1949973,23814412331,4.503,2.309,4.103,1.953,2.55,0.0,,0.014,25.351,5.78
Botswana,BWA,2009,1990671,22485468865,3.855,1.937,4.063,1.577,2.182,0.0,0.096,0.012,13.294,4.99
Botswana,BWA,2010,2033110,24958864035,4.537,2.232,10.312,1.991,2.446,0.0,0.1,0.014,28.061,5.872
Botswana,BWA,2011,2073538,27061119164,4.029,1.943,13.077,1.43,2.593,0.0,0.006,0.012,30.76,5.323
Botswana,BWA,2012,2108617,27014847416,5.077,2.408,13.594,2.327,2.744,0.0,0.006,0.015,18.382,6.6
Botswana,BWA,2013,2140687,30014304729,5.663,2.645,12.339,2.774,2.884,0.0,0.006,0.016,21.05,7.439
Botswana,BWA,2014,2172053,31724220202,6.85,3.154,14.193,3.844,3.001,0.0,0.006,0.019,15.645,8.996
Botswana,BWA,2015,2203276,30185273524,5.418,2.459,12.543,2.898,2.51,0.004,0.006,0.015,13.025,7.899
Botswana,BWA,2016,2234784,32359220755,6.341,2.837,13.617,3.57,2.765,0.0,0.006,0.018,12.54,8.622
Botswana,BWA,2017,2266749,33690154993,7.066,3.117,12.711,4.252,2.809,0.0,0.006,0.02,16.953,9.651
Botswana,BWA,2018,2299149,35101769105,7.643,3.324,13.26,4.624,3.019,0.0,0.0,0.021,15.224,10.421
Botswana,BWA,2019,2332082,36166405883,7.486,3.21,13.716,3.86,3.625,0.0,0.0,0.02,12.989,10.126
Botswana,BWA,2020,2365895,33010529929,6.192,2.617,12.647,2.929,3.263,0.0,0.0,0.018,14.49,8.346
Botswana,BWA,2021,2401448,36918974292,6.683,2.783,13.462,3.29,3.393,0.0,0.0,0.018,23.811,9.252
Botswana,BWA,2022,2439895,39293967463,7.396,3.031,14.072,4.353,3.039,0.0,0.004,0.02,21.384,10.162
Botswana,BWA,2023,2480242,,7.249,2.923,14.509,4.174,3.07,0.0,0.004,0.019,21.499,10.211
Botswana,BWA,2024,2521145,,7.462,2.96,,4.361,3.096,0.0,0.004,0.019,26.201,10.457
Brazil,BRA,1990,149143223,1185475140000,218.658,1.466,238.682,37.095,151.775,7.484,11.062,0.962,2105.299,331.942
Brazil,BRA,1991,151724253,1213090136106,229.394,1.512,245.625,42.466,156.7,7.336,11.776,0.989,2189.194,342.931
Brazil,BRA,1992,154275077,1221828516629,233.601,1.514,247.319,41.203,163.252,7.983,9.77,1.037,2267.928,349.448
Brazil,BRA,1993,156794574,1298220757545,244.306,1.558,255.738,42.343,171.252,8.73,10.164,1.074,2282.487,364.962
Brazil,BRA,1994,159265011,1391783970549,254.002,1.595,268.7,43.664,179.165,8.985,10.086,1.106,2672.895,377.166
Brazil,BRA,1995,161735079,1468835128486,268.678,1.661,290.424,45.582,190.347,9.603,11.528,1.142,2645.838,393.426
Brazil,BRA,1996,164202549,1520364859776,289.311,1.762,315.026,46.471,206.279,10.608,13.884,1.194,2586.919,417.828
Brazil,BRA,1997,166661662,1591956040321,306.949,1.842,334.396,47.047,219.83,11.863,15.267,1.259,2696.838,438.773
Brazil,BRA,1998,169159651,1617675773756,317.359,1.876,340.129,45.591,229.578,12.411,16.175,1.306,2929.596,457.671
Brazil,BRA,1999,171641544,1645887982219,327.256,1.907,331.65,46.805,235.468,14.069,16.439,1.318,2965.704,472.368
Brazil,BRA,2000,174018278,1739728033832,340.183,1.955,353.788,50.457,239.491,18.443,16.047,1.333,2823.803,486.913
Brazil,BRA,2001,176301201,1785513006345,346.166,1.963,348.419,49.43,241.792,23.185,15.227,1.347,2783.375,490.782
Brazil,BRA,2002,178503485,1861742323845,347.765,1.948,337.975,48.689,239.219,29.293,14.39,1.324,2981.136,493.764
Brazil,BRA,2003,180622688,1904932706436,344.645,1.908,322.637,51.933,232.434,30.919,13.096,1.246,3846.776,497.806
Brazil,BRA,2004,182675144,2038447931287,361.434,1.979,334.978,53.833,239.768,38.215,13.273,1.263,3313.758,522.595
Brazil,BRA,2005,184688101,2129214530430,364.371,1.973,349.076,50.952,240.218,39.619,14.349,1.231,3057.048,523.08
Brazil,BRA,2006,186653099,2240805319046,368.871,1.976,360.325,50.835,242.251,42.053,15.44,1.206,2819.171,529.284
Brazil,BRA,2007,188552311,2405626901513,390.573,2.071,394.051,54.989,256.003,43.246,17.2,1.24,2745.828,552.945
Brazil,BRA,2008,190367297,2559842659987,412.638,2.168,445.563,55.315,267.239,51.303,18.884,1.287,2616.45,573.298
Brazil,BRA,2009,192079958,2589568436235,389.775,2.029,407.609,43.586,262.705,40.959,19.031,1.237,2432.428,544.787
Brazil,BRA,2010,193701931,2820492538862,440.269,2.273,478.878,56.688,286.08,55.049,21.288,1.321,2422.236,603.66
Brazil,BRA,2011,195284736,2968455007203,461.911,2.365,508.943,62.292,303.885,53.101,22.176,1.34,2379.088,622.712
Brazil,BRA,2012,196876113,3025484250011,497.468,2.527,535.323,61.016,327.734,63.397,24.157,1.423,2503.241,660.657
Brazil,BRA,2013,198478290,3116394665745,531.569,2.678,595.765,65.604,342.338,74.704,25.803,1.507,2568.796,698.02
Brazil,BRA,2014,200085126,3132099937531,556.526,2.781,613.327,69.037,356.751,81.285,25.533,1.569,2628.207,726.699
Brazil,BRA,2015,201675534,3021043246476,528.174,2.619,556.206,69.455,330.356,80.464,23.903,1.492,2617.904,702.269
Brazil,BRA,2016,203218108,2922076150345,491.745,2.42,491.0,63.828,312.942,69.666,21.412,1.389,2512.195,665.929
Brazil,BRA,2017,204703440,2960731613785,497.255,2.429,506.737,67.318,315.045,70.688,20.306,1.382,2431.265,674.878
Brazil,BRA,2018,206107265,3013541086239,476.601,2.312,484.355,65.837,298.889,67.418,20.559,1.297,2423.189,658.381
Brazil,BRA,2019,207455459,3050327159562,476.724,2.298,485.986,61.885,302.98,67.122,20.841,1.285,2468.734,661.136
Brazil,BRA,2020,208660845,2950377451264,447.999,2.147,437.153,55.949,285.284,59.027,23.843,1.274,2571.217,635.026
Brazil,BRA,2021,209550291,3097565215045,496.562,2.37,473.349,67.936,303.465,75.975,25.288,1.347,2774.466,683.825
Brazil,BRA,2022,210306411,3187412907763,480.058,2.283,465.243,56.112,315.339,60.086,24.625,1.279,2875.004,673.556
Brazil,BRA,2023,211140731,,483.992,2.292,469.989,54.906,323.29,56.12,25.779,1.271,2817.818,679.513
Brazil,BRA,2024,211998565,,483.012,2.278,,50.954,323.865,58.914,25.381,1.251,2804.431,681.164
British Virgin Islands,VGB,1990,15727,,0.066,4.194,,,0.066,,0.0,0.0,0.078,0.068
British Virgin Islands,VGB,1991,16208,,0.073,4.521,,,0.073,,0.0,0.0,0.085,0.076
British Virgin Islands,VGB,1992,16615,,0.081,4.852,,,0.081,,0.0,0.0,0.093,0.083
British Virgin Islands,VGB,1993,17008,,0.084,4.955,,,0.084,,0.0,0.0,0.096,0.087
British Virgin Islands,VGB,1994,17430,,0.088,5.045,,,0.088,,0.0,0.0,0.1,0.091
British Virgin Islands,VGB,1995,17863,,0.088,4.923,,,0.088,,0.0,0.0,0.1,0.091
British Virgin Islands,VGB,1996,18308,,0.099,5.404,,,0.099,,0.0,0.0,0.111,0.102
British Virgin Islands,VGB,1997,18783,,0.103,5.462,,,0.103,,0.0,0.0,0.115,0.106
British Virgin Islands,VGB,1998,19262,,0.103,5.326,,,0.103,,0.0,0.0,0.115,0.106
British Virgin Islands,VGB,1999,19755,,0.114,5.75,,,0.114,,0.0,0.0,0.126,0.117
British Virgin Islands,VGB,2000,20266,,0.117,5.785,,,0.117,,0.0,0.0,0.13,0.121
British Virgin Islands,VGB,2001,20825,,0.128,6.158,,,0.128,,0.0,0.0,0.141,0.132
British Virgin Islands,VGB,2002,21454,,0.139,6.49,,,0.139,,0.0,0.001,0.153,0.143
British Virgin Islands,VGB,2003,22155,,0.147,6.615,,,0.147,,0.0,0.001,0.16,0.151
British Virgin Islands,VGB,2004,22905,,0.154,6.719,,,0.154,,0.0,0.001,0.167,0.158
British Virgin Islands,VGB,2005,23693,,0.165,6.959,,,0.165,,0.0,0.001,0.179,0.169
British Virgin Islands,VGB,2006,24519,,0.18,7.322,,,0.18,,0.0,0.001,0.193,0.184
British Virgin Islands,VGB,2007,25391,,0.183,7.215,,,0.183,,0.0,0.001,0.197,0.188
British Virgin Islands,VGB,2008,26308,,0.191,7.242,,,0.191,,0.0,0.001,0.205,0.196
British Virgin Islands,VGB,2009,27240,,0.194,7.129,,,0.194,,0.0,0.001,0.209,0.2
British Virgin Islands,VGB,2010,27698,,0.213,7.672,,,0.213,,0.0,0.001,0.227,0.218
British Virgin Islands,VGB,2011,28733,,0.209,7.269,,,0.209,,0.0,0.001,0.224,0.215
British Virgin Islands,VGB,2012,30369,,0.209,6.877,,,0.209,,0.0,0.001,0.224,0.215
British Virgin Islands,VGB,2013,31727,,0.213,6.698,,,0.213,,0.0,0.001,0.228,0.219
British Virgin Islands,VGB,2014,32988,,0.216,6.553,,,0.216,,0.0,0.001,0.232,0.223
British Virgin Islands,VGB,2015,34523,,0.224,6.474,,,0.224,,0.0,0.001,0.239,0.23
British Virgin Islands,VGB,2016,33904,,0.227,6.7,,,0.227,,0.0,0.001,0.243,0.234
British Virgin Islands,VGB,2017,32724,,0.18,5.486,,,0.18,,0.0,0.0,0.195,0.186
British Virgin Islands,VGB,2018,34682,,0.158,4.543,,,0.158,,0.0,0.0,0.174,0.164
British Virgin Islands,VGB,2019,36423,,0.183,5.03,,,0.183,,0.0,0.0,0.199,0.19
British Virgin Islands,VGB,2020,37161,,0.18,4.831,,,0.18,,0.0,0.001,0.195,0.186
British Virgin Islands,VGB,2021,37833,,0.183,4.842,,,0.183,,0.0,0.0,0.199,0.19
British Virgin Islands,VGB,2022,38346,,0.186,4.844,,,0.186,,0.0,0.0,0.202,0.192
British Virgin Islands,VGB,2023,39009,,0.185,4.752,,,0.185,,0.0,0.0,0.202,0.192
British Virgin Islands,VGB,2024,39498,,0.193,4.874,,,0.193,,0.0,0.0,0.209,0.199
Brunei,BRN,1990,255307,,5.009,19.618,3.812,,1.096,3.855,0.0,0.022,7.824,6.517
Brunei,BRN,1991,262604,,6.826,25.994,4.727,,1.253,4.371,0.0,0.029,9.399,8.241
Brunei,BRN,1992,269848,,6.668,24.712,5.087,,1.048,4.477,0.0,0.03,9.166,7.846
Brunei,BRN,1993,276978,,5.851,21.126,5.112,,1.099,4.162,0.0,0.026,8.623,7.294
Brunei,BRN,1994,284098,,5.293,18.63,5.13,,1.092,4.078,0.0,0.023,8.102,6.781
Brunei,BRN,1995,291207,,5.884,20.207,5.363,,1.15,4.639,0.0,0.025,8.522,7.336
Brunei,BRN,1996,298283,,5.963,19.989,6.21,,1.275,4.576,0.0,0.025,8.825,7.472
Brunei,BRN,1997,305357,,6.179,20.235,5.779,,1.37,4.675,0.0,0.025,9.193,7.783
Brunei,BRN,1998,312398,,5.595,17.911,5.048,,1.422,3.975,0.0,0.023,9.499,7.413
Brunei,BRN,1999,319412,,5.978,18.716,4.297,,1.546,4.195,0.0,0.024,9.124,7.996
Brunei,BRN,2000,326429,,5.886,18.032,3.542,,1.4,4.203,0.0,0.023,9.218,8.123
Brunei,BRN,2001,333353,,5.758,17.273,3.521,,1.472,3.9,0.0,0.022,9.554,8.428
Brunei,BRN,2002,340108,,5.285,15.54,3.569,,1.334,3.701,0.0,0.02,8.517,7.424
Brunei,BRN,2003,346650,,6.14,17.711,5.623,,1.378,4.503,0.0,0.022,9.6,8.381
Brunei,BRN,2004,352921,,5.967,16.907,5.458,,1.334,4.455,0.0,0.021,8.826,7.879
Brunei,BRN,2005,358930,,5.429,15.124,4.974,,1.059,4.206,0.0,0.018,8.22,7.268
Brunei,BRN,2006,364670,,7.144,19.589,5.495,,0.971,5.877,0.0,0.023,10.61,9.638
Brunei,BRN,2007,370883,,8.077,21.777,6.414,,1.847,5.939,0.0,0.026,11.752,10.518
Brunei,BRN,2008,377800,,9.166,24.26,6.839,,2.056,6.493,0.0,0.029,14.242,12.978
Brunei,BRN,2009,384965,,7.745,20.119,6.761,,1.754,5.596,0.0,0.025,12.395,10.563
Brunei,BRN,2010,392340,,8.017,20.435,6.755,,1.59,6.126,0.0,0.024,12.883,11.306
Brunei,BRN,2011,399395,,9.555,23.925,9.776,,1.957,7.288,0.0,0.028,15.156,13.395
Brunei,BRN,2012,405564,,9.5,23.424,9.281,,2.066,7.113,0.0,0.027,15.105,13.49
Brunei,BRN,2013,411205,,7.626,18.546,8.317,,1.656,5.624,0.0,0.022,11.878,10.294
Brunei,BRN,2014,416757,,8.831,21.19,8.21,,1.689,6.771,0.0,0.025,13.895,12.202
Brunei,BRN,2015,422223,,6.933,16.421,7.329,,1.645,4.891,0.0,0.02,11.545,10.08
Brunei,BRN,2016,427571,,7.633,17.852,6.155,,1.803,5.341,0.0,0.022,12.281,10.936
Brunei,BRN,2017,432787,,9.309,21.51,7.36,,1.927,6.822,0.0,0.026,13.572,12.368
Brunei,BRN,2018,437811,,9.341,21.336,8.553,,1.905,7.024,0.0,0.025,13.698,12.784
Brunei,BRN,2019,442690,,9.564,21.605,8.193,0.605,2.411,5.972,0.0,0.026,13.946,13.029
Brunei,BRN,2020,447411,,11.157,24.937,9.155,2.132,3.41,5.329,0.0,0.032,15.713,14.871
Brunei,BRN,2021,451722,,11.709,25.92,7.919,2.744,3.228,5.331,0.0,0.032,15.828,15.059
Brunei,BRN,2022,455374,,12.237,26.872,7.856,2.689,3.638,5.738,0.0,0.033,15.124,14.323
Brunei,BRN,2023,458959,,12.503,27.241,8.876,2.981,3.621,5.687,0.0,0.033,15.584,14.751
Brunei,BRN,2024,462734,,12.052,26.046,,3.003,3.787,5.073,0.0,0.031,14.962,14.08
Bulgaria,BGR,1990,8822366,79352520673,76.638,8.687,62.232,34.721,26.355,12.111,2.142,0.337,101.645,88.863
Bulgaria,BGR,1991,8695798,72983249507,61.521,7.075,45.363,31.777,17.356,10.184,1.265,0.265,89.922,72.537
Bulgaria,BGR,1992,8559091,67935669606,57.356,6.701,42.966,31.436,15.096,8.892,1.097,0.255,79.822,68.283
Bulgaria,BGR,1993,8466533,67190225135,58.389,6.896,46.135,33.042,15.219,8.15,1.154,0.257,76.804,69.124
Bulgaria,BGR,1994,8416924,68680754016,56.383,6.699,42.121,31.375,14.595,8.113,1.441,0.245,75.071,67.051
Bulgaria,BGR,1995,8357576,70965735433,57.917,6.93,46.826,31.308,13.675,9.987,1.993,0.246,81.306,68.917
Bulgaria,BGR,1996,8291402,65116237713,58.46,7.051,45.705,31.466,13.911,10.187,1.961,0.241,84.414,69.503
Bulgaria,BGR,1997,8217101,64936506648,55.806,6.791,43.345,34.011,11.252,8.234,1.573,0.229,67.291,66.426
Bulgaria,BGR,1998,8138193,67715867197,53.114,6.526,44.65,32.115,12.103,7.157,1.118,0.219,66.116,63.277
Bulgaria,BGR,1999,8067464,64098092292,46.371,5.748,42.231,26.598,11.927,6.215,1.106,0.187,56.909,55.961
Bulgaria,BGR,2000,8000519,67719765830,45.499,5.687,42.364,26.375,10.515,6.767,1.212,0.178,54.792,55.111
Bulgaria,BGR,2001,7928455,68877651140,49.02,6.183,45.638,30.061,10.825,6.288,1.228,0.191,56.663,58.555
Bulgaria,BGR,2002,7861949,73450036758,46.141,5.869,43.017,27.82,10.815,5.601,1.215,0.176,54.355,55.506
Bulgaria,BGR,2003,7804405,77722336425,50.491,6.47,46.654,31.191,11.535,5.822,1.273,0.183,59.688,59.888
Bulgaria,BGR,2004,7749430,83228668873,49.537,6.392,46.237,29.943,11.565,5.827,1.444,0.173,55.197,58.957
Bulgaria,BGR,2005,7695047,89684785590,50.6,6.576,48.789,29.489,12.14,6.573,1.618,0.171,56.864,59.959
Bulgaria,BGR,2006,7640292,96404598197,51.837,6.785,51.039,29.993,12.58,6.731,1.55,0.169,57.148,61.048
Bulgaria,BGR,2007,7586896,104058200673,55.669,7.338,54.358,33.366,12.404,6.877,1.979,0.177,61.869,64.911
Bulgaria,BGR,2008,7535589,110900337989,54.026,7.169,55.638,32.489,11.78,6.725,1.9,0.169,61.401,63.107
Bulgaria,BGR,2009,7488016,107365071902,45.75,6.11,44.81,27.274,11.297,5.05,0.983,0.145,54.552,54.47
Bulgaria,BGR,2010,7437594,109045208364,47.816,6.429,44.756,29.294,10.912,5.386,0.807,0.144,57.977,56.552
Bulgaria,BGR,2011,7380023,109435363210,53.12,7.198,46.713,34.481,10.107,6.151,0.787,0.154,66.638,62.065
Bulgaria,BGR,2012,7317020,110261509885,48.277,6.598,43.361,29.412,10.627,5.753,0.981,0.138,61.776,56.479
Bulgaria,BGR,2013,7264605,109643527181,42.583,5.862,37.541,24.997,9.557,5.612,0.892,0.121,52.799,50.573
Bulgaria,BGR,2014,7223450,110703533681,45.169,6.253,39.533,26.579,10.562,5.602,0.911,0.127,55.441,52.104
Bulgaria,BGR,2015,7177515,114498611934,48.127,6.705,40.99,27.678,11.488,5.94,1.105,0.136,59.445,57.052
Bulgaria,BGR,2016,7127436,117979077002,45.344,6.362,40.476,24.155,11.886,5.945,1.194,0.128,56.654,54.048
Bulgaria,BGR,2017,7075642,121237951710,47.446,6.706,41.915,25.792,12.162,6.053,1.239,0.132,59.1,56.377
Bulgaria,BGR,2018,7024745,124492855771,43.503,6.193,41.105,22.113,12.372,5.797,1.224,0.118,54.545,51.834
Bulgaria,BGR,2019,6975466,129520075495,42.195,6.049,39.933,20.806,12.901,5.266,1.138,0.114,53.111,50.318
Bulgaria,BGR,2020,6933656,124392792956,36.571,5.274,36.279,16.204,11.944,5.31,1.066,0.104,47.4,44.66
Bulgaria,BGR,2021,6877222,133889804025,42.365,6.16,40.932,20.423,12.742,6.258,1.06,0.115,52.34,50.513
Bulgaria,BGR,2022,6825862,138390156500,46.932,6.876,42.247,25.068,13.385,5.018,1.039,0.125,56.641,55.115
Bulgaria,BGR,2023,6795805,,34.501,5.077,35.31,13.961,13.17,4.678,1.046,0.091,43.33,42.029
Bulgaria,BGR,2024,6757686,,31.622,4.679,,10.285,13.574,5.022,1.094,0.082,40.275,39.308
Burkina Faso,BFA,1990,9159358,10752296234,0.594,0.065,0.825,,0.594,,,0.003,32.467,4.0
Burkina Faso,BFA,1991,9394631,11509843577,0.638,0.068,0.875,,0.638,,,0.003,33.636,4.175
Burkina Faso,BFA,1992,9629280,11312544997,0.634,0.066,0.879,,0.634,,,0.003,34.407,4.143
Burkina Faso,BFA,1993,9871715,11471092622,0.634,0.064,0.878,,0.634,,,0.003,34.774,4.204
Burkina Faso,BFA,1994,10123807,11400569605,0.66,0.065,0.925,,0.66,,0.0,0.003,35.711,4.36
Burkina Faso,BFA,1995,10386723,11823046260,0.661,0.064,0.984,,0.649,,0.012,0.003,36.462,4.486
Burkina Faso,BFA,1996,10655943,12896055272,0.727,0.068,1.106,,0.714,,0.012,0.003,36.652,4.653
Burkina Faso,BFA,1997,10934222,13326250630,0.764,0.07,1.115,,0.747,,0.016,0.003,36.508,4.626
Burkina Faso,BFA,1998,11240668,13917970173,0.848,0.075,1.282,,0.832,,0.016,0.003,36.665,4.933
Burkina Faso,BFA,1999,11574930,14604702492,1.04,0.09,1.699,,0.967,,0.073,0.004,36.033,4.292
Burkina Faso,BFA,2000,11925548,14546973590,0.931,0.078,1.371,,0.89,,0.04,0.004,35.617,4.152
Burkina Faso,BFA,2001,12294996,15179805834,1.064,0.087,1.787,,1.044,,0.02,0.004,35.983,5.335
Burkina Faso,BFA,2002,12680904,15543232009,1.067,0.084,1.854,,1.055,,0.012,0.004,36.556,5.397
Burkina Faso,BFA,2003,13082530,16390237677,1.184,0.091,1.359,,1.172,,0.012,0.004,40.711,5.604
Burkina Faso,BFA,2004,13500536,16718435442,1.107,0.082,1.35,,1.096,,0.012,0.004,41.092,5.623
Burkina Faso,BFA,2005,13932127,17737650575,1.104,0.079,1.384,,1.092,,0.012,0.004,43.234,5.739
Burkina Faso,BFA,2006,14373713,18406718353,1.217,0.085,1.624,,1.205,,0.012,0.004,51.665,5.988
Burkina Faso,BFA,2007,14816313,18724205542,1.616,0.109,1.919,,1.605,,0.012,0.005,47.665,6.532
Burkina Faso,BFA,2008,15258103,19365623019,1.818,0.119,1.948,,1.638,,0.18,0.006,48.019,6.943
Burkina Faso,BFA,2009,15710067,19506442026,1.836,0.117,2.242,,1.619,,0.217,0.006,47.63,7.145
Burkina Faso,BFA,2010,16176503,20688336651,1.985,0.123,2.212,,1.759,,0.226,0.006,51.298,7.369
Burkina Faso,BFA,2011,16661907,21589787625,2.149,0.129,2.366,,1.924,,0.226,0.006,50.416,7.606
Burkina Faso,BFA,2012,17172284,22982976785,2.612,0.152,2.71,,2.36,,0.252,0.007,52.311,8.133
Burkina Faso,BFA,2013,17695411,24314382909,2.809,0.159,3.152,,2.583,,0.226,0.008,51.86,8.425
Burkina Faso,BFA,2014,18229466,25366464630,2.868,0.157,3.06,,2.711,,0.156,0.008,52.732,8.566
Burkina Faso,BFA,2015,18777488,26361085012,3.744,0.199,3.517,,3.221,,0.523,0.011,52.205,9.455
Burkina Faso,BFA,2016,19334854,27931683815,3.988,0.206,3.974,,3.348,,0.639,0.011,53.406,9.801
Burkina Faso,BFA,2017,19894413,29664279937,4.622,0.232,4.495,,3.924,,0.697,0.013,56.974,10.496
Burkina Faso,BFA,2018,20438289,31623015393,5.226,0.256,4.93,,4.393,,0.833,0.014,56.296,11.188
Burkina Faso,BFA,2019,20961956,33422048798,5.618,0.268,5.092,,4.554,,1.064,0.015,56.196,11.813
Burkina Faso,BFA,2020,21478691,34067429050,5.618,0.262,4.779,,4.533,,1.085,0.016,52.042,11.931
Burkina Faso,BFA,2021,21995249,36419784717,6.329,0.288,5.37,,5.166,,1.162,0.017,57.648,12.628
Burkina Faso,BFA,2022,22509038,37320442404,6.542,0.291,5.773,,5.341,,1.201,0.017,57.944,12.995
Burkina Faso,BFA,2023,23025777,,6.308,0.274,5.801,,5.107,,1.201,0.017,58.401,12.886
Burkina Faso,BFA,2024,23548782,,6.508,0.276,,,5.306,,1.201,0.017,59.459,13.147
Burundi,BDI,1990,5587051,6041848505,0.209,0.037,,0.015,0.194,,,0.001,4.982,2.004
Burundi,BDI,1991,5703860,6316030264,0.238,0.042,,0.015,0.224,,,0.001,5.263,2.076
Burundi,BDI,1992,5858405,6377442162,0.216,0.037,,0.018,0.198,,,0.001,5.054,2.054
Burundi,BDI,1993,5676847,5844277258,0.227,0.04,,0.018,0.209,,,0.001,5.001,2.116
Burundi,BDI,1994,5713856,5760142060,0.234,0.041,,0.018,0.216,,,0.001,5.657,2.193
Burundi,BDI,1995,6066319,5429588207,0.238,0.039,,0.018,0.22,,,0.001,5.965,2.293
Burundi,BDI,1996,6070510,4794534934,0.242,0.04,,0.018,0.224,,,0.001,5.941,2.394
Burundi,BDI,1997,6070038,4657583236,0.249,0.041,,0.018,0.231,,,0.001,6.073,2.432
Burundi,BDI,1998,6187114,4813569995,0.249,0.04,,0.018,0.231,,,0.001,6.366,2.493
Burundi,BDI,1999,6337155,4732759799,0.253,0.04,,0.007,0.246,,,0.001,5.675,2.055
Burundi,BDI,2000,6470196,4647178132,0.271,0.042,,0.007,0.264,,,0.001,6.191,2.121
Burundi,BDI,2001,6634368,4722946125,0.205,0.031,,0.011,0.194,,,0.001,6.355,2.068
Burundi,BDI,2002,6824139,4917697691,0.213,0.031,,0.011,0.202,,,0.001,5.693,2.109
Burundi,BDI,2003,7043158,4852463827,0.169,0.024,,0.007,0.161,,,0.001,5.773,2.1
Burundi,BDI,2004,7310656,5086686387,0.198,0.027,,0.007,0.191,,,0.001,4.753,2.172
Burundi,BDI,2005,7587303,5144959327,0.158,0.021,,0.007,0.15,,0.0,0.001,5.052,2.198
Burundi,BDI,2006,7865545,5422209655,0.187,0.024,,0.015,0.172,,0.0,0.001,5.602,2.26
Burundi,BDI,2007,8161879,5601361293,0.187,0.023,,0.011,0.176,,0.0,0.001,5.763,2.302
Burundi,BDI,2008,8505643,5894788502,0.202,0.024,,0.015,0.187,,0.0,0.001,5.906,2.38
Burundi,BDI,2009,8947653,6197653893,0.216,0.024,,0.015,0.201,,0.0,0.001,6.101,2.406
Burundi,BDI,2010,9376448,6558969212,0.333,0.036,,0.018,0.315,,0.0,0.001,6.702,2.516
Burundi,BDI,2011,9717980,6787360000,0.414,0.043,,0.011,0.403,,0.0,0.001,7.544,2.587
Burundi,BDI,2012,10071033,7086796000,0.392,0.039,,0.026,0.366,,0.0,0.001,6.979,2.543
Burundi,BDI,2013,10439346,7430922000,0.436,0.042,,0.022,0.414,,0.0,0.001,7.951,3.173
Burundi,BDI,2014,10799789,7764240000,0.355,0.033,,0.015,0.34,,0.0,0.001,8.02,3.084
Burundi,BDI,2015,11047581,7340438000,0.355,0.032,,0.004,0.352,,0.0,0.001,7.828,3.052
Burundi,BDI,2016,11239459,7554391939,0.429,0.038,,0.037,0.392,,0.0,0.001,8.23,3.115
Burundi,BDI,2017,11506764,7833860723,0.516,0.045,,0.022,0.494,,0.0,0.001,8.703,3.182
Burundi,BDI,2018,11859444,8207327776,0.645,0.054,,0.018,0.627,,0.0,0.002,8.731,3.3
Burundi,BDI,2019,12255339,8573379471,0.685,0.056,,0.044,0.641,,0.0,0.002,8.472,3.392
Burundi,BDI,2020,12617041,8635657446,0.739,0.059,,0.026,0.711,,0.003,0.002,8.414,3.464
Burundi,BDI,2021,12965487,8956206318,0.772,0.06,,0.044,0.725,,0.003,0.002,8.969,3.755
Burundi,BDI,2022,13321102,9177077459,0.878,0.066,,0.044,0.831,,0.003,0.002,9.28,3.908
Burundi,BDI,2023,13689455,,0.901,0.066,,0.051,0.848,,0.003,0.002,9.288,3.964
Burundi,BDI,2024,14047788,,0.917,0.065,,0.052,0.862,,0.003,0.002,9.702,4.124
Cambodia,KHM,1990,7374754,13119771234,1.26,0.171,1.934,,1.26,,0.0,0.006,76.431,3.395
Cambodia,KHM,1991,7686857,13798587857,1.304,0.17,2.011,,1.304,,0.0,0.006,61.88,3.515
Cambodia,KHM,1992,8113085,14439550426,1.348,0.166,2.103,,1.348,,0.0,0.006,55.284,3.608
Cambodia,KHM,1993,8616383,14667326402,1.385,0.161,2.068,,1.385,,0.0,0.006,53.24,3.471
Cambodia,KHM,1994,9239160,15501963200,1.425,0.154,2.177,,1.425,,0.0,0.006,51.157,3.543
Cambodia,KHM,1995,10018500,16125089863,1.499,0.15,2.127,,1.499,,0.0,0.006,50.727,4.333
Cambodia,KHM,1996,10801268,16613603930,1.517,0.14,2.393,,1.517,,0.0,0.006,47.281,4.505
Cambodia,KHM,1997,11570986,17142178985,1.466,0.127,2.401,,1.466,,0.0,0.006,49.469,4.354
Cambodia,KHM,1998,12058180,17586612782,1.876,0.156,2.861,,1.876,,0.0,0.008,48.416,4.955
Cambodia,KHM,1999,12265734,19228281616,1.894,0.154,2.752,,1.894,,0.0,0.008,58.961,4.775
Cambodia,KHM,2000,12462343,20435399154,1.997,0.16,10.973,,1.997,,0.0,0.008,64.275,4.989
Cambodia,KHM,2001,12658486,21587210573,2.235,0.177,12.024,,2.235,,0.0,0.009,64.071,5.616
Cambodia,KHM,2002,12855249,22474402661,2.154,0.168,12.812,,2.154,,0.0,0.008,63.016,5.479
Cambodia,KHM,2003,13050977,23833222981,2.253,0.173,8.116,,2.253,,0.0,0.008,68.149,5.714
Cambodia,KHM,2004,13244737,25705927295,2.239,0.169,10.219,,2.239,,0.0,0.008,69.559,5.922
Cambodia,KHM,2005,13439203,28474467511,2.209,0.164,12.231,,2.209,,0.0,0.007,56.498,5.616
Cambodia,KHM,2006,13639032,30776292972,2.847,0.209,12.637,,2.847,,0.0,0.009,50.543,6.505
Cambodia,KHM,2007,13841773,33022342696,3.489,0.252,12.895,,3.437,,0.053,0.011,49.509,7.187
Cambodia,KHM,2008,14053479,34271375874,3.936,0.28,14.651,0.048,3.517,,0.371,0.012,48.684,7.616
Cambodia,KHM,2009,14276819,34042366543,4.579,0.321,11.629,0.059,4.173,,0.347,0.015,57.443,8.337
Cambodia,KHM,2010,14500730,34365990229,5.067,0.349,15.157,0.084,4.613,,0.37,0.015,62.385,8.742
Cambodia,KHM,2011,14722587,35746712625,5.271,0.358,21.368,0.099,4.741,,0.431,0.015,72.05,9.108
Cambodia,KHM,2012,14945090,38360866456,5.572,0.373,20.972,0.132,4.954,,0.487,0.016,76.857,9.413
Cambodia,KHM,2013,15170210,41183075555,5.626,0.371,21.122,0.198,4.921,,0.507,0.016,79.991,9.474
Cambodia,KHM,2014,15396771,44124784572,6.702,0.435,20.74,1.092,5.099,,0.51,0.019,90.261,10.691
Cambodia,KHM,2015,15623253,47229402407,8.186,0.524,24.283,1.931,5.602,,0.653,0.023,89.092,12.35
Cambodia,KHM,2016,15852802,50470756754,10.644,0.671,25.643,2.681,6.542,,1.421,0.03,93.025,14.816
Cambodia,KHM,2017,16073374,54002196805,12.087,0.752,25.708,3.166,6.621,,2.301,0.034,92.826,16.34
Cambodia,KHM,2018,16274522,58035619609,13.938,0.856,29.745,3.364,7.258,,3.316,0.038,96.588,18.201
Cambodia,KHM,2019,16481305,62129452776,18.626,1.13,35.556,4.488,9.131,,5.007,0.05,101.531,22.922
Cambodia,KHM,2020,16725484,60205930987,20.991,1.255,37.257,6.441,9.204,,5.346,0.06,99.048,25.277
Cambodia,KHM,2021,16974309,62027758832,20.775,1.224,36.694,5.705,9.16,,5.887,0.056,86.611,25.118
Cambodia,KHM,2022,17201721,65136593996,20.865,1.213,38.051,5.444,9.399,,6.022,0.056,89.891,25.152
Cambodia,KHM,2023,17423884,,21.412,1.229,39.064,6.034,9.355,,6.022,0.056,91.411,25.701
Cambodia,KHM,2024,17638804,,21.883,1.241,,6.078,9.783,,6.022,0.057,91.824,26.179
Cameroon,CMR,1990,11331827,22937075576,2.605,0.23,3.279,0.004,2.345,,0.256,0.011,56.757,18.557
Cameroon,CMR,1991,11667186,22472507403,2.668,0.229,3.345,0.004,2.451,,0.214,0.011,57.265,18.156
Cameroon,CMR,1992,12006362,22168696553,2.712,0.226,3.511,0.004,2.455,,0.254,0.012,53.796,17.327
Cameroon,CMR,1993,12353131,21846592889,2.866,0.232,3.698,0.004,2.609,,0.253,0.013,56.184,16.262
Cameroon,CMR,1994,12704900,21685984140,4.88,0.384,5.403,0.004,2.642,,0.195,0.021,59.758,17.06
Cameroon,CMR,1995,13058517,22791497700,5.375,0.412,5.892,0.004,2.975,,0.225,0.023,58.283,18.128
Cameroon,CMR,1996,13414761,24336586345,5.975,0.445,6.411,0.004,3.466,,0.124,0.025,68.51,19.782
Cameroon,CMR,1997,13775216,26071011666,5.379,0.39,6.171,0.004,2.902,,0.252,0.022,63.694,18.35
Cameroon,CMR,1998,14144857,27818636369,5.373,0.38,6.413,,2.836,,0.3,0.022,73.539,18.624
Cameroon,CMR,1999,14525145,29453506980,5.219,0.359,5.808,,2.653,,0.344,0.021,71.152,18.322
Cameroon,CMR,2000,14912632,31207712778,5.589,0.375,5.881,,2.986,,0.36,0.022,66.961,18.833
Cameroon,CMR,2001,15309489,33173869115,5.562,0.363,6.485,,2.931,,0.395,0.022,62.2,19.043
Cameroon,CMR,2002,15725534,35058274715,5.351,0.34,7.777,,2.95,0.0,0.376,0.02,65.554,17.92
Cameroon,CMR,2003,16160340,37066671075,5.705,0.353,6.733,,3.32,0.0,0.379,0.021,69.016,18.498
Cameroon,CMR,2004,16610485,39050234319,5.698,0.343,6.05,,3.44,0.0,0.411,0.02,64.708,17.843
Cameroon,CMR,2005,17074599,40566543367,5.424,0.318,5.997,,3.195,0.0,0.396,0.018,63.555,17.778
Cameroon,CMR,2006,17550403,42544656064,5.486,0.313,6.99,,3.36,0.0,0.393,0.018,63.154,17.051
Cameroon,CMR,2007,18049897,44640871980,7.409,0.41,8.764,,4.573,0.685,0.445,0.024,69.602,18.58
Cameroon,CMR,2008,18574052,46686367319,7.321,0.394,9.022,,4.33,0.711,0.385,0.023,89.964,19.444
Cameroon,CMR,2009,19113978,48395507236,8.555,0.448,10.138,,5.581,0.59,0.424,0.027,111.362,21.081
Cameroon,CMR,2010,19668063,50826589427,8.383,0.426,9.789,,5.683,0.594,0.386,0.025,83.895,20.082
Cameroon,CMR,2011,20232312,53836234148,8.105,0.401,9.959,,5.658,0.425,0.438,0.024,73.578,19.611
Cameroon,CMR,2012,20809530,56263171005,7.607,0.366,10.009,,5.163,0.509,0.487,0.022,63.15,19.427
Cameroon,CMR,2013,21402379,59069016946,7.853,0.367,9.722,,5.159,0.586,0.545,0.022,69.19,20.45
Cameroon,CMR,2014,22059894,62482615428,8.775,0.398,10.351,,5.734,0.85,0.504,0.025,63.479,22.519
Cameroon,CMR,2015,22763418,65981645134,9.85,0.433,11.055,,6.213,0.942,0.659,0.028,72.208,25.716
Cameroon,CMR,2016,23454165,68936963106,9.965,0.425,10.98,,6.035,1.011,0.907,0.028,71.561,25.972
Cameroon,CMR,2017,24128609,71378025048,9.582,0.397,10.408,,5.507,1.121,0.992,0.027,76.429,23.99
Cameroon,CMR,2018,24806377,74248839020,9.844,0.397,9.682,,5.28,1.458,1.097,0.027,67.731,23.727
Cameroon,CMR,2019,25506095,76789634582,9.605,0.377,9.301,,5.238,1.327,1.077,0.026,65.778,24.001
Cameroon,CMR,2020,26210566,77203536828,9.716,0.371,9.929,,4.99,1.7,1.333,0.028,68.029,24.516
Cameroon,CMR,2021,26915765,80020685294,9.734,0.362,10.199,,5.137,1.385,1.744,0.026,65.718,24.408
Cameroon,CMR,2022,27632770,82727797383,9.792,0.354,10.006,,5.354,1.215,1.821,0.026,67.212,24.197
Cameroon,CMR,2023,28372690,,9.695,0.342,10.384,,5.522,1.098,1.821,0.025,64.696,23.737
Cameroon,CMR,2024,29123748,,9.632,0.331,,,5.599,1.114,1.821,0.025,64.827,23.764
Canada,CAN,1990,27789437,835996817449,458.018,16.482,497.179,99.139,212.193,125.706,5.823,2.015,802.014,549.852
Canada,CAN,1991,28157154,820274272433,449.776,15.974,497.02,104.152,199.964,125.276,4.771,1.938,780.829,540.256
Canada,CAN,1992,28500066,829742094636,463.393,16.259,513.927,106.985,202.862,132.473,4.804,2.058,812.695,557.085
Canada,CAN,1993,28830635,853775990714,464.072,16.096,498.713,99.618,206.16,137.022,4.893,2.04,812.271,560.888
Canada,CAN,1994,29147383,894851932653,478.468,16.415,504.29,103.287,211.173,140.26,5.769,2.083,839.308,582.896
Canada,CAN,1995,29459138,921360066054,491.305,16.678,514.113,104.709,213.868,147.985,6.529,2.089,862.328,596.692
Canada,CAN,1996,29767210,938872519434,507.775,17.058,523.839,106.867,220.802,154.547,6.185,2.095,901.971,613.057
Canada,CAN,1997,30059088,981728042651,522.019,17.366,551.441,113.731,228.749,153.155,6.657,2.141,879.081,623.61
Canada,CAN,1998,30329971,1022474596969,529.615,17.462,560.778,119.841,231.618,149.967,6.828,2.18,882.794,630.444
Canada,CAN,1999,30599458,1078414980757,543.859,17.774,566.717,120.136,234.589,162.468,7.118,2.19,901.371,645.068
Canada,CAN,2000,30891800,1137681278760,566.68,18.344,581.546,129.483,237.243,173.031,7.232,2.221,959.412,670.824
Canada,CAN,2001,31213578,1161459919261,558.981,17.908,566.319,126.847,241.282,165.269,6.983,2.176,947.803,662.174
Canada,CAN,2002,31535579,1199865635264,564.256,17.893,585.508,124.528,242.197,171.331,7.148,2.148,937.466,669.122
Canada,CAN,2003,31836483,1224575760991,581.19,18.255,585.786,123.577,257.913,173.956,7.248,2.102,948.6,685.815
Canada,CAN,2004,32132680,1265917327101,576.286,17.935,592.041,116.233,263.667,169.728,7.52,2.014,948.803,682.111
Canada,CAN,2005,32440172,1310077836124,570.396,17.583,615.941,117.261,258.105,168.709,7.614,1.927,937.127,674.758
Canada,CAN,2006,32759174,1348293394113,566.315,17.287,593.299,114.604,256.937,168.049,7.728,1.851,910.424,674.419
Canada,CAN,2007,33092171,1379925831954,589.956,17.828,617.949,119.204,263.617,180.415,7.731,1.873,907.137,697.734
Canada,CAN,2008,33449088,1397938727409,574.214,17.167,600.405,113.144,255.22,180.742,6.988,1.792,884.187,679.156
Canada,CAN,2009,33826370,1360538049277,541.13,15.997,584.856,93.714,251.479,173.864,5.364,1.717,798.718,639.931
Canada,CAN,2010,34196900,1406355361431,554.307,16.209,618.655,96.395,257.185,177.71,6.005,1.664,796.322,654.384
Canada,CAN,2011,34555449,1454221365109,562.832,16.288,616.592,87.382,258.636,193.459,6.02,1.632,850.878,664.604
Canada,CAN,2012,34922513,1479829523672,561.77,16.086,614.216,82.209,258.238,196.532,6.532,1.607,857.8,666.107
Canada,CAN,2013,35293421,1514296485427,568.59,16.11,616.519,79.921,259.85,203.564,5.973,1.612,864.227,673.192
Canada,CAN,2014,35634265,1557757464897,564.938,15.854,599.08,77.558,252.104,210.171,5.912,1.593,879.992,675.089
Canada,CAN,2015,35962236,1568025782105,563.003,15.655,573.193,74.336,251.971,212.68,6.185,1.59,879.932,672.71
Canada,CAN,2016,36353345,1583727974022,553.707,15.231,546.736,74.532,247.842,209.467,6.114,1.564,846.42,658.716
Canada,CAN,2017,36808498,1631871440185,566.66,15.395,554.605,73.963,252.357,217.102,6.863,1.575,878.589,673.656
Canada,CAN,2018,37294996,1677189073139,575.091,15.42,556.62,62.467,258.216,230.629,6.99,1.566,873.207,683.597
Canada,CAN,2019,37782934,1708858221312,579.007,15.325,549.141,59.811,260.942,233.909,7.195,1.561,861.407,686.547
Canada,CAN,2020,38171903,1622144486274,524.208,13.733,502.928,49.442,225.773,224.876,6.713,1.491,795.989,616.927
Canada,CAN,2021,38454058,1703443269914,537.479,13.977,523.939,47.059,233.624,231.229,7.385,1.458,821.735,634.294
Canada,CAN,2022,38821259,1761295624423,547.658,14.107,530.259,39.157,242.291,240.854,6.752,1.459,815.455,646.803
Canada,CAN,2023,39299098,,545.479,13.88,519.943,36.384,241.526,240.94,7.3,1.432,825.051,648.493
Canada,CAN,2024,39742429,,533.34,13.42,,28.672,244.572,233.468,7.3,1.382,802.732,632.399
Cape Verde,CPV,1990,375437,668100000,0.18,0.478,,,0.18,,0.0,0.001,0.371,0.256
Cape Verde,CPV,1991,384603,689942658,0.165,0.429,,,0.165,,0.0,0.001,0.385,0.246
Cape Verde,CPV,1992,393426,722536200,0.18,0.456,,,0.18,,0.0,0.001,0.41,0.263
Cape Verde,CPV,1993,401977,790274598,0.169,0.419,,,0.169,,0.0,0.001,0.4,0.256
Cape Verde,CPV,1994,410230,861446201,0.176,0.429,,,0.176,,0.0,0.001,0.413,0.268
Cape Verde,CPV,1995,418116,941287684,0.198,0.473,,,0.198,,0.0,0.001,0.454,0.295
Cape Verde,CPV,1996,425592,1024669345,0.22,0.517,,,0.22,,0.0,0.001,0.492,0.322
Cape Verde,CPV,1997,432803,1122095895,0.227,0.525,,,0.227,,0.0,0.001,0.486,0.334
Cape Verde,CPV,1998,439789,1238844923,0.242,0.55,,,0.242,,0.0,0.001,0.502,0.353
Cape Verde,CPV,1999,446528,1412383310,0.286,0.64,,,0.286,,0.0,0.001,0.562,0.409
Cape Verde,CPV,2000,453335,1540942373,0.297,0.655,,,0.297,,0.0,0.001,0.621,0.429
Cape Verde,CPV,2001,460300,1663976329,0.348,0.756,,,0.348,,0.0,0.001,0.658,0.483
Cape Verde,CPV,2002,467056,1787222988,0.385,0.824,,,0.385,,0.0,0.001,0.674,0.524
Cape Verde,CPV,2003,473384,1904397612,0.414,0.875,,,0.414,,0.0,0.001,0.653,0.495
Cape Verde,CPV,2004,479377,2022409320,0.429,0.894,,,0.429,,0.0,0.001,0.66,0.512
Cape Verde,CPV,2005,485128,2194575514,0.447,0.921,,,0.447,,0.0,0.002,0.67,0.537
Cape Verde,CPV,2006,490728,2457336149,0.495,1.008,,,0.495,,0.0,0.002,0.717,0.588
Cape Verde,CPV,2007,496196,2720555147,0.506,1.019,,,0.506,,0.0,0.002,0.773,0.603
Cape Verde,CPV,2008,501362,2956642825,0.473,0.943,,,0.473,,0.0,0.001,0.709,0.571
Cape Verde,CPV,2009,506148,2969179680,0.524,1.035,,,0.524,,0.0,0.002,0.756,0.624
Cape Verde,CPV,2010,509793,3071163589,0.557,1.092,,,0.557,,0.0,0.002,0.829,0.658
Cape Verde,CPV,2011,511453,3248220000,0.616,1.204,,,0.616,,0.0,0.002,0.863,0.72
Cape Verde,CPV,2012,511966,3287052000,0.502,0.98,,,0.502,,0.0,0.001,0.757,0.604
Cape Verde,CPV,2013,512231,3310254000,0.495,0.966,,,0.495,,0.0,0.001,0.733,0.596
Cape Verde,CPV,2014,512334,3375218000,0.491,0.958,,,0.491,,0.0,0.001,0.726,0.594
Cape Verde,CPV,2015,512405,3421236000,0.495,0.965,,,0.495,,0.0,0.001,0.727,0.598
Cape Verde,CPV,2016,512556,3573126874,0.531,1.037,,,0.531,,0.0,0.002,0.779,0.638
Cape Verde,CPV,2017,512899,3751791578,0.572,1.114,,,0.572,,0.0,0.002,0.798,0.68
Cape Verde,CPV,2018,513418,3892648372,0.572,1.113,,,0.572,,0.0,0.002,0.789,0.681
Cape Verde,CPV,2019,514116,4189894317,0.63,1.226,,,0.63,,0.0,0.002,0.85,0.743
Cape Verde,CPV,2020,514683,3381126423,0.52,1.011,,,0.52,,0.0,0.001,0.749,0.635
Cape Verde,CPV,2021,516655,3611420923,0.59,1.142,,,0.59,,0.0,0.002,0.825,0.711
Cape Verde,CPV,2022,519750,4251154554,0.598,1.15,,,0.598,,0.0,0.002,0.837,0.721
Cape Verde,CPV,2023,522335,,0.571,1.094,,,0.571,,0.0,0.002,0.813,0.696
Cape Verde,CPV,2024,524878,,0.594,1.131,,,0.594,,0.0,0.002,0.844,0.722
Central African Republic,CAF,1990,2871915,3155955000,0.183,0.064,,,0.183,,0.0,0.001,26.744,3.923
Central African Republic,CAF,1991,2963195,3196204632,0.191,0.064,,,0.191,,0.0,0.001,26.967,4.013
Central African Republic,CAF,1992,3058837,3153286705,0.194,0.063,,,0.194,,0.0,0.001,27.213,3.956
Central African Republic,CAF,1993,3157842,3141613628,0.198,0.063,,,0.198,,0.0,0.001,26.298,3.316
Central African Republic,CAF,1994,3257956,3299692291,0.209,0.064,,,0.209,,0.0,0.001,27.402,3.8
Central African Republic,CAF,1995,3348062,3468004734,0.209,0.062,,,0.209,,0.0,0.001,27.789,3.825
Central African Republic,CAF,1996,3435973,3208680589,0.213,0.062,,,0.213,,0.0,0.001,30.154,3.961
Central African Republic,CAF,1997,3531700,3401098287,0.216,0.061,,,0.216,,0.0,0.001,29.815,2.874
Central African Republic,CAF,1998,3628833,3555832992,0.22,0.061,,,0.22,,0.0,0.001,34.498,4.003
Central African Republic,CAF,1999,3729452,3763942207,0.231,0.062,,,0.231,,0.0,0.001,31.742,3.602
Central African Republic,CAF,2000,3833421,3836505744,0.125,0.032,,,0.125,,0.0,0.0,34.897,3.449
Central African Republic,CAF,2001,3919498,3861482755,0.143,0.036,,,0.143,,0.0,0.001,31.079,3.751
Central African Republic,CAF,2002,4006079,3833969443,0.117,0.029,,,0.117,,0.0,0.0,26.517,2.543
Central African Republic,CAF,2003,4103092,3563805910,0.114,0.028,,,0.114,,0.0,0.0,32.75,3.593
Central African Republic,CAF,2004,4192828,3659297627,0.125,0.03,,,0.125,,0.0,0.0,28.634,2.801
Central African Republic,CAF,2005,4288814,3745738822,0.128,0.03,,,0.128,,0.0,0.0,30.176,3.394
Central African Republic,CAF,2006,4377582,3921727514,0.139,0.032,,,0.139,,0.0,0.0,30.236,3.226
Central African Republic,CAF,2007,4462777,4078141542,0.154,0.034,,,0.154,,0.0,0.0,31.199,3.8
Central African Republic,CAF,2008,4558989,4185491968,0.15,0.033,,,0.15,,0.0,0.0,38.565,3.915
Central African Republic,CAF,2009,4529051,4261637773,0.154,0.034,,,0.154,,0.0,0.0,29.027,3.059
Central African Republic,CAF,2010,4493003,4410453712,0.169,0.038,,,0.169,,0.0,0.001,29.827,3.572
Central African Republic,CAF,2011,4565023,4499550000,0.154,0.034,,,0.154,,0.0,0.0,31.104,3.839
Central African Republic,CAF,2012,4610848,4632212000,0.183,0.04,,,0.183,,0.0,0.001,27.238,3.449
Central African Republic,CAF,2013,4642423,2929689000,0.103,0.022,,,0.103,,0.0,0.0,29.617,3.288
Central African Republic,CAF,2014,4623187,2960958000,0.132,0.029,,,0.132,,0.0,0.0,27.428,3.104
Central African Republic,CAF,2015,4629322,3105792000,0.194,0.042,,,0.194,,0.0,0.001,27.81,3.313
Central African Republic,CAF,2016,4713663,3265229504,0.238,0.051,,,0.238,,0.0,0.001,30.418,3.889
Central African Republic,CAF,2017,4793512,3421678627,0.286,0.06,,,0.286,,0.0,0.001,50.713,3.507
Central African Republic,CAF,2018,4878663,3557270233,0.271,0.056,,,0.271,,0.0,0.001,70.617,3.544
Central African Republic,CAF,2019,4944708,3662931320,0.311,0.063,,,0.311,,0.0,0.001,59.278,3.349
Central African Republic,CAF,2020,5026629,3698072848,0.333,0.066,,,0.333,,0.0,0.001,48.789,3.426
Central African Republic,CAF,2021,5112103,3734422040,0.366,0.072,,,0.366,,0.0,0.001,42.749,3.515
Central African Republic,CAF,2022,5098038,3752056621,0.377,0.074,,,0.377,,0.0,0.001,52.552,3.716
Central African Republic,CAF,2023,5152415,,0.389,0.076,,,0.389,,0.0,0.001,61.917,3.006
Central African Republic,CAF,2024,5330691,,0.395,0.074,,,0.395,,0.0,0.001,68.664,3.263
Chad,TCD,1990,5982838,4042256503,0.377,0.063,,,0.377,,,0.002,22.828,2.798
Chad,TCD,1991,6205688,4243508738,0.388,0.063,,,0.388,,,0.002,28.917,2.877
Chad,TCD,1992,6474651,4384566498,0.403,0.062,,,0.403,,,0.002,30.381,2.951
Chad,TCD,1993,6629147,4228383989,0.399,0.06,,,0.399,,,0.002,31.106,2.923
Chad,TCD,1994,6783456,4512686232,0.416,0.061,,,0.41,,,0.002,33.031,3.112
Chad,TCD,1995,7089063,4614545072,0.427,0.06,,,0.421,,,0.002,33.833,3.203
Chad,TCD,1996,7410107,4763184682,0.443,0.06,,,0.436,,,0.002,44.916,3.251
Chad,TCD,1997,7670371,5091460240,0.453,0.059,,,0.451,,,0.002,41.91,3.043
Chad,TCD,1998,7938841,5510466098,0.464,0.058,,,0.462,,,0.002,40.621,3.438
Chad,TCD,1999,8222710,5546894673,0.474,0.058,,,0.473,,,0.002,44.395,3.81
Chad,TCD,2000,8512092,5599887930,0.488,0.057,,,0.487,,,0.002,50.793,3.884
Chad,TCD,2001,8804122,6336850686,0.506,0.057,,,0.502,,,0.002,45.544,3.872
Chad,TCD,2002,9116195,6982839457,0.531,0.058,,,0.513,,,0.002,50.595,4.044
Chad,TCD,2003,9487830,8110109949,0.882,0.093,,,0.744,,,0.003,60.463,4.665
Chad,TCD,2004,9920036,11032101494,0.906,0.091,,,0.751,,,0.003,61.978,6.369
Chad,TCD,2005,10328094,12146441188,0.929,0.09,,,0.769,,,0.003,58.917,6.551
Chad,TCD,2006,10706426,12214525260,0.957,0.089,,,0.788,,,0.003,57.443,6.451
Chad,TCD,2007,11081667,14704387197,1.089,0.098,,,0.876,,,0.003,58.374,6.528
Chad,TCD,2008,11476299,15257312990,0.872,0.076,,,0.744,,,0.003,65.001,6.123
Chad,TCD,2009,11893753,17078193621,1.22,0.103,,,1.11,,,0.004,75.291,6.436
Chad,TCD,2010,12312580,19869964230,1.236,0.1,,,1.136,,0.0,0.004,77.11,6.649
Chad,TCD,2011,12755004,19903398034,1.277,0.1,,,1.129,,0.001,0.004,89.415,6.659
Chad,TCD,2012,13211006,21656293766,1.747,0.132,,,1.499,,0.054,0.005,99.696,7.181
Chad,TCD,2013,13691081,22902174388,2.082,0.152,,,1.759,,0.07,0.006,100.792,7.305
Chad,TCD,2014,14188680,24480827952,2.183,0.154,,,1.799,,0.077,0.006,93.966,7.576
Chad,TCD,2015,14647626,24914134960,2.352,0.161,,,1.818,,0.085,0.007,97.566,8.176
Chad,TCD,2016,15114652,23529405356,2.382,0.158,,,1.784,,0.097,0.007,97.33,8.216
Chad,TCD,2017,15622756,22969403286,2.341,0.15,,,1.766,,0.136,0.007,98.426,7.965
Chad,TCD,2018,16156535,23510339039,2.384,0.148,,,1.843,,0.143,0.006,101.524,8.235
Chad,TCD,2019,16685223,24314153239,2.3,0.138,,,1.821,,0.159,0.006,103.305,8.274
Chad,TCD,2020,17224686,23793345004,2.356,0.137,,,1.924,,0.151,0.007,108.371,8.523
Chad,TCD,2021,17828274,23531147275,2.67,0.15,,,2.136,,0.198,0.007,111.908,8.823
Chad,TCD,2022,18455319,24118013870,2.8,0.152,,,2.15,,0.232,0.007,116.667,9.028
Chad,TCD,2023,19319075,,2.848,0.147,,,2.218,,0.232,0.007,121.536,9.258
Chad,TCD,2024,20299131,,2.831,0.139,,,2.249,,0.232,0.007,125.907,9.297
Chile,CHL,1990,13437181,133955187000,32.908,2.449,32.379,10.707,18.527,2.613,0.676,0.145,59.244,47.082
Chile,CHL,1991,13662482,143694660776,30.892,2.261,31.395,8.628,19.113,2.198,0.715,0.133,55.638,45.074
Chile,CHL,1992,13884579,160277244361,32.001,2.305,33.909,7.456,20.819,2.612,0.871,0.142,57.749,46.747
Chile,CHL,1993,14102276,170385338997,34.098,2.418,36.108,7.628,22.819,2.448,1.005,0.15,67.279,48.96
Chile,CHL,1994,14316263,178942754051,37.975,2.653,38.923,9.362,24.234,2.631,1.119,0.165,68.795,52.934
Chile,CHL,1995,14527382,196694148759,41.563,2.861,42.171,10.314,26.835,2.616,0.992,0.177,74.325,57.743
Chile,CHL,1996,14734049,209865805164,48.226,3.273,48.116,14.415,29.259,2.682,0.961,0.199,82.276,65.25
Chile,CHL,1997,14932436,222279419403,55.942,3.746,55.734,18.606,31.052,4.529,0.946,0.229,96.667,72.811
Chile,CHL,1998,15127799,227977542773,57.258,3.785,60.14,17.77,31.21,6.441,1.131,0.236,93.244,74.067
Chile,CHL,1999,15319311,224771940848,61.408,4.009,60.421,18.518,32.155,9.032,0.951,0.247,99.51,78.975
Chile,CHL,2000,15503638,233340518904,58.503,3.773,60.948,14.242,30.627,11.919,1.01,0.229,104.248,76.278
Chile,CHL,2001,15683852,239642803054,52.918,3.374,54.629,9.263,28.468,13.517,1.013,0.206,101.149,70.89
Chile,CHL,2002,15857926,243288829547,54.836,3.458,58.812,9.38,30.323,13.506,1.079,0.209,98.891,72.631
Chile,CHL,2003,16024755,250723122339,55.1,3.438,55.012,9.244,29.587,14.737,1.113,0.199,105.303,72.783
Chile,CHL,2004,16187324,264146071325,59.221,3.658,58.686,10.274,31.324,16.048,1.193,0.207,107.34,77.553
Chile,CHL,2005,16348780,278000705012,61.116,3.738,63.159,10.241,33.826,15.557,1.152,0.206,109.995,79.239
Chile,CHL,2006,16509195,293258343549,64.048,3.88,66.418,12.535,35.735,14.334,1.236,0.209,109.724,82.179
Chile,CHL,2007,16671571,305709457316,70.469,4.227,73.028,13.003,47.223,8.764,1.316,0.224,119.872,89.187
Chile,CHL,2008,16838987,314032357531,70.549,4.19,84.475,16.733,47.549,4.825,1.307,0.22,125.591,90.389
Chile,CHL,2009,17009730,306660166266,65.96,3.878,65.88,13.429,44.932,6.379,1.081,0.209,117.197,84.066
Chile,CHL,2010,17181463,321457401232,71.347,4.153,76.566,16.525,43.461,10.227,1.046,0.214,122.576,87.335
Chile,CHL,2011,17351810,338708860136,78.071,4.499,88.35,20.848,45.628,10.45,1.08,0.226,127.555,95.745
Chile,CHL,2012,17519116,359556383692,79.621,4.545,95.012,23.479,45.162,9.809,1.127,0.228,131.836,98.35
Chile,CHL,2013,17687006,371454072393,81.733,4.621,92.657,25.395,45.914,9.292,1.086,0.232,131.036,101.447
Chile,CHL,2014,17864192,378114271615,77.586,4.343,85.495,24.385,43.82,8.296,1.022,0.219,126.244,96.082
Chile,CHL,2015,18047630,386251266445,81.778,4.531,88.169,27.191,44.353,9.112,1.033,0.231,127.965,99.804
Chile,CHL,2016,18267225,393022253885,84.25,4.612,88.83,27.015,46.064,9.951,1.12,0.238,129.748,102.271
Chile,CHL,2017,18558868,398359518680,84.135,4.533,88.806,27.754,45.465,9.944,0.915,0.234,128.722,102.616
Chile,CHL,2018,18893185,414254051745,84.443,4.469,92.76,27.07,46.573,9.981,0.73,0.23,127.067,103.395
Chile,CHL,2019,19197748,417331966568,91.977,4.791,97.968,31.017,48.022,12.051,0.84,0.248,132.671,110.757
Chile,CHL,2020,19370621,391686945225,80.178,4.139,83.111,25.193,43.035,11.043,0.88,0.228,124.513,98.176
Chile,CHL,2021,19456323,437659188270,83.63,4.298,91.102,24.101,46.49,12.083,0.944,0.227,119.015,100.82
Chile,CHL,2022,19553033,448338105532,85.744,4.385,92.385,19.858,52.159,12.867,0.851,0.228,117.52,102.558
Chile,CHL,2023,19658833,,77.604,3.948,88.157,11.731,51.571,13.446,0.851,0.204,106.233,94.487
Chile,CHL,2024,19764774,,78.726,3.983,,10.874,54.435,12.559,0.851,0.204,104.4,95.082
China,CHN,1990,1153582725,3385121670000,2483.534,2.153,2360.771,1976.808,330.292,29.301,83.068,10.925,4205.167,3050.701
China,CHN,1991,1170788533,3508948004345,2619.143,2.237,2457.917,2049.723,356.027,30.778,99.573,11.287,4315.059,3185.453
China,CHN,1992,1184574236,3755037703201,2731.29,2.306,2658.184,2114.612,385.794,30.239,120.352,12.128,4445.956,3302.529
China,CHN,1993,1197308574,4126169229667,2914.284,2.434,2810.093,2228.683,428.549,35.728,140.333,12.81,4591.354,3497.279
China,CHN,1994,1209003099,4438753488140,3093.891,2.559,2792.039,2380.736,423.712,41.568,161.567,13.467,4901.601,3692.746
China,CHN,1995,1220133929,4809999898743,3351.197,2.747,3036.594,2569.699,468.23,42.436,181.48,14.25,5151.296,3987.509
China,CHN,1996,1230944809,5127589598793,3499.311,2.843,3159.358,2660.288,510.622,44.47,189.556,14.44,5359.031,4132.814
China,CHN,1997,1241139623,5291338914515,3512.35,2.83,3099.581,2609.78,557.961,44.158,199.406,14.406,5318.064,4148.035
China,CHN,1998,1250847122,5338703042331,3355.336,2.682,2997.351,2444.896,559.262,50.501,207.755,13.81,5195.279,3981.551
China,CHN,1999,1260176650,5578503091801,3549.949,2.817,3191.316,2580.985,596.751,54.572,224.419,14.293,5342.072,4172.754
China,CHN,2000,1269581174,5952682232028,3643.81,2.87,3236.004,2601.591,648.685,59.796,240.21,14.283,5282.098,4281.563
China,CHN,2001,1278725061,6329737256820,3724.114,2.912,3331.183,2637.885,659.301,67.158,266.198,14.495,5282.242,4380.003
China,CHN,2002,1286866835,6814493895929,4098.181,3.185,3619.706,3018.604,653.087,53.993,277.856,15.603,5600.191,4772.301
China,CHN,2003,1294517323,7248623080792,4835.251,3.735,4019.688,3601.892,727.099,60.745,347.633,17.486,6373.199,5576.535
China,CHN,2004,1302100316,7830953177799,5210.961,4.002,4254.644,3835.193,839.096,71.521,362.099,18.214,6840.591,6015.262
China,CHN,2005,1310027135,8602939667333,5881.991,4.49,4646.61,4424.24,850.176,84.957,411.643,19.872,7551.543,6746.289
China,CHN,2006,1318054030,9489543138489,6486.185,4.921,5064.245,4905.253,898.537,103.753,462.05,21.201,8215.579,7403.366
China,CHN,2007,1325813576,10358206113742,6974.663,5.261,5468.66,5289.79,927.355,129.515,506.177,22.142,8701.73,7925.848
China,CHN,2008,1333821011,10799148337884,7492.404,5.617,5887.975,5729.368,970.121,149.674,516.934,23.377,9244.5,8441.73
China,CHN,2009,1342522717,11572544299171,7881.491,5.871,6653.185,6028.871,982.355,164.404,573.584,25.01,9644.707,8823.625
China,CHN,2010,1351561505,12858808500983,8610.048,6.37,7260.693,6569.148,1092.572,199.585,628.658,25.842,10308.954,9600.764
China,CHN,2011,1360250658,13691526496125,9520.153,6.999,8056.911,7309.64,1123.862,245.99,696.451,27.611,11352.635,10605.287
China,CHN,2012,1369520866,14773157494771,9767.311,7.132,8342.668,7464.979,1176.716,277.599,702.562,27.943,11526.329,10853.954
China,CHN,2013,1379008040,15925464549520,9942.371,7.21,8627.376,7493.418,1234.622,320.127,735.53,28.185,11692.455,11041.993
China,CHN,2014,1387951970,17103948867278,9976.027,7.188,8720.13,7425.231,1255.609,370.222,757.115,28.129,11689.33,11086.678
China,CHN,2015,1396134171,18301224436466,9858.04,7.061,8789.746,7266.352,1328.812,380.052,706.275,27.845,11642.968,10966.92
China,CHN,2016,1404052628,19545709173693,9748.175,6.943,8672.109,7071.886,1357.842,421.726,728.112,27.543,11382.781,10814.965
China,CHN,2017,1412354730,20894362082435,10000.014,7.08,8957.402,7163.662,1430.594,486.359,740.559,27.797,11622.925,11097.793
China,CHN,2018,1419008954,22294284747546,10346.79,7.292,9443.433,7316.7,1500.478,575.369,752.743,28.167,11989.896,11487.489
China,CHN,2019,1423520357,23631941251482,10713.515,7.526,9767.083,7522.577,1559.739,630.171,805.948,28.888,12322.384,11888.703
China,CHN,2020,1426106093,24151843898871,10896.521,7.641,9798.917,7679.382,1523.058,676.473,828.71,30.993,12524.051,12091.771
China,CHN,2021,1426437269,26180600167672,11284.401,7.911,10087.989,8004.203,1521.109,765.332,802.485,30.609,12958.471,12538.149
China,CHN,2022,1425179562,26966016991166,11711.808,8.218,10427.033,8468.947,1559.721,773.225,718.777,31.208,13446.92,13031.949
China,CHN,2023,1422584930,,12172.009,8.556,10857.025,8740.891,1729.58,828.897,681.688,31.953,13934.404,13532.396
China,CHN,2024,1419321284,,12289.037,8.658,,8886.021,1705.386,889.406,617.752,31.838,14107.007,13698.566
Christmas Island,CXR,1990,,,,,,,,,0.0,,,
Christmas Island,CXR,1991,,,,,,,,,0.0,,,
Christmas Island,CXR,1992,,,,,,,,,0.0,,,
Christmas Island,CXR,1993,,,,,,,,,0.0,,,
Christmas Island,CXR,1994,,,0.0,,,,,,0.0,0.0,,
Christmas Island,CXR,1995,,,0.0,,,,,,0.0,0.0,,
Christmas Island,CXR,1996,,,0.0,,,,,,0.0,0.0,,
Christmas Island,CXR,1997,,,0.0,,,,,,0.0,0.0,,
Christmas Island,CXR,1998,,,0.0,,,,,,0.0,0.0,,
Christmas Island,CXR,1999,,,0.0,,,,,,0.0,0.0,,
Christmas Island,CXR,2000,,,0.0,,,,,,0.0,0.0,,
Christmas Island,CXR,2001,,,0.0,,,,,,0.0,0.0,,
Christmas Island,CXR,2002,,,0.0,,,,,,0.0,0.0,,
Christmas Island,CXR,2003,,,0.0,,,,,,0.0,0.0,,
Christmas Island,CXR,2004,,,0.0,,,,,,0.0,0.0,,
Christmas Island,CXR,2005,,,0.0,,,,,,0.0,0.0,,
Christmas Island,CXR,2006,,,0.0,,,,,,0.0,0.0,,
Christmas Island,CXR,2007,,,0.0,,,,,,0.0,0.0,,
Christmas Island,CXR,2008,,,0.0,,,,,,0.0,0.0,,
Christmas Island,CXR,2009,,,0.0,,,,,,0.0,0.0,,
Christmas Island,CXR,2010,,,0.0,,,,,,0.0,0.0,,
Christmas Island,CXR,2011,,,0.0,,,,,,0.0,0.0,,
Christmas Island,CXR,2012,,,0.0,,,,,,0.0,0.0,,
Christmas Island,CXR,2013,,,0.0,,,,,,0.0,0.0,,
Christmas Island,CXR,2014,,,0.0,,,,,,0.0,0.0,,
Christmas Island,CXR,2015,,,0.0,,,,,,0.0,0.0,,
Christmas Island,CXR,2016,,,0.0,,,,,,0.0,0.0,,
Christmas Island,CXR,2017,,,0.0,,,,,,0.0,0.0,,
Christmas Island,CXR,2018,,,0.0,,,,,,0.0,0.0,,
Christmas Island,CXR,2019,,,0.0,,,,,,0.0,0.0,,
Christmas Island,CXR,2020,,,0.0,,,,,,0.0,0.0,,
Christmas Island,CXR,2021,,,0.0,,,,,,0.0,0.0,,
Christmas Island,CXR,2022,,,0.0,,,,,,0.0,0.0,,
Christmas Island,CXR,2023,,,0.0,,,,,,0.0,0.0,,
Christmas Island,CXR,2024,,,0.0,,,,,,0.0,0.0,,
Colombia,COL,1990,32440064,253538201000,56.857,1.753,60.09,13.828,31.111,8.372,2.74,0.25,155.272,78.777
Colombia,COL,1991,33098373,259415683485,56.609,1.71,59.173,12.351,31.998,8.695,2.737,0.244,173.232,78.642
Colombia,COL,1992,33760571,270562880339,61.341,1.817,66.564,13.495,35.651,8.365,2.907,0.272,180.611,84.448
Colombia,COL,1993,34441479,286025318326,63.26,1.837,68.0,14.107,36.038,8.644,3.339,0.278,192.122,86.343
Colombia,COL,1994,35127408,300636179033,66.982,1.907,71.34,13.534,39.558,8.976,3.945,0.292,191.867,90.614
Colombia,COL,1995,35804670,316101744239,59.35,1.658,65.688,14.04,31.793,8.295,3.92,0.252,233.069,85.23
Colombia,COL,1996,36462740,322403822039,59.628,1.635,64.908,12.403,32.577,10.234,3.555,0.246,232.471,85.377
Colombia,COL,1997,37121155,333997136300,65.096,1.754,70.36,12.201,34.797,12.454,3.777,0.267,288.415,93.515
Colombia,COL,1998,37792169,335365604121,65.56,1.735,70.919,11.592,35.356,13.021,3.674,0.27,302.003,95.148
Colombia,COL,1999,38454861,321583145089,55.286,1.438,54.526,9.585,30.393,11.201,2.788,0.223,253.148,83.811
Colombia,COL,2000,39089939,330615619673,56.213,1.438,54.095,10.033,29.329,12.488,3.057,0.22,187.115,85.933
Colombia,COL,2001,39709263,336096684249,56.465,1.422,54.873,10.127,28.543,13.26,2.926,0.22,165.278,86.578
Colombia,COL,2002,40324684,344517683680,55.417,1.374,54.938,9.061,28.722,13.245,2.829,0.211,211.33,85.953
Colombia,COL,2003,40937426,357889195415,57.033,1.393,59.851,10.311,29.647,12.682,3.123,0.206,328.652,87.73
Colombia,COL,2004,41543177,376728225954,54.324,1.308,59.679,7.075,29.525,13.348,3.328,0.19,211.028,84.761
Colombia,COL,2005,42128978,394076061209,60.256,1.43,66.697,10.215,30.93,14.007,4.249,0.204,175.419,90.949
Colombia,COL,2006,42691081,420283862175,62.466,1.463,72.402,9.332,33.969,14.033,4.3,0.204,200.174,94.16
Colombia,COL,2007,43235374,448731322364,60.67,1.403,76.21,8.031,33.02,14.033,4.741,0.193,206.941,93.446
Colombia,COL,2008,43758805,464038717488,66.982,1.531,81.16,10.747,33.441,17.518,4.479,0.209,185.889,100.149
Colombia,COL,2009,44271543,471326580093,71.771,1.621,82.575,11.084,35.739,20.097,3.955,0.228,186.836,106.221
Colombia,COL,2010,44777325,489870174161,75.431,1.685,89.392,12.607,35.697,21.987,4.072,0.226,183.138,111.45
Colombia,COL,2011,45259614,521323240921,75.191,1.661,92.364,12.725,35.339,21.05,4.618,0.218,289.713,113.287
Colombia,COL,2012,45715807,541722649583,78.675,1.721,97.147,10.326,38.917,22.901,4.68,0.225,477.15,117.693
Colombia,COL,2013,46151583,569534665242,86.445,1.873,104.41,16.264,41.509,22.339,4.669,0.245,330.769,126.056
Colombia,COL,2014,46565426,595158021031,92.042,1.977,113.149,16.458,45.216,23.907,4.834,0.26,281.307,132.282
Colombia,COL,2015,46969938,612750891790,91.027,1.938,108.187,17.602,42.891,24.406,4.585,0.257,253.915,131.507
Colombia,COL,2016,47437513,625545111723,91.583,1.931,107.751,17.994,45.459,22.896,4.124,0.259,231.966,131.952
Colombia,COL,2017,48131076,634046295892,83.459,1.734,99.169,12.655,42.872,22.783,4.115,0.232,309.855,123.505
Colombia,COL,2018,49024463,650303209362,90.811,1.852,106.349,11.219,50.695,23.53,4.321,0.247,306.718,130.955
Colombia,COL,2019,49907987,671028388046,98.962,1.983,112.45,23.79,45.58,24.223,4.365,0.267,275.532,139.85
Colombia,COL,2020,50629997,622365414246,92.305,1.823,105.499,20.343,43.224,23.952,4.054,0.263,244.111,130.063
Colombia,COL,2021,51188174,690925195330,103.734,2.027,116.946,19.742,56.821,21.76,4.794,0.281,250.341,141.975
Colombia,COL,2022,51737944,742716953392,89.437,1.729,103.876,17.894,44.467,21.54,5.077,0.238,237.231,128.148
Colombia,COL,2023,52321152,,89.992,1.72,104.465,19.657,42.451,22.344,4.938,0.236,239.276,129.263
Colombia,COL,2024,52886360,,92.659,1.752,,22.3,42.094,23.021,4.665,0.24,248.28,130.949
Comoros,COM,1990,444601,469560000,0.062,0.14,,,0.062,,0.0,0.0,0.465,0.211
Comoros,COM,1991,455563,484441557,0.066,0.145,,,0.066,,0.0,0.0,0.39,0.221
Comoros,COM,1992,465118,534666886,0.07,0.15,,,0.07,,0.0,0.0,0.464,0.229
Comoros,COM,1993,473681,558102852,0.07,0.147,,,0.07,,0.0,0.0,0.475,0.235
Comoros,COM,1994,482148,536542946,0.073,0.152,,,0.073,,0.0,0.0,0.49,0.244
Comoros,COM,1995,490594,563630517,0.077,0.157,,,0.077,,0.0,0.0,0.506,0.256
Comoros,COM,1996,499113,563951171,0.077,0.154,,,0.077,,0.0,0.0,0.517,0.264
Comoros,COM,1997,507779,595856754,0.081,0.159,,,0.081,,0.0,0.0,0.477,0.272
Comoros,COM,1998,516606,611159252,0.088,0.17,,,0.088,,0.0,0.0,0.497,0.285
Comoros,COM,1999,525894,631495315,0.095,0.181,,,0.095,,0.0,0.0,0.525,0.309
Comoros,COM,2000,536084,656399277,0.103,0.191,,,0.103,,0.0,0.0,0.554,0.325
Comoros,COM,2001,547221,680582090,0.106,0.194,,,0.106,,0.0,0.0,0.54,0.325
Comoros,COM,2002,558927,705937319,0.106,0.19,,,0.106,,0.0,0.0,0.544,0.331
Comoros,COM,2003,569808,731630321,0.136,0.238,,,0.136,,0.0,0.0,0.565,0.367
Comoros,COM,2004,580711,755848590,0.15,0.259,,,0.15,,0.0,0.001,0.565,0.389
Comoros,COM,2005,592679,788522780,0.143,0.241,,,0.143,,0.0,0.0,0.549,0.391
Comoros,COM,2006,604752,888321718,0.169,0.279,,,0.169,,0.0,0.001,0.567,0.418
Comoros,COM,2007,616935,908328164,0.106,0.172,,,0.106,,0.0,0.0,0.501,0.36
Comoros,COM,2008,629314,956653402,0.11,0.175,,,0.11,,0.0,0.0,0.51,0.371
Comoros,COM,2009,641949,1004144820,0.136,0.211,,,0.136,,0.0,0.0,0.537,0.406
Comoros,COM,2010,654846,1011389038,0.161,0.246,,,0.161,,0.0,0.0,0.568,0.439
Comoros,COM,2011,668064,1067838000,0.143,0.214,,,0.143,,0.0,0.0,0.558,0.427
Comoros,COM,2012,681637,1112133000,0.154,0.226,,,0.154,,0.0,0.0,0.587,0.444
Comoros,COM,2013,696203,1217488000,0.183,0.263,,,0.183,,0.0,0.001,0.611,0.481
Comoros,COM,2014,711512,1263249000,0.165,0.232,,,0.165,,0.0,0.0,0.595,0.47
Comoros,COM,2015,726685,1324576000,0.18,0.247,,,0.18,,0.0,0.001,0.608,0.486
Comoros,COM,2016,741745,1356063486,0.205,0.277,,,0.205,,0.0,0.001,0.639,0.519
Comoros,COM,2017,756672,1426021134,0.264,0.349,,,0.264,,0.0,0.001,0.714,0.584
Comoros,COM,2018,771597,1479483924,0.286,0.37,,,0.286,,0.0,0.001,0.742,0.612
Comoros,COM,2019,786582,1533170985,0.311,0.396,,,0.311,,0.0,0.001,0.778,0.652
Comoros,COM,2020,802172,1594579416,0.37,0.461,,,0.37,,0.0,0.001,0.839,0.717
Comoros,COM,2021,818178,1639163875,0.498,0.609,,,0.498,,0.0,0.001,0.962,0.841
Comoros,COM,2022,834191,1682076951,0.532,0.637,,,0.532,,0.0,0.001,1.005,0.881
Comoros,COM,2023,850390,,0.542,0.638,,,0.542,,0.0,0.001,1.021,0.896
Comoros,COM,2024,866632,,0.552,0.637,,,0.552,,0.0,0.001,1.033,0.907
Congo,COG,1990,2380562,8597207705,1.008,0.423,,,0.971,,0.037,0.004,18.525,9.184
Congo,COG,1991,2449235,9009686346,1.083,0.442,,,1.041,,0.042,0.005,17.44,9.101
Congo,COG,1992,2519467,9460341965,1.289,0.512,,,1.242,,0.047,0.006,19.731,9.444
Congo,COG,1993,2595127,9584773341,1.16,0.447,,,1.114,,0.047,0.005,18.611,9.69
Congo,COG,1994,2673147,9269118406,3.384,1.266,,,1.733,,0.035,0.015,23.751,10.711
Congo,COG,1995,2749464,9864798737,3.225,1.173,,,1.147,,0.039,0.014,26.307,12.278
Congo,COG,1996,2826786,10738735212,4.037,1.428,,,1.319,,0.02,0.017,30.583,16.054
Congo,COG,1997,2887862,10724892959,4.831,1.673,,,1.913,,0.008,0.02,44.916,17.386
Congo,COG,1998,2952062,11368414038,3.869,1.311,,,0.355,,0.0,0.016,51.595,19.038
Congo,COG,1999,3032876,11329492011,3.916,1.291,,,0.363,,0.0,0.016,52.462,19.286
Congo,COG,2000,3151349,12472135877,4.284,1.359,,,0.473,,0.008,0.017,47.712,21.022
Congo,COG,2001,3272542,13249308227,4.178,1.277,,,0.605,0.0,0.0,0.016,38.92,19.548
Congo,COG,2002,3350770,14180954098,2.72,0.812,,,0.491,0.0,0.0,0.01,28.993,12.68
Congo,COG,2003,3445758,14627827623,3.258,0.946,,,0.777,0.033,0.0,0.012,33.183,14.209
Congo,COG,2004,3565565,15504146539,3.549,0.995,,,0.821,0.037,0.0,0.012,31.612,15.54
Congo,COG,2005,3696399,17078609818,4.352,1.177,,,0.913,0.044,0.04,0.015,35.362,19.125
Congo,COG,2006,3837411,18567839817,4.786,1.247,,,1.044,0.044,0.039,0.016,37.07,20.982
Congo,COG,2007,3980430,18699065550,4.259,1.07,,,1.132,0.04,0.039,0.014,38.645,17.879
Congo,COG,2008,4113514,20270055811,4.27,1.038,,,1.242,0.048,0.04,0.013,39.188,17.491
Congo,COG,2009,4281218,22298715246,4.944,1.155,,,1.576,0.106,0.042,0.016,41.197,19.354
Congo,COG,2010,4462304,24809062977,5.5,1.233,,,1.737,0.194,0.031,0.017,47.14,21.289
Congo,COG,2011,4609728,26249089782,5.046,1.095,,,1.931,0.282,0.027,0.015,49.581,20.399
Congo,COG,2012,4740457,28860086022,5.018,1.059,,,2.479,0.407,0.057,0.014,47.604,19.967
Congo,COG,2013,4857104,28654592534,5.89,1.213,,,2.53,0.579,0.097,0.017,45.101,19.302
Congo,COG,2014,4975887,30579326354,5.471,1.1,,,2.402,0.524,0.178,0.015,36.009,19.451
Congo,COG,2015,5097583,29493455123,5.637,1.106,,,2.173,0.982,0.271,0.016,42.994,18.968
Congo,COG,2016,5222545,26313174327,5.727,1.097,,,2.127,1.124,0.368,0.016,39.061,18.894
Congo,COG,2017,5351013,25159867387,5.651,1.056,,,1.924,1.183,0.407,0.016,43.831,20.509
Congo,COG,2018,5483128,23950933949,6.545,1.194,,,1.953,1.345,0.271,0.018,41.646,24.143
Congo,COG,2019,5616656,24196673159,7.294,1.299,,,1.975,1.887,0.283,0.02,40.207,25.205
Congo,COG,2020,5752792,22696964187,7.677,1.335,,,2.114,1.968,0.232,0.022,44.926,24.287
Congo,COG,2021,5892187,23037421913,7.393,1.255,,,2.207,2.035,0.29,0.02,41.404,22.438
Congo,COG,2022,6035104,23679011891,8.728,1.446,,,2.379,2.581,0.346,0.023,43.319,23.647
Congo,COG,2023,6182890,,8.274,1.338,,,2.453,2.333,0.346,0.022,42.723,23.608
Congo,COG,2024,6332969,,8.84,1.396,,,2.487,2.366,0.346,0.023,41.879,22.75
Cook Islands,COK,1990,17146,,0.04,2.351,,,0.04,,0.0,0.0,0.058,0.046
Cook Islands,COK,1991,17329,,0.04,2.326,,,0.04,,0.0,0.0,0.056,0.045
Cook Islands,COK,1992,17495,,0.04,2.304,,,0.04,,0.0,0.0,0.057,0.046
Cook Islands,COK,1993,17615,,0.044,2.496,,,0.044,,0.0,0.0,0.064,0.05
Cook Islands,COK,1994,17710,,0.044,2.483,,,0.044,,0.0,0.0,0.064,0.05
Cook Islands,COK,1995,17801,,0.044,2.47,,,0.044,,0.0,0.0,0.065,0.05
Cook Islands,COK,1996,17880,,0.051,2.869,,,0.051,,0.0,0.0,0.075,0.057
Cook Islands,COK,1997,17648,,0.051,2.907,,,0.051,,0.0,0.0,0.077,0.057
Cook Islands,COK,1998,17102,,0.051,2.999,,,0.051,,0.0,0.0,0.078,0.057
Cook Islands,COK,1999,16508,,0.051,3.107,,,0.051,,0.0,0.0,0.074,0.058
Cook Islands,COK,2000,15876,,0.051,3.231,,,0.051,,0.0,0.0,0.072,0.057
Cook Islands,COK,2001,15259,,0.055,3.602,,,0.055,,0.0,0.0,0.072,0.061
Cook Islands,COK,2002,14994,,0.044,2.932,,,0.044,,0.0,0.0,0.058,0.05
Cook Islands,COK,2003,15049,,0.048,3.165,,,0.048,,0.0,0.0,0.06,0.054
Cook Islands,COK,2004,15103,,0.051,3.396,,,0.051,,0.0,0.0,0.063,0.058
Cook Islands,COK,2005,15153,,0.059,3.869,,,0.059,,0.0,0.0,0.07,0.066
Cook Islands,COK,2006,15233,,0.066,4.33,,,0.066,,0.0,0.0,0.076,0.073
Cook Islands,COK,2007,15519,,0.066,4.25,,,0.066,,0.0,0.0,0.075,0.073
Cook Islands,COK,2008,16003,,0.066,4.121,,,0.066,,0.0,0.0,0.075,0.073
Cook Islands,COK,2009,16497,,0.062,3.776,,,0.062,,0.0,0.0,0.07,0.069
Cook Islands,COK,2010,17000,,0.07,4.095,,,0.07,,0.0,0.0,0.077,0.077
Cook Islands,COK,2011,17480,,0.077,4.402,,,0.077,,0.0,0.0,0.084,0.084
Cook Islands,COK,2012,17690,,0.081,4.557,,,0.081,,0.0,0.0,0.088,0.088
Cook Islands,COK,2013,17629,,0.081,4.572,,,0.081,,0.0,0.0,0.088,0.088
Cook Islands,COK,2014,17556,,0.081,4.591,,,0.081,,0.0,0.0,0.09,0.088
Cook Islands,COK,2015,17471,,0.077,4.404,,,0.077,,0.0,0.0,0.087,0.084
Cook Islands,COK,2016,17360,,0.077,4.432,,,0.077,,0.0,0.0,0.086,0.084
Cook Islands,COK,2017,17066,,0.077,4.509,,,0.077,,0.0,0.0,0.086,0.084
Cook Islands,COK,2018,16623,,0.077,4.629,,,0.077,,0.0,0.0,0.087,0.084
Cook Islands,COK,2019,16151,,0.081,4.991,,,0.081,,0.0,0.0,0.09,0.088
Cook Islands,COK,2020,15664,,0.066,4.21,,,0.066,,0.0,0.0,0.074,0.073
Cook Islands,COK,2021,15205,,0.073,4.819,,,0.073,,0.0,0.0,0.082,0.081
Cook Islands,COK,2022,14747,,0.077,5.218,,,0.077,,0.0,0.0,0.085,0.084
Cook Islands,COK,2023,14244,,0.077,5.376,,,0.077,,0.0,0.0,0.085,0.084
Cook Islands,COK,2024,13750,,0.08,5.824,,,0.08,,0.0,0.0,0.088,0.088
Costa Rica,CRI,1990,3121707,22906633594,2.909,0.932,4.863,,2.645,,0.264,0.013,14.977,4.227
Costa Rica,CRI,1991,3202182,23392535070,3.282,1.025,5.058,,2.986,,0.296,0.014,13.136,4.662
Costa Rica,CRI,1992,3284261,25455642664,3.735,1.137,5.625,,3.44,,0.295,0.017,13.069,5.269
Costa Rica,CRI,1993,3367436,27068748885,3.881,1.153,5.597,,3.521,,0.36,0.017,14.348,5.499
Costa Rica,CRI,1994,3451122,28250615652,5.188,1.503,6.626,,4.796,,0.392,0.023,19.87,6.879
Costa Rica,CRI,1995,3535179,29404437442,4.789,1.355,6.517,,4.43,,0.359,0.02,15.796,6.506
Costa Rica,CRI,1996,3619012,29695504987,4.673,1.291,6.167,,4.331,,0.343,0.019,15.44,6.515
Costa Rica,CRI,1997,3701713,31327517132,4.9,1.324,7.178,,4.514,,0.386,0.02,13.281,6.846
Costa Rica,CRI,1998,3782840,33453800269,5.214,1.378,7.414,,4.771,,0.443,0.021,13.6,7.168
Costa Rica,CRI,1999,3862103,34758013094,5.415,1.402,7.678,,4.968,,0.447,0.022,13.483,7.413
Costa Rica,CRI,2000,3937737,36043077867,5.367,1.363,8.282,0.0,4.943,,0.424,0.021,15.357,7.252
Costa Rica,CRI,2001,4008951,37338984417,5.638,1.406,8.403,0.117,5.042,,0.479,0.022,15.529,7.566
Costa Rica,CRI,2002,4075710,38566391693,6.214,1.525,11.577,0.136,5.606,,0.473,0.024,17.834,8.229
Costa Rica,CRI,2003,4138791,40104618605,6.551,1.583,10.432,0.194,5.917,,0.439,0.024,17.087,8.664
Costa Rica,CRI,2004,4200079,41810218746,6.797,1.618,10.512,0.158,6.064,,0.576,0.024,12.808,9.035
Costa Rica,CRI,2005,4261240,43414436973,6.66,1.563,10.683,0.004,5.899,,0.757,0.022,13.056,8.544
Costa Rica,CRI,2006,4321337,46549505108,6.976,1.614,11.721,0.004,6.434,,0.539,0.023,13.982,8.821
Costa Rica,CRI,2007,4380250,50253055044,7.907,1.805,13.151,0.059,6.973,,0.875,0.025,16.29,9.868
Costa Rica,CRI,2008,4440058,52514579539,7.934,1.787,13.866,0.0,7.148,,0.786,0.025,19.49,9.924
Costa Rica,CRI,2009,4499788,51990443852,7.693,1.71,11.238,0.011,6.903,,0.779,0.024,19.719,9.72
Costa Rica,CRI,2010,4555965,54669051273,7.461,1.638,11.898,0.004,6.987,,0.47,0.022,18.184,9.566
Costa Rica,CRI,2011,4609834,56719502938,7.276,1.578,13.029,0.022,6.742,,0.512,0.021,16.353,9.417
Costa Rica,CRI,2012,4663930,59489116143,7.217,1.547,12.961,0.007,6.701,,0.508,0.021,16.726,9.416
Costa Rica,CRI,2013,4716153,60973369897,7.584,1.608,13.26,0.018,7.042,,0.523,0.021,17.646,9.853
Costa Rica,CRI,2014,4767126,63133053443,7.702,1.616,13.265,0.022,7.145,,0.535,0.022,16.578,10.027
Costa Rica,CRI,2015,4818045,65438671759,7.353,1.526,13.183,0.0,6.782,,0.571,0.021,18.322,9.73
Costa Rica,CRI,2016,4867003,68189707920,7.829,1.609,13.936,0.0,7.394,,0.435,0.022,17.691,10.241
Costa Rica,CRI,2017,4913177,71025038908,7.987,1.626,14.333,0.018,7.482,,0.487,0.022,18.001,10.435
Costa Rica,CRI,2018,4957813,72883048113,7.967,1.607,14.721,0.0,7.489,,0.478,0.022,16.278,10.451
Costa Rica,CRI,2019,4999549,74645366733,7.66,1.532,14.352,0.0,7.225,,0.435,0.021,16.02,10.202
Costa Rica,CRI,2020,5034323,71455765338,6.754,1.342,12.307,0.0,6.397,,0.357,0.019,14.319,9.317
Costa Rica,CRI,2021,5059991,77015741091,7.665,1.515,14.011,0.051,7.222,,0.392,0.021,14.042,10.296
Costa Rica,CRI,2022,5081764,80345898158,8.01,1.576,14.655,0.059,7.523,,0.428,0.021,13.886,10.7
Costa Rica,CRI,2023,5105526,,8.473,1.659,14.692,0.069,7.976,,0.428,0.022,14.826,11.218
Costa Rica,CRI,2024,5129909,,8.76,1.708,,0.049,8.283,,0.428,0.023,14.982,11.555
Cote d'Ivoire,CIV,1990,12189780,26018496693,4.782,0.392,5.766,,4.782,,0.0,0.021,74.353,9.167
Cote d'Ivoire,CIV,1991,12683875,26972060608,4.309,0.34,5.386,,4.309,,0.0,0.019,61.903,8.8
Cote d'Ivoire,CIV,1992,13200313,27466934209,3.844,0.291,5.65,,3.844,,0.0,0.017,123.462,8.388
Cote d'Ivoire,CIV,1993,13735955,28127565766,5.093,0.371,6.372,,5.093,,0.0,0.022,86.148,9.663
Cote d'Ivoire,CIV,1994,14287211,29026826745,4.133,0.289,5.247,,4.133,,0.0,0.018,118.62,9.254
Cote d'Ivoire,CIV,1995,14855566,31414510714,6.225,0.419,7.178,,6.02,0.095,0.0,0.026,97.057,11.541
Cote d'Ivoire,CIV,1996,15442322,34617707279,7.526,0.487,7.675,,6.478,0.857,0.0,0.031,76.22,13.281
Cote d'Ivoire,CIV,1997,16047178,37316438035,7.211,0.449,7.734,,5.609,1.404,0.0,0.03,71.19,13.048
Cote d'Ivoire,CIV,1998,16663948,39915308009,6.748,0.405,8.142,,4.939,1.638,0.0,0.028,71.426,12.629
Cote d'Ivoire,CIV,1999,17215937,41352107617,6.095,0.354,6.64,,3.55,2.393,0.0,0.025,70.774,12.023
Cote d'Ivoire,CIV,2000,17699007,41297593671,6.63,0.375,7.118,,4.043,2.417,0.0,0.026,53.988,12.659
Cote d'Ivoire,CIV,2001,18178920,42194161007,7.653,0.421,6.327,,4.778,2.623,0.0,0.03,57.358,13.789
Cote d'Ivoire,CIV,2002,18654772,42379148241,7.45,0.399,5.157,,4.283,2.675,0.0,0.028,60.241,13.693
Cote d'Ivoire,CIV,2003,19125546,42761562091,5.301,0.277,5.93,,2.783,2.35,0.0,0.019,96.814,11.609
Cote d'Ivoire,CIV,2004,19594997,44320594821,7.386,0.377,6.71,,4.349,2.986,0.0,0.026,87.77,14.197
Cote d'Ivoire,CIV,2005,20068468,46182121378,7.568,0.377,6.76,,4.166,3.334,0.0,0.026,98.221,14.737
Cote d'Ivoire,CIV,2006,20546808,48079711067,6.887,0.335,6.715,,3.679,3.133,0.0,0.023,93.575,14.221
Cote d'Ivoire,CIV,2007,21030558,50213105655,6.653,0.316,7.313,,3.649,2.887,0.0,0.021,70.649,14.089
Cote d'Ivoire,CIV,2008,21514446,52842644609,6.713,0.312,7.274,,3.554,3.037,0.0,0.021,57.368,14.052
Cote d'Ivoire,CIV,2009,21997936,55907844337,5.66,0.257,6.727,,2.73,2.785,0.0,0.018,52.497,12.826
Cote d'Ivoire,CIV,2010,22488068,58369987439,6.225,0.277,7.522,,3.026,3.037,0.0,0.019,58.626,13.859
Cote d'Ivoire,CIV,2011,22982003,57051170312,6.523,0.284,7.354,,3.349,2.993,0.0,0.019,109.854,15.082
Cote d'Ivoire,CIV,2012,23467083,63249209930,8.54,0.364,10.382,,5.075,3.265,0.0,0.024,135.066,17.384
Cote d'Ivoire,CIV,2013,23939775,69113673482,9.68,0.404,11.722,,5.778,3.748,0.0,0.027,146.133,18.861
Cote d'Ivoire,CIV,2014,24527393,75191536255,9.903,0.404,12.117,,5.958,3.781,0.0,0.028,245.759,19.16
Cote d'Ivoire,CIV,2015,25246347,81840720288,9.555,0.378,12.65,,5.547,3.858,0.0,0.027,113.738,18.925
Cote d'Ivoire,CIV,2016,25989404,87711151924,11.979,0.461,14.729,,7.024,4.774,0.0,0.034,169.565,21.997
Cote d'Ivoire,CIV,2017,26733376,93099253173,12.002,0.449,14.76,,7.548,4.313,0.0,0.033,240.167,21.708
Cote d'Ivoire,CIV,2018,27464175,96591406762,10.415,0.379,14.408,,6.324,3.994,0.0,0.028,146.479,19.244
Cote d'Ivoire,CIV,2019,28193014,104618149506,10.539,0.374,14.406,,6.188,4.258,0.0,0.028,147.615,19.991
Cote d'Ivoire,CIV,2020,28915452,106396657387,11.019,0.381,14.367,,6.562,4.367,0.0,0.031,169.686,20.618
Cote d'Ivoire,CIV,2021,29639737,113844428305,13.666,0.461,17.247,,9.083,4.554,0.0,0.037,106.605,23.378
Cote d'Ivoire,CIV,2022,30395004,121471995793,14.504,0.477,18.237,,9.475,4.982,0.0,0.039,131.443,24.361
Cote d'Ivoire,CIV,2023,31165653,,14.052,0.451,17.865,,9.06,4.925,0.0,0.037,136.676,23.96
Cote d'Ivoire,CIV,2024,31934229,,14.829,0.464,,,9.413,5.349,0.0,0.038,140.715,24.884
Croatia,HRV,1990,4835067,58374079130,22.885,4.733,20.088,2.982,13.149,4.873,1.086,0.101,28.774,26.185
Croatia,HRV,1991,4825159,46751295520,16.999,3.523,14.884,1.911,9.568,4.082,0.704,0.073,42.957,20.016
Croatia,HRV,1992,4782235,41906545003,16.379,3.425,17.666,1.492,9.056,4.312,0.827,0.073,28.36,19.475
Croatia,HRV,1993,4729734,39138894948,16.811,3.554,17.639,1.209,9.288,4.732,0.682,0.074,27.687,19.691
Croatia,HRV,1994,4675517,42079800726,16.055,3.434,17.151,0.804,9.2,4.392,0.834,0.07,28.241,18.93
Croatia,HRV,1995,4619362,45617097590,16.814,3.64,18.85,0.858,10.537,3.844,0.623,0.072,21.66,19.7
Croatia,HRV,1996,4562290,48751845543,17.338,3.8,18.963,0.682,10.706,4.313,0.683,0.072,22.033,20.231
Croatia,HRV,1997,4504627,52770093719,18.569,4.122,20.54,1.069,11.241,4.546,0.802,0.076,29.959,21.442
Croatia,HRV,1998,4445669,54840833756,19.04,4.283,20.098,1.018,12.025,4.301,0.861,0.078,28.764,21.685
Croatia,HRV,1999,4385823,55058853604,20.082,4.579,21.447,0.891,12.785,4.471,1.129,0.081,18.842,22.855
Croatia,HRV,2000,4326105,57398794775,19.653,4.543,20.916,1.795,11.151,4.562,1.257,0.077,17.347,22.486
Croatia,HRV,2001,4301079,57633269426,20.776,4.83,23.658,1.907,11.605,4.851,1.443,0.081,17.604,23.567
Croatia,HRV,2002,4305783,61317061359,21.916,5.09,25.434,2.318,12.147,5.025,1.424,0.083,18.982,24.686
Croatia,HRV,2003,4306683,65731224853,23.226,5.393,28.641,2.6,13.34,4.905,1.427,0.084,20.012,26.113
Croatia,HRV,2004,4310050,69483828958,22.853,5.302,29.613,2.77,12.3,5.256,1.51,0.08,21.462,26.105
Croatia,HRV,2005,4313946,73522772944,23.296,5.4,29.987,2.747,12.851,5.116,1.542,0.079,21.681,26.365
Croatia,HRV,2006,4315802,78256427771,23.496,5.444,29.617,2.555,13.159,5.06,1.635,0.077,22.214,26.693
Croatia,HRV,2007,4315959,83591431787,24.802,5.747,30.63,2.777,13.442,5.871,1.662,0.079,28.085,28.333
Croatia,HRV,2008,4314635,86620961215,23.516,5.45,35.135,2.849,12.447,5.693,1.568,0.073,24.272,27.022
Croatia,HRV,2009,4310537,81451695571,21.752,5.046,26.371,2.029,12.426,5.256,1.247,0.069,22.716,25.286
Croatia,HRV,2010,4301150,81303793822,20.978,4.877,25.097,2.738,10.561,5.712,1.21,0.063,21.442,24.574
Croatia,HRV,2011,4280827,82302805353,20.615,4.816,24.562,2.794,10.42,5.564,1.082,0.06,22.657,24.265
Croatia,HRV,2012,4259233,80383800465,19.05,4.473,25.519,2.484,9.71,5.195,1.035,0.054,29.969,22.376
Croatia,HRV,2013,4242403,80064089923,18.401,4.337,24.076,2.678,9.073,4.912,1.141,0.052,23.056,21.791
Croatia,HRV,2014,4219485,79720242860,17.65,4.183,20.162,2.57,8.96,4.305,1.225,0.05,22.864,20.982
Croatia,HRV,2015,4183732,81731110395,17.794,4.253,22.443,2.376,9.389,4.461,1.169,0.05,23.475,21.409
Croatia,HRV,2016,4136438,84640158587,18.079,4.371,23.11,2.561,9.34,4.729,1.077,0.051,22.128,21.698
Croatia,HRV,2017,4079198,87528490789,18.713,4.587,23.306,1.551,9.982,5.432,1.287,0.052,22.6,22.334
Croatia,HRV,2018,4024868,89979865983,17.695,4.396,24.719,1.449,9.556,5.042,1.211,0.048,21.914,21.235
Croatia,HRV,2019,3986338,93057982684,17.82,4.47,24.068,1.678,9.286,5.243,1.184,0.048,23.555,21.272
Croatia,HRV,2020,3953956,85073361985,16.87,4.267,22.999,1.424,8.271,5.521,1.213,0.048,21.732,20.257
Croatia,HRV,2021,3924607,96194363488,17.403,4.434,23.73,1.652,8.725,5.351,1.205,0.047,21.445,20.665
Croatia,HRV,2022,3907031,102284645672,17.585,4.501,23.867,1.613,9.469,4.885,1.099,0.047,21.561,20.73
Croatia,HRV,2023,3896023,,18.468,4.74,23.711,1.378,10.306,5.214,1.118,0.048,22.536,21.554
Croatia,HRV,2024,3875325,,18.465,4.765,,0.908,11.089,4.932,1.083,0.048,22.456,21.44
Cuba,CUB,1990,10631796,49943661000,29.638,2.788,,0.55,27.513,0.07,1.505,0.13,67.633,36.685
Cuba,CUB,1991,10717640,42598295390,26.961,2.516,,0.161,25.875,0.07,0.855,0.116,72.751,33.694
Cuba,CUB,1992,10785807,36651621015,20.754,1.924,,0.333,19.841,0.04,0.54,0.092,58.088,27.33
Cuba,CUB,1993,10841040,28833506799,19.79,1.825,,0.187,19.042,0.044,0.517,0.087,52.435,25.857
Cuba,CUB,1994,10886022,29226990747,21.426,1.968,,0.282,20.537,0.037,0.571,0.093,53.249,27.63
Cuba,CUB,1995,10925362,31242330737,22.868,2.093,,0.256,21.852,0.033,0.727,0.097,47.652,29.11
Cuba,CUB,1996,10962009,35625751288,23.304,2.126,,0.066,22.482,0.037,0.719,0.096,63.151,29.972
Cuba,CUB,1997,10997933,37729137308,24.824,2.257,,0.088,23.724,0.07,0.942,0.102,53.909,31.54
Cuba,CUB,1998,11034716,37789591716,24.309,2.203,,0.103,23.12,0.231,0.855,0.1,55.099,30.64
Cuba,CUB,1999,11072230,40250898358,24.489,2.212,,0.117,22.596,0.883,0.893,0.099,47.568,30.978
Cuba,CUB,2000,11109112,44692111238,25.299,2.277,,0.081,23.307,1.103,0.809,0.099,65.532,31.907
Cuba,CUB,2001,11144134,47301967982,24.681,2.215,,0.099,22.64,1.143,0.799,0.096,52.818,31.278
Cuba,CUB,2002,11177422,48976944311,25.179,2.253,,0.088,22.988,1.121,0.982,0.096,47.509,31.669
Cuba,CUB,2003,11209379,50659542457,25.554,2.28,,0.081,23.285,1.264,0.925,0.092,45.405,31.967
Cuba,CUB,2004,11238756,51357046933,24.54,2.183,,0.092,22.157,1.352,0.94,0.086,47.851,31.026
Cuba,CUB,2005,11262553,53114045326,25.706,2.282,,0.051,23.164,1.425,1.066,0.087,45.483,32.104
Cuba,CUB,2006,11278550,61018245782,26.781,2.375,,0.07,23.493,2.081,1.137,0.088,43.19,33.461
Cuba,CUB,2007,11287274,63463487934,25.724,2.279,,0.073,22.149,2.338,1.164,0.082,41.771,32.479
Cuba,CUB,2008,11291764,67603097135,27.738,2.456,,0.092,24.34,2.228,1.079,0.087,42.348,34.555
Cuba,CUB,2009,11294719,70355905283,28.261,2.502,,0.088,24.934,2.217,1.023,0.09,41.802,34.759
Cuba,CUB,2010,11297414,74083580619,33.042,2.925,,0.077,29.979,2.059,0.927,0.099,45.839,39.108
Cuba,CUB,2011,11301578,78036992000,29.076,2.573,,0.018,26.161,1.957,0.94,0.084,35.656,35.105
Cuba,CUB,2012,11303172,80388156000,29.476,2.608,,0.015,26.425,1.986,0.954,0.084,41.973,35.538
Cuba,CUB,2013,11298163,83013750000,27.894,2.469,,0.033,24.794,2.045,0.921,0.079,39.601,34.03
Cuba,CUB,2014,11285780,85723464000,27.366,2.425,,0.004,24.179,2.305,0.713,0.077,40.126,33.543
Cuba,CUB,2015,11275069,88467246000,29.091,2.58,,0.018,25.86,2.389,0.67,0.082,39.459,35.308
Cuba,CUB,2016,11265615,88635596816,27.772,2.465,,0.007,24.736,2.275,0.672,0.078,48.563,33.94
Cuba,CUB,2017,11247824,90020495157,24.559,2.183,,0.011,21.878,2.019,0.644,0.068,41.107,30.763
Cuba,CUB,2018,11227116,91854653880,23.019,2.05,,0.015,20.401,1.861,0.716,0.063,42.99,29.261
Cuba,CUB,2019,11202847,91703236400,22.487,2.007,,0.0,19.998,1.825,0.633,0.061,38.938,28.695
Cuba,CUB,2020,11176349,81663255167,21.281,1.904,,0.004,19.075,1.718,0.457,0.061,35.842,27.466
Cuba,CUB,2021,11122169,82687389665,22.549,2.027,,0.011,20.441,1.656,0.368,0.061,35.894,28.675
Cuba,CUB,2022,11059822,84154971449,23.259,2.103,,0.004,21.244,1.619,0.306,0.062,37.367,29.39
Cuba,CUB,2023,11019932,,23.47,2.13,,0.004,21.201,1.847,0.306,0.062,38.551,29.651
Cuba,CUB,2024,10979781,,24.44,2.226,,0.004,22.015,2.024,0.306,0.063,39.441,30.574
Curacao,CUW,1990,155750,,4.799,30.813,,0.0,4.799,0.0,0.0,0.021,,
Curacao,CUW,1991,155455,,3.83,24.634,,0.0,3.83,0.0,0.0,0.017,,
Curacao,CUW,1992,155101,,3.155,20.342,,0.0,3.155,0.0,0.0,0.014,,
Curacao,CUW,1993,154504,,4.87,31.523,,0.0,4.87,0.0,0.0,0.021,,
Curacao,CUW,1994,153677,,4.669,30.384,,0.0,4.669,0.0,0.0,0.02,,
Curacao,CUW,1995,152705,,4.621,30.259,,0.0,4.621,0.0,0.0,0.02,,
Curacao,CUW,1996,151582,,4.322,28.515,,0.0,4.322,0.0,0.0,0.018,,
Curacao,CUW,1997,150316,,4.523,30.093,,0.0,4.523,0.0,0.0,0.019,,
Curacao,CUW,1998,148874,,0.25,1.677,,0.0,0.25,0.0,0.0,0.001,,
Curacao,CUW,1999,147276,,1.871,12.704,,0.0,1.871,0.0,0.0,0.008,,
Curacao,CUW,2000,145540,,4.964,34.11,,0.0,4.964,0.0,0.0,0.019,,
Curacao,CUW,2001,144758,,5.055,34.922,,0.0,5.055,0.0,0.0,0.02,,
Curacao,CUW,2002,145911,,4.874,33.401,,0.0,4.874,0.0,0.0,0.019,,
Curacao,CUW,2003,147923,,4.877,32.969,,0.0,4.877,0.0,0.0,0.018,,
Curacao,CUW,2004,149805,,5.117,34.157,,0.0,5.117,0.0,0.0,0.018,,
Curacao,CUW,2005,151324,,5.071,33.514,,0.0,5.071,0.0,0.0,0.017,,
Curacao,CUW,2006,152516,,5.285,34.655,,0.0,5.285,0.0,0.0,0.017,,
Curacao,CUW,2007,153672,,5.95,38.72,,0.0,5.95,0.0,0.0,0.019,,
Curacao,CUW,2008,154784,,5.723,36.975,,0.0,5.723,0.0,0.0,0.018,,
Curacao,CUW,2009,155832,,5.856,37.58,,0.0,5.856,0.0,0.0,0.019,,
Curacao,CUW,2010,156881,,4.034,25.713,,0.0,4.034,0.0,0.0,0.012,,
Curacao,CUW,2011,158572,,5.146,32.452,,0.0,5.146,0.0,0.0,0.015,,
Curacao,CUW,2012,160904,,6.287,39.076,,,6.287,,0.0,0.018,,
Curacao,CUW,2013,163122,,5.932,36.366,,,5.932,,0.0,0.017,,
Curacao,CUW,2014,165041,,6.797,41.182,,,6.797,,0.0,0.019,,
Curacao,CUW,2015,166621,,7.332,44.002,,,7.057,0.275,0.0,0.021,,
Curacao,CUW,2016,167787,,6.203,36.97,,,5.928,0.275,0.0,0.018,,
Curacao,CUW,2017,168525,,4.968,29.482,,,4.829,0.139,0.0,0.014,,
Curacao,CUW,2018,181590,,4.324,23.809,,,4.221,0.103,0.0,0.012,,
Curacao,CUW,2019,189555,,2.396,12.641,,,2.396,0.0,0.0,0.006,,
Curacao,CUW,2020,185029,,2.008,10.852,,,2.008,,0.0,0.006,,
Curacao,CUW,2021,185324,,2.14,11.546,,,2.14,,0.0,0.006,,
Curacao,CUW,2022,185350,,2.209,11.92,,,2.209,,0.0,0.006,,
Curacao,CUW,2023,185437,,2.205,11.89,,,2.205,,0.0,0.006,,
Curacao,CUW,2024,185482,,2.29,12.344,,,2.29,,0.0,0.006,,
Cyprus,CYP,1990,788355,10601790424,4.648,5.896,5.458,0.232,3.697,0.002,0.668,0.02,4.076,4.981
Cyprus,CYP,1991,798950,10802933313,5.136,6.429,5.587,0.232,4.227,0.001,0.629,0.022,4.653,5.477
Cyprus,CYP,1992,810344,11948250048,5.509,6.798,6.196,0.062,4.718,0.002,0.686,0.024,5.104,5.857
Cyprus,CYP,1993,826042,12173586499,5.753,6.964,5.978,0.074,4.882,0.002,0.747,0.025,5.485,6.107
Cyprus,CYP,1994,844669,13051263000,5.995,7.097,6.121,0.065,5.101,0.002,0.784,0.026,5.613,6.369
Cyprus,CYP,1995,862698,14530339515,5.866,6.799,6.285,0.048,5.022,0.002,0.751,0.025,5.62,6.242
Cyprus,CYP,1996,880295,14861081660,6.216,7.061,6.108,0.043,5.319,0.001,0.811,0.026,5.992,6.597
Cyprus,CYP,1997,897574,15384666855,6.302,7.022,5.865,0.045,5.437,0.001,0.78,0.026,6.312,6.686
Cyprus,CYP,1998,914552,16341391926,6.597,7.213,6.309,0.062,5.757,0.001,0.74,0.027,6.477,6.989
Cyprus,CYP,1999,931235,17289794170,6.863,7.37,6.683,0.072,6.009,0.001,0.74,0.028,6.957,7.261
Cyprus,CYP,2000,947667,18447964503,7.107,7.499,7.978,0.117,6.185,0.002,0.763,0.028,7.177,7.503
Cyprus,CYP,2001,964129,19289559263,6.98,7.239,7.907,0.127,6.066,0.0,0.745,0.027,6.976,7.379
Cyprus,CYP,2002,981443,20131146271,7.172,7.308,8.333,0.127,6.226,0.0,0.766,0.027,8.095,7.575
Cyprus,CYP,2003,999600,20821863547,7.561,7.564,8.783,0.127,6.612,0.001,0.751,0.027,8.332,7.971
Cyprus,CYP,2004,1017875,21975893073,7.787,7.65,8.72,0.137,6.764,0.001,0.808,0.027,8.887,8.192
Cyprus,CYP,2005,1036156,23006188640,7.952,7.674,8.785,0.152,6.938,0.001,0.788,0.027,8.432,8.366
Cyprus,CYP,2006,1054424,24267407225,8.183,7.761,9.295,0.151,7.129,0.001,0.821,0.027,8.665,8.602
Cyprus,CYP,2007,1072727,25673703212,8.475,7.9,9.85,0.119,7.457,0.001,0.812,0.027,8.71,8.909
Cyprus,CYP,2008,1091029,26913613219,8.692,7.966,10.873,0.111,7.679,0.001,0.818,0.027,9.184,9.131
Cyprus,CYP,2009,1109377,26682210733,8.438,7.606,10.723,0.059,7.651,0.001,0.673,0.027,8.487,8.878
Cyprus,CYP,2010,1127826,27285556934,8.072,7.157,10.534,0.071,7.41,0.001,0.555,0.024,8.495,8.936
Cyprus,CYP,2011,1146493,27627899267,7.792,6.797,10.15,0.031,7.189,0.001,0.546,0.023,8.166,8.644
Cyprus,CYP,2012,1165403,26675451028,7.262,6.231,8.839,0.001,6.732,0.001,0.505,0.021,7.46,8.048
Cyprus,CYP,2013,1183899,24918237857,6.578,5.556,7.625,0.001,5.811,0.001,0.752,0.019,6.732,7.333
Cyprus,CYP,2014,1201806,24475580582,6.93,5.766,8.416,0.009,5.934,0.0,0.974,0.02,8.149,7.677
Cyprus,CYP,2015,1219504,25312505108,6.952,5.701,8.116,0.015,6.049,0.0,0.877,0.02,7.483,7.73
Cyprus,CYP,2016,1237114,26976335005,7.35,5.941,8.865,0.002,6.451,0.0,0.883,0.021,8.469,8.152
Cyprus,CYP,2017,1254274,28523085691,7.469,5.955,9.617,0.012,6.518,0.0,0.923,0.021,8.889,8.287
Cyprus,CYP,2018,1270743,30134014224,7.324,5.764,9.439,0.054,6.402,0.0,0.848,0.02,8.528,8.505
Cyprus,CYP,2019,1286669,31800247242,7.324,5.693,9.256,0.068,6.442,0.0,0.789,0.02,8.968,9.011
Cyprus,CYP,2020,1302250,30409793367,6.903,5.301,8.205,0.056,5.945,0.0,0.882,0.02,8.569,8.529
Cyprus,CYP,2021,1317311,32428676744,6.951,5.276,8.608,0.159,5.894,0.0,0.879,0.019,8.718,8.75
Cyprus,CYP,2022,1331376,34255009922,7.071,5.311,8.883,0.123,6.047,0.0,0.88,0.019,8.979,9.06
Cyprus,CYP,2023,1344981,,7.188,5.344,8.624,0.101,6.126,0.0,0.938,0.019,9.322,9.415
Cyprus,CYP,2024,1358287,,7.299,5.374,,0.057,6.282,0.0,0.938,0.019,9.493,9.598
Czechia,CZE,1990,10301989,146168284839,164.252,15.944,151.437,123.419,22.471,12.564,2.489,0.723,189.796,180.005
Czechia,CZE,1991,10304420,130499462994,148.886,14.449,133.163,112.711,19.764,12.294,2.309,0.642,171.517,163.548
Czechia,CZE,1992,10312449,131496641304,145.708,14.129,146.036,105.791,21.152,14.721,2.468,0.647,166.624,159.923
Czechia,CZE,1993,10320404,133342958573,140.126,13.578,131.939,100.747,20.343,15.317,2.195,0.616,159.965,154.415
Czechia,CZE,1994,10322332,139002246482,132.67,12.853,126.99,94.922,19.745,14.225,2.208,0.577,152.066,146.99
Czechia,CZE,1995,10312041,149541611781,131.624,12.764,125.279,94.834,17.604,15.63,2.005,0.56,150.354,146.102
Czechia,CZE,1996,10296140,157900113788,135.019,13.114,123.045,95.219,17.985,18.041,2.116,0.557,155.432,150.346
Czechia,CZE,1997,10280049,158827904845,130.942,12.737,117.426,90.923,17.635,18.435,2.083,0.537,151.384,146.389
Czechia,CZE,1998,10265430,160364287569,125.717,12.247,114.944,83.666,19.533,18.424,2.068,0.517,146.113,141.066
Czechia,CZE,1999,10251385,164728010192,116.669,11.381,110.258,75.616,18.559,18.475,1.963,0.47,137.009,132.206
Czechia,CZE,2000,10236809,174309526192,127.233,12.429,118.498,86.836,18.139,18.134,1.937,0.499,149.077,144.069
Czechia,CZE,2001,10231942,181753179328,127.165,12.428,119.753,84.798,19.236,19.3,1.629,0.495,142.29,143.572
Czechia,CZE,2002,10239474,187044887124,123.988,12.109,120.654,82.673,19.177,18.539,1.403,0.472,137.871,139.731
Czechia,CZE,2003,10248907,196328003846,127.592,12.449,122.181,83.968,20.924,18.974,1.485,0.461,141.623,143.225
Czechia,CZE,2004,10261453,208725903761,128.314,12.504,116.471,83.408,21.916,19.12,1.627,0.448,142.915,143.799
Czechia,CZE,2005,10280155,225302570264,125.713,12.229,111.453,80.604,22.518,18.759,1.625,0.425,139.747,140.823
Czechia,CZE,2006,10304592,243991794814,126.533,12.279,115.905,81.885,22.236,18.415,1.748,0.414,142.158,141.506
Czechia,CZE,2007,10337539,260673045889,128.364,12.417,124.778,83.628,22.976,17.459,2.043,0.408,144.65,143.163
Czechia,CZE,2008,10378298,271709547503,122.928,11.845,127.883,78.66,22.808,17.298,1.996,0.384,139.543,137.43
Czechia,CZE,2009,10420985,261919697582,114.972,11.033,115.905,73.287,21.89,16.315,1.566,0.365,131.543,129.217
Czechia,CZE,2010,10464035,271231988282,117.464,11.226,123.742,74.554,21.02,18.398,1.469,0.353,135.664,131.893
Czechia,CZE,2011,10495508,279082754736,115.178,10.974,119.751,73.749,20.802,16.825,1.665,0.334,134.901,129.657
Czechia,CZE,2012,10507339,276891945353,111.276,10.59,109.846,70.768,20.305,16.624,1.517,0.318,132.114,125.693
Czechia,CZE,2013,10511164,276764861619,106.71,10.152,110.139,66.87,19.66,16.826,1.332,0.303,128.309,120.433
Czechia,CZE,2014,10517223,283025537919,104.233,9.911,105.253,64.905,20.702,15.113,1.483,0.294,127.731,117.73
Czechia,CZE,2015,10524418,298276052489,104.99,9.976,107.514,64.322,21.211,15.909,1.558,0.297,131.744,118.406
Czechia,CZE,2016,10531946,305844147713,106.636,10.125,107.919,64.728,21.24,17.008,1.698,0.301,130.009,119.867
Czechia,CZE,2017,10541343,321652381589,107.736,10.22,111.439,64.307,22.011,17.713,1.728,0.299,127.198,120.982
Czechia,CZE,2018,10548934,332009886797,106.322,10.079,115.308,63.573,22.221,16.641,1.868,0.289,123.044,119.48
Czechia,CZE,2019,10554872,342069373423,100.997,9.569,110.909,57.468,22.341,17.361,1.977,0.272,116.227,114.044
Czechia,CZE,2020,10550129,323245433506,91.661,8.688,101.792,49.727,20.963,17.431,1.891,0.261,104.534,104.081
Czechia,CZE,2021,10530683,334729441747,96.629,9.176,110.777,51.406,22.437,19.045,1.958,0.262,109.205,109.611
Czechia,CZE,2022,10673216,342966849621,95.04,8.905,111.412,52.909,22.765,15.805,1.847,0.253,106.471,108.24
Czechia,CZE,2023,10809722,,83.232,7.7,100.025,43.042,23.309,14.059,1.483,0.218,93.041,95.895
Czechia,CZE,2024,10735857,,75.623,7.044,,34.352,24.407,14.041,1.483,0.196,84.448,88.489
Democratic Republic of Congo,COD,1990,36684065,31745582566,4.249,0.116,,0.89,3.169,0.0,0.189,0.019,164.674,20.751
Democratic Republic of Congo,COD,1991,37925828,29817690890,3.133,0.083,,0.0,3.03,0.0,0.102,0.013,164.488,19.219
Democratic Republic of Congo,COD,1992,39228908,27407295375,2.808,0.072,,0.0,2.737,0.0,0.071,0.012,157.195,19.355
Democratic Republic of Congo,COD,1993,40656338,24338479562,2.662,0.065,,0.0,2.601,0.0,0.061,0.012,187.972,20.449
Democratic Republic of Congo,COD,1994,42626873,23485765006,2.751,0.065,,0.0,1.63,0.0,0.068,0.012,196.555,18.922
Democratic Republic of Congo,COD,1995,44433718,24780657990,3.096,0.07,,0.0,2.008,0.0,0.096,0.013,202.618,20.207
Democratic Republic of Congo,COD,1996,45296125,24914388506,3.473,0.077,,0.0,2.213,0.0,0.098,0.014,199.537,21.484
Democratic Republic of Congo,COD,1997,46029907,23716345473,3.089,0.067,,0.0,1.825,0.0,0.051,0.013,237.411,20.28
Democratic Republic of Congo,COD,1998,47297595,23460462170,2.733,0.058,,0.0,1.601,0.0,0.054,0.011,245.242,20.499
Democratic Republic of Congo,COD,1999,48912972,23134197386,2.199,0.045,,0.0,1.253,0.0,0.064,0.009,252.428,19.793
Democratic Republic of Congo,COD,2000,50507445,21854113779,1.705,0.034,,0.0,0.824,0.0,0.068,0.007,254.825,22.435
Democratic Republic of Congo,COD,2001,52132646,21977293171,1.647,0.032,,0.0,0.689,0.0,0.081,0.006,224.64,19.988
Democratic Republic of Congo,COD,2002,53750529,23244764997,1.734,0.032,,0.005,0.744,0.0,0.106,0.007,220.432,19.364
Democratic Republic of Congo,COD,2003,55343873,25228484809,2.096,0.038,,0.002,0.905,0.0,0.132,0.008,241.723,20.338
Democratic Republic of Congo,COD,2004,56997740,27653538438,2.028,0.036,,0.006,0.989,0.0,0.16,0.007,226.027,20.783
Democratic Republic of Congo,COD,2005,58775726,30164653557,2.287,0.039,,0.023,1.238,0.0,0.207,0.008,223.733,21.349
Democratic Republic of Congo,COD,2006,60615909,32708306949,2.352,0.039,,0.02,1.326,0.022,0.204,0.008,233.263,21.812
Democratic Republic of Congo,COD,2007,62477753,35814302298,2.623,0.042,,0.03,1.447,0.044,0.205,0.008,234.391,22.725
Democratic Republic of Congo,COD,2008,64390658,39245769597,2.685,0.042,,0.034,1.608,0.044,0.158,0.008,470.831,23.3
Democratic Republic of Congo,COD,2009,66412038,41718890407,2.446,0.037,,0.024,1.473,0.044,0.177,0.008,692.648,23.187
Democratic Republic of Congo,COD,2010,68563038,46223524668,2.735,0.04,,0.037,1.729,0.044,0.189,0.008,808.961,24.026
Democratic Republic of Congo,COD,2011,70849311,51169100367,3.041,0.043,,0.029,2.22,0.044,0.175,0.009,917.24,24.996
Democratic Republic of Congo,COD,2012,73254623,55604951736,2.797,0.038,,0.033,2.198,0.0,0.158,0.008,876.404,31.731
Democratic Republic of Congo,COD,2013,75789397,60956372609,3.921,0.052,,0.013,3.364,0.0,0.174,0.011,900.805,34.446
Democratic Republic of Congo,COD,2014,78403248,65407411596,5.066,0.065,,0.017,4.499,0.004,0.128,0.014,782.941,37.165
Democratic Republic of Congo,COD,2015,81035532,69567321729,3.274,0.04,,0.034,2.686,0.004,0.155,0.009,661.011,36.522
Democratic Republic of Congo,COD,2016,83956416,69841412960,2.659,0.032,,0.039,2.129,0.0,0.098,0.008,703.107,36.84
Democratic Republic of Congo,COD,2017,87083400,72396212035,2.92,0.034,,0.049,2.172,0.001,0.349,0.008,730.257,38.935
Democratic Republic of Congo,COD,2018,90047647,75889338637,3.774,0.042,,0.084,2.943,0.001,0.453,0.01,630.117,38.908
Democratic Republic of Congo,COD,2019,92947450,79292965259,4.118,0.044,,0.044,3.162,0.001,0.536,0.011,571.666,40.37
Democratic Republic of Congo,COD,2020,95990000,80617953765,4.305,0.045,,0.025,3.345,0.0,0.498,0.012,603.282,41.684
Democratic Republic of Congo,COD,2021,99148930,85639643645,4.292,0.043,,0.034,3.203,0.0,0.631,0.012,748.098,42.286
Democratic Republic of Congo,COD,2022,102396974,91314988450,5.892,0.058,,0.053,4.63,0.0,0.822,0.016,771.658,44.877
Democratic Republic of Congo,COD,2023,105789733,,5.881,0.056,,0.07,4.776,0.0,0.822,0.015,698.747,45.07
Democratic Republic of Congo,COD,2024,109276264,,5.904,0.054,,0.065,4.843,0.0,0.822,0.015,680.714,46.108
Denmark,DNK,1990,5141024,151205742035,53.477,10.402,60.744,24.005,23.187,4.35,0.775,0.235,71.034,58.136
Denmark,DNK,1991,5154346,154212932867,64.105,12.437,65.505,32.57,24.287,4.917,0.993,0.276,81.494,68.874
Denmark,DNK,1992,5171372,158125301722,58.327,11.279,67.654,27.133,23.621,5.167,1.129,0.259,75.894,62.95
Denmark,DNK,1993,5188638,159069870418,60.574,11.674,66.024,28.451,23.998,5.851,1.143,0.266,75.5,65.151
Denmark,DNK,1994,5206188,168493895001,64.673,12.422,68.465,30.578,25.165,6.546,1.168,0.281,80.575,69.196
Denmark,DNK,1995,5233364,174484978091,61.653,11.781,68.01,25.6,26.024,7.574,1.243,0.262,77.513,66.141
Denmark,DNK,1996,5263071,180654110941,74.9,14.231,74.362,35.137,28.364,8.909,1.313,0.309,91.192,79.36
Denmark,DNK,1997,5285041,187647333700,65.438,12.382,68.302,26.15,27.143,9.375,1.312,0.268,81.366,69.792
Denmark,DNK,1998,5304263,192859238471,61.238,11.545,68.61,22.219,26.393,10.186,1.39,0.252,75.596,65.366
Denmark,DNK,1999,5321814,199699305568,58.653,11.021,72.136,18.672,26.258,10.711,1.355,0.236,73.032,62.988
Denmark,DNK,2000,5339659,208333676429,54.307,10.17,68.144,15.657,25.366,10.64,1.385,0.213,70.202,58.585
Denmark,DNK,2001,5358825,211243390442,55.897,10.431,67.333,16.558,25.608,11.105,1.388,0.218,71.209,60.141
Denmark,DNK,2002,5375967,213517288371,55.554,10.334,67.246,16.537,25.32,11.096,1.416,0.212,70.151,59.669
Denmark,DNK,2003,5390621,215549132167,60.645,11.25,67.809,22.573,24.394,11.214,1.33,0.219,75.571,64.943
Denmark,DNK,2004,5404594,222528951750,55.1,10.195,68.36,17.281,24.072,11.154,1.459,0.193,72.286,58.882
Denmark,DNK,2005,5419550,229074701412,51.535,9.509,67.242,14.602,23.886,10.69,1.363,0.174,68.154,55.256
Denmark,DNK,2006,5437425,239411013967,59.5,10.943,74.183,22.006,24.231,10.882,1.395,0.194,74.533,62.947
Denmark,DNK,2007,5461604,242913735233,54.709,10.017,71.75,18.422,24.169,9.738,1.407,0.174,71.746,58.165
Denmark,DNK,2008,5493762,243090598807,51.256,9.33,70.246,16.134,23.317,9.826,1.155,0.16,67.892,54.628
Denmark,DNK,2009,5523169,232507363099,48.851,8.845,66.361,15.784,22.296,9.412,0.764,0.155,64.793,52.132
Denmark,DNK,2010,5547865,238190225279,49.19,8.866,67.106,15.351,21.946,10.555,0.672,0.148,68.92,52.528
Denmark,DNK,2011,5570848,242757622888,44.237,7.941,64.567,12.915,20.915,8.972,0.862,0.128,60.459,47.477
Denmark,DNK,2012,5591911,243307499552,39.861,7.128,58.513,10.078,19.952,8.404,0.871,0.114,56.423,42.996
Denmark,DNK,2013,5615333,245578374484,41.763,7.437,56.703,12.755,19.574,7.929,0.867,0.118,60.037,45.589
Denmark,DNK,2014,5643795,249555233739,37.571,6.657,55.455,10.143,19.085,6.81,0.887,0.106,54.201,41.409
Denmark,DNK,2015,5683698,255401297489,35.111,6.177,53.17,7.242,19.471,6.905,0.932,0.099,52.983,39.236
Denmark,DNK,2016,5728196,263691544304,36.917,6.445,54.927,8.413,19.751,7.009,1.095,0.104,55.011,41.281
Denmark,DNK,2017,5765164,271132202845,34.665,6.013,55.01,6.253,19.918,6.676,1.194,0.096,53.512,39.135
Denmark,DNK,2018,5793824,276526484620,34.609,5.973,56.879,6.362,19.968,6.483,1.16,0.094,52.826,39.238
Denmark,DNK,2019,5814618,280656364923,30.95,5.323,53.024,3.588,19.686,6.024,1.129,0.083,49.099,35.785
Denmark,DNK,2020,5831529,275058379473,28.3,4.853,48.353,3.166,18.579,4.799,1.227,0.08,46.462,33.028
Denmark,DNK,2021,5856774,288414406840,29.604,5.055,53.611,4.207,18.827,4.808,1.21,0.08,48.119,34.477
Denmark,DNK,2022,5902901,299429011832,29.094,4.929,52.622,4.133,19.869,3.468,1.073,0.078,46.789,33.921
Denmark,DNK,2023,5948134,,28.831,4.847,49.471,2.633,21.139,3.526,0.982,0.076,46.642,33.78
Denmark,DNK,2024,5977417,,28.369,4.746,,1.803,21.477,3.556,0.982,0.073,45.939,33.309
Djibouti,DJI,1990,579544,1151692000,0.297,0.512,,,0.297,,,0.001,1.32,0.663
Djibouti,DJI,1991,631096,1111365143,0.3,0.476,,,0.3,,,0.001,1.333,0.681
Djibouti,DJI,1992,626016,1171473816,0.304,0.486,,,0.304,,,0.001,1.34,0.701
Djibouti,DJI,1993,614247,1223279012,0.304,0.495,,,0.304,,,0.001,1.357,0.722
Djibouti,DJI,1994,626717,1189922913,0.3,0.479,,,0.3,,,0.001,1.357,0.706
Djibouti,DJI,1995,633075,1251123077,0.311,0.492,,,0.311,,,0.001,1.416,0.735
Djibouti,DJI,1996,648354,1182573365,0.304,0.469,,,0.304,,,0.001,1.42,0.73
Djibouti,DJI,1997,671826,1231663949,0.333,0.496,,,0.333,,,0.001,1.458,0.771
Djibouti,DJI,1998,699355,1226205283,0.388,0.555,,,0.388,,,0.002,1.54,0.834
Djibouti,DJI,1999,724228,1247108046,0.388,0.536,,,0.388,,,0.002,1.594,0.863
Djibouti,DJI,2000,747326,1258388183,0.366,0.49,,,0.366,,,0.001,1.557,0.842
Djibouti,DJI,2001,771311,1279069473,0.366,0.475,,,0.366,,,0.001,1.515,0.835
Djibouti,DJI,2002,795576,1306309835,0.399,0.502,,,0.399,,,0.002,1.53,0.874
Djibouti,DJI,2003,813528,1344454879,0.421,0.518,,,0.421,,,0.002,1.573,0.912
Djibouti,DJI,2004,826133,1377810002,0.407,0.492,,,0.407,,,0.001,1.583,0.907
Djibouti,DJI,2005,839174,1416452247,0.414,0.493,,,0.414,,,0.001,1.618,0.928
Djibouti,DJI,2006,855767,1590366862,0.414,0.484,,,0.414,,,0.001,1.645,0.949
Djibouti,DJI,2007,874530,1662836538,0.454,0.52,,,0.454,,,0.001,1.705,0.998
Djibouti,DJI,2008,892739,1746582380,0.495,0.554,,,0.495,,,0.002,1.792,1.073
Djibouti,DJI,2009,911524,1828090863,0.443,0.486,,,0.443,,0.0,0.001,1.722,0.991
Djibouti,DJI,2010,930252,1885010108,0.517,0.555,,,0.517,,0.0,0.002,1.803,1.059
Djibouti,DJI,2011,948565,1960630000,0.315,0.332,,,0.315,,0.0,0.001,1.617,0.869
Djibouti,DJI,2012,966754,2054196000,0.293,0.303,,,0.293,,0.0,0.001,1.624,0.865
Djibouti,DJI,2013,984833,2157408000,0.381,0.387,,,0.322,,0.058,0.001,1.732,0.97
Djibouti,DJI,2014,1002720,2286630000,0.418,0.416,,,0.352,,0.066,0.001,1.789,1.021
Djibouti,DJI,2015,1020316,2435148000,0.505,0.495,,,0.451,,0.054,0.001,1.879,1.106
Djibouti,DJI,2016,1037660,2612607480,0.428,0.412,,,0.377,,0.05,0.001,1.856,1.075
Djibouti,DJI,2017,1054844,2767106002,0.414,0.392,,,0.352,,0.062,0.001,1.855,1.069
Djibouti,DJI,2018,1071886,2924431711,0.472,0.44,,,0.385,,0.087,0.001,1.924,1.132
Djibouti,DJI,2019,1088710,3086593147,0.54,0.496,,,0.443,,0.097,0.001,2.016,1.223
Djibouti,DJI,2020,1105193,3123694253,0.463,0.419,,,0.37,,0.093,0.001,1.958,1.163
Djibouti,DJI,2021,1121251,3274020536,0.558,0.497,,,0.41,,0.147,0.002,2.056,1.265
Djibouti,DJI,2022,1137101,3395681646,0.55,0.484,,,0.364,,0.186,0.001,2.07,1.276
Djibouti,DJI,2023,1152951,,0.558,0.484,,,0.372,,0.186,0.001,2.091,1.295
Djibouti,DJI,2024,1168726,,0.564,0.483,,,0.378,,0.186,0.001,2.114,1.316
Dominica,DMA,1990,69644,275730000,0.059,0.842,,,0.059,,0.0,0.0,0.123,0.085
Dominica,DMA,1991,69321,285879709,0.059,0.846,,,0.059,,0.0,0.0,0.125,0.085
Dominica,DMA,1992,69344,299018295,0.059,0.845,,,0.059,,0.0,0.0,0.126,0.085
Dominica,DMA,1993,69453,303787182,0.062,0.897,,,0.062,,0.0,0.0,0.14,0.089
Dominica,DMA,1994,69493,316614931,0.07,1.002,,,0.07,,0.0,0.0,0.127,0.096
Dominica,DMA,1995,69490,327078105,0.081,1.16,,,0.081,,0.0,0.0,0.137,0.108
Dominica,DMA,1996,69422,347533767,0.073,1.056,,,0.073,,0.0,0.0,0.133,0.1
Dominica,DMA,1997,69315,361956567,0.081,1.163,,,0.081,,0.0,0.0,0.137,0.108
Dominica,DMA,1998,69144,382388808,0.077,1.113,,,0.077,,0.0,0.0,0.235,0.104
Dominica,DMA,1999,68883,390881674,0.081,1.17,,,0.081,,0.0,0.0,0.213,0.108
Dominica,DMA,2000,68527,404483810,0.103,1.497,,,0.103,,0.0,0.0,0.185,0.13
Dominica,DMA,2001,68299,411786964,0.11,1.609,,,0.11,,0.0,0.0,0.176,0.137
Dominica,DMA,2002,68385,415539000,0.103,1.5,,,0.103,,0.0,0.0,0.151,0.13
Dominica,DMA,2003,68552,455180800,0.117,1.71,,,0.117,,0.0,0.0,0.162,0.145
Dominica,DMA,2004,68664,475394414,0.143,2.081,,,0.143,,0.0,0.0,0.193,0.171
Dominica,DMA,2005,68750,482222496,0.15,2.185,,,0.15,,0.0,0.001,0.197,0.179
Dominica,DMA,2006,68823,513632250,0.143,2.076,,,0.143,,0.0,0.0,0.241,0.172
Dominica,DMA,2007,68862,554311687,0.172,2.501,,,0.172,,0.0,0.001,0.213,0.202
Dominica,DMA,2008,68866,617146562,0.169,2.447,,,0.169,,0.0,0.001,0.217,0.198
Dominica,DMA,2009,68879,621365663,0.187,2.713,,,0.187,,0.0,0.001,0.186,0.217
Dominica,DMA,2010,68872,640098860,0.169,2.447,,,0.169,,0.0,0.001,0.192,0.199
Dominica,DMA,2011,69073,652912000,0.15,2.175,,,0.15,,0.0,0.0,0.183,0.182
Dominica,DMA,2012,69138,644079000,0.165,2.385,,,0.165,,0.0,0.0,0.203,0.197
Dominica,DMA,2013,69733,667585000,0.158,2.259,,,0.158,,0.0,0.0,0.177,0.189
Dominica,DMA,2014,70387,694011000,0.169,2.395,,,0.169,,0.0,0.0,0.184,0.201
Dominica,DMA,2015,70429,689606000,0.176,2.497,,,0.176,,0.0,0.0,0.184,0.209
Dominica,DMA,2016,69627,707976572,0.172,2.473,,,0.172,,0.0,0.0,0.198,0.205
Dominica,DMA,2017,68514,656048862,0.154,2.246,,,0.154,,0.0,0.0,0.184,0.187
Dominica,DMA,2018,68195,677586340,0.165,2.418,,,0.165,,0.0,0.0,0.188,0.198
Dominica,DMA,2019,67901,714870398,0.172,2.536,,,0.172,,0.0,0.0,0.192,0.205
Dominica,DMA,2020,67588,600082697,0.158,2.331,,,0.158,,0.0,0.0,0.185,0.19
Dominica,DMA,2021,67222,637252112,0.161,2.398,,,0.161,,0.0,0.0,0.187,0.194
Dominica,DMA,2022,66847,675098029,0.165,2.466,,,0.165,,0.0,0.0,0.194,0.198
Dominica,DMA,2023,66531,,0.165,2.473,,,0.165,,0.0,0.0,0.197,0.198
Dominica,DMA,2024,66226,,0.171,2.58,,,0.171,,0.0,0.0,0.205,0.204
Dominican Republic,DOM,1990,7151165,27899937000,8.929,1.249,6.195,0.026,8.453,,0.451,0.039,17.933,11.288
Dominican Republic,DOM,1991,7299849,28624479731,9.529,1.305,6.736,0.15,8.856,,0.523,0.041,19.016,11.904
Dominican Republic,DOM,1992,7447476,30699616102,10.405,1.397,7.604,0.37,9.46,,0.575,0.046,19.85,12.835
Dominican Republic,DOM,1993,7594567,33455873012,11.195,1.474,8.185,0.319,10.343,,0.533,0.049,21.587,13.664
Dominican Republic,DOM,1994,7741694,34777859424,11.781,1.522,8.612,0.275,10.974,,0.532,0.051,27.835,14.295
Dominican Republic,DOM,1995,7888120,37276713682,15.09,1.913,11.077,0.293,14.194,,0.603,0.064,29.722,17.635
Dominican Republic,DOM,1996,8032895,40578813798,16.459,2.049,12.101,0.341,15.44,,0.678,0.068,26.163,19.075
Dominican Republic,DOM,1997,8174081,44531154793,17.234,2.108,12.58,0.37,16.111,,0.753,0.071,29.504,19.943
Dominican Republic,DOM,1998,8310369,48410050660,17.756,2.137,13.145,0.718,16.268,,0.77,0.073,27.642,20.537
Dominican Republic,DOM,1999,8446207,52484601874,17.775,2.104,11.434,0.619,16.228,,0.928,0.072,35.078,20.625
Dominican Republic,DOM,2000,8584196,56344968399,18.937,2.206,12.161,0.245,17.679,,1.013,0.074,32.277,21.819
Dominican Republic,DOM,2001,8720287,58288496906,19.083,2.188,37.953,0.539,17.448,,1.096,0.074,32.329,22.023
Dominican Republic,DOM,2002,8852231,62671030582,20.87,2.358,29.333,0.619,19.049,,1.202,0.079,29.322,23.921
Dominican Republic,DOM,2003,8980626,63562914579,21.26,2.367,32.25,2.803,16.759,0.568,1.13,0.077,30.794,24.316
Dominican Republic,DOM,2004,9104889,65495459116,17.254,1.895,29.023,2.063,13.934,0.238,1.018,0.06,27.582,20.396
Dominican Republic,DOM,2005,9225035,72784646192,17.852,1.935,35.569,1.264,15.063,0.473,1.052,0.06,28.129,21.146
Dominican Republic,DOM,2006,9341187,81940402491,19.03,2.037,39.753,1.868,15.118,0.59,1.454,0.062,30.032,22.475
Dominican Republic,DOM,2007,9455663,90412078042,19.909,2.106,32.626,1.931,15.414,1.004,1.56,0.063,31.029,23.495
Dominican Republic,DOM,2008,9573135,94906712345,20.235,2.114,31.11,2.11,15.623,0.927,1.574,0.063,33.088,23.924
Dominican Republic,DOM,2009,9695270,97411530204,19.686,2.031,49.925,2.062,15.287,0.909,1.428,0.062,32.219,23.442
Dominican Republic,DOM,2010,9820180,107260793439,20.445,2.082,58.122,1.85,15.616,1.466,1.513,0.061,33.504,24.349
Dominican Republic,DOM,2011,9945623,112433265383,20.922,2.104,50.497,2.217,15.565,1.678,1.463,0.061,31.723,24.939
Dominican Republic,DOM,2012,10070409,115488083453,20.903,2.076,47.486,1.744,15.67,1.99,1.499,0.06,32.661,25.035
Dominican Republic,DOM,2013,10193838,121118130894,20.842,2.045,46.315,2.15,15.133,2.037,1.521,0.059,33.252,25.087
Dominican Republic,DOM,2014,10315523,129656952614,21.264,2.061,34.453,2.81,14.66,2.004,1.79,0.06,46.7,25.654
Dominican Republic,DOM,2015,10434826,138638287562,22.986,2.203,38.75,2.542,16.57,2.026,1.848,0.065,40.526,27.573
Dominican Republic,DOM,2016,10551430,147870212847,24.14,2.288,33.436,2.531,17.852,1.912,1.845,0.068,40.12,28.894
Dominican Republic,DOM,2017,10666846,154771313809,23.455,2.199,33.625,2.942,16.448,2.191,1.874,0.065,38.426,28.32
Dominican Republic,DOM,2018,10782048,165578989651,25.203,2.338,35.095,2.891,18.191,2.184,1.937,0.069,40.023,30.246
Dominican Republic,DOM,2019,10894043,173944046167,28.471,2.613,37.368,4.455,19.21,2.792,2.013,0.077,43.189,33.673
Dominican Republic,DOM,2020,11008298,162255006875,26.228,2.383,34.104,6.519,14.911,2.943,1.855,0.075,41.114,31.512
Dominican Republic,DOM,2021,11123480,182166940060,29.363,2.64,38.142,6.148,17.283,3.613,2.319,0.08,44.412,34.833
Dominican Republic,DOM,2022,11230734,191182362267,31.225,2.78,40.88,7.43,18.673,2.791,2.331,0.083,46.466,36.688
Dominican Republic,DOM,2023,11331269,,31.829,2.809,40.438,7.678,18.635,3.184,2.331,0.084,47.255,37.437
Dominican Republic,DOM,2024,11427558,,33.131,2.899,,7.96,19.351,3.488,2.331,0.086,48.538,38.834
East Timor,TLS,1990,760348,,,,,,,,,,8.398,0.068
East Timor,TLS,1991,778286,,,,,,,,,,6.395,0.068
East Timor,TLS,1992,799323,,,,,,,,,,6.298,0.071
East Timor,TLS,1993,821445,,,,,,,,,,6.551,0.071
East Timor,TLS,1994,844501,,0.0,0.0,,,,,,0.0,5.259,0.075
East Timor,TLS,1995,868152,,0.0,0.0,,,,,,0.0,4.791,0.078
East Timor,TLS,1996,892289,,0.0,0.0,,,,,,0.0,4.227,0.076
East Timor,TLS,1997,917189,,0.0,0.0,,,,,,0.0,3.466,0.073
East Timor,TLS,1998,942537,,0.061,0.064,,,,,,0.0,3.294,0.134
East Timor,TLS,1999,834699,,0.153,0.183,,,,,,0.001,3.568,0.226
East Timor,TLS,2000,745095,,0.22,0.295,,,,,,0.001,3.654,0.295
East Timor,TLS,2001,812253,,0.119,0.146,,,,,,0.0,3.697,0.197
East Timor,TLS,2002,879170,,0.262,0.298,,,0.161,,0.0,0.001,3.993,0.34
East Timor,TLS,2003,916876,,0.249,0.271,,,0.161,,0.0,0.001,3.967,0.33
East Timor,TLS,2004,929081,,0.497,0.535,,,0.176,,0.0,0.002,4.326,1.028
East Timor,TLS,2005,948310,,0.321,0.339,,,0.176,,0.0,0.001,4.379,1.262
East Timor,TLS,2006,976610,,0.317,0.324,,,0.18,0.0,0.0,0.001,4.496,1.399
East Timor,TLS,2007,1004898,,0.288,0.287,,,0.183,0.0,0.0,0.001,5.024,1.203
East Timor,TLS,2008,1032431,,0.285,0.276,,,0.202,0.0,0.0,0.001,4.826,1.352
East Timor,TLS,2009,1058783,,0.322,0.304,,,0.227,0.0,0.0,0.001,4.538,1.328
East Timor,TLS,2010,1084688,,0.313,0.289,,,0.236,0.0,0.0,0.001,4.913,1.253
East Timor,TLS,2011,1110212,,0.434,0.391,,,0.245,0.0,0.0,0.001,5.246,1.479
East Timor,TLS,2012,1134891,,0.591,0.521,,,0.291,0.0,0.0,0.002,5.299,1.712
East Timor,TLS,2013,1158697,,0.62,0.535,,,0.353,0.0,0.0,0.002,4.976,1.421
East Timor,TLS,2014,1181913,,0.627,0.531,,,0.44,0.0,0.0,0.002,4.687,1.219
East Timor,TLS,2015,1205133,,0.59,0.49,,,0.429,0.0,0.0,0.002,4.694,1.206
East Timor,TLS,2016,1228314,,0.643,0.523,,,0.509,0.0,0.0,0.002,4.547,1.117
East Timor,TLS,2017,1251711,,0.693,0.554,,,0.553,0.0,0.0,0.002,5.741,1.082
East Timor,TLS,2018,1275962,,0.617,0.484,,,0.498,0.0,0.0,0.002,4.706,0.958
East Timor,TLS,2019,1300946,,0.675,0.519,,,0.605,0.0,0.0,0.002,5.086,1.078
East Timor,TLS,2020,1326051,,0.646,0.487,,,0.586,0.0,0.0,0.002,5.295,0.987
East Timor,TLS,2021,1350142,,0.62,0.459,,,0.572,0.0,0.0,0.002,5.589,0.946
East Timor,TLS,2022,1369299,,0.67,0.489,,,0.609,0.0,0.0,0.002,4.992,0.985
East Timor,TLS,2023,1384292,,0.637,0.46,,,0.606,0.0,0.0,0.002,4.867,0.94
East Timor,TLS,2024,1400638,,0.668,0.477,,,0.634,0.0,0.0,0.002,4.875,0.938
Ecuador,ECU,1990,10473674,64188502782,16.501,1.575,14.889,,13.26,0.509,1.061,0.073,100.662,25.161
Ecuador,ECU,1991,10702377,67933582437,16.198,1.514,14.546,,13.124,0.601,1.081,0.07,82.521,25.248
Ecuador,ECU,1992,10930128,70873835048,21.998,2.013,18.367,,19.138,0.465,1.054,0.098,84.647,31.486
Ecuador,ECU,1993,11154283,72804333284,24.121,2.163,21.127,,21.119,0.535,0.98,0.106,109.915,34.155
Ecuador,ECU,1994,11372197,76428090430,14.338,1.261,14.145,,10.648,0.484,1.007,0.062,80.881,24.912
Ecuador,ECU,1995,11590519,78692037555,23.534,2.03,20.83,,19.558,0.465,1.214,0.1,83.241,34.508
Ecuador,ECU,1996,11810954,80612101466,25.337,2.145,21.525,,20.863,0.495,1.4,0.105,81.505,37.116
Ecuador,ECU,1997,12031129,84682917021,19.461,1.618,18.22,,15.253,0.451,1.337,0.08,93.902,30.975
Ecuador,ECU,1998,12251188,88055994335,23.117,1.887,22.935,,19.28,0.462,1.195,0.095,93.718,34.117
Ecuador,ECU,1999,12470800,84464765477,21.997,1.764,19.642,,18.478,0.432,1.053,0.089,88.811,32.636
Ecuador,ECU,2000,12689215,85978888021,20.949,1.651,18.301,,17.324,0.473,1.278,0.082,70.151,31.361
Ecuador,ECU,2001,12910736,90060703680,23.436,1.815,23.614,,19.647,0.48,1.325,0.091,66.875,34.147
Ecuador,ECU,2002,13138473,94404507340,24.861,1.892,25.708,,21.233,0.476,1.353,0.095,62.31,35.192
Ecuador,ECU,2003,13372304,97642542688,27.113,2.028,28.622,,22.871,0.931,1.389,0.098,127.521,37.966
Ecuador,ECU,2004,13608700,106393261231,29.31,2.154,30.873,,24.659,1.136,1.545,0.102,81.361,41.182
Ecuador,ECU,2005,13846162,112798230080,30.652,2.214,32.628,,26.007,0.894,1.632,0.104,72.371,43.107
Ecuador,ECU,2006,14086138,118581678982,29.781,2.114,33.983,,24.918,0.956,1.828,0.097,70.386,42.204
Ecuador,ECU,2007,14328783,122016284055,34.393,2.4,38.08,,29.312,1.022,1.948,0.109,92.255,46.848
Ecuador,ECU,2008,14575201,130654762337,30.488,2.092,35.779,,24.915,0.931,2.394,0.095,82.088,42.85
Ecuador,ECU,2009,14825960,132310294703,33.815,2.281,35.877,,27.971,1.099,2.33,0.107,77.756,46.563
Ecuador,ECU,2010,15076697,137913290159,36.469,2.419,38.661,,30.331,1.158,2.284,0.109,81.584,50.048
Ecuador,ECU,2011,15326232,149795272280,38.48,2.511,41.3,,32.873,1.048,2.459,0.112,107.057,52.48
Ecuador,ECU,2012,15572195,158246726051,37.493,2.408,40.945,,32.148,1.4,2.441,0.107,80.43,51.654
Ecuador,ECU,2013,15807132,166075183974,39.685,2.511,44.154,,33.973,1.59,2.631,0.112,90.648,54.393
Ecuador,ECU,2014,16035127,172367775440,43.76,2.729,47.487,,37.614,1.631,2.628,0.123,145.965,59.175
Ecuador,ECU,2015,16266229,172538423301,41.298,2.539,46.127,,35.442,1.535,2.333,0.117,95.883,56.547
Ecuador,ECU,2016,16505142,170423090933,39.375,2.386,40.932,,33.474,1.652,2.21,0.111,88.937,54.867
Ecuador,ECU,2017,16759515,174458721084,39.196,2.339,43.768,,33.387,1.535,2.265,0.109,84.039,54.415
Ecuador,ECU,2018,17049542,176707497535,38.451,2.255,44.788,,33.155,1.356,2.309,0.105,100.005,53.442
Ecuador,ECU,2019,17340017,176728682555,40.083,2.312,46.481,,34.933,1.213,2.21,0.108,97.606,55.389
Ecuador,ECU,2020,17546058,162965075602,32.473,1.851,37.595,,27.465,1.03,2.03,0.092,76.739,46.792
Ecuador,ECU,2021,17682454,169866634253,38.185,2.159,43.833,,32.668,1.085,2.11,0.104,79.062,52.535
Ecuador,ECU,2022,17823900,175028884708,42.066,2.36,47.095,,36.448,1.002,2.19,0.112,80.527,56.561
Ecuador,ECU,2023,17980079,,44.6,2.481,48.898,,38.524,0.912,2.19,0.117,62.182,59.113
Ecuador,ECU,2024,18135478,,45.98,2.535,,,39.525,1.171,2.19,0.119,63.137,60.153
Egypt,EGY,1990,58396625,227979905812,72.884,1.248,79.211,3.36,52.075,13.015,4.433,0.321,129.264,107.264
Egypt,EGY,1991,60029001,241323329041,74.447,1.24,74.949,2.697,51.839,14.904,5.006,0.321,141.137,114.297
Egypt,EGY,1992,61480663,254191038156,77.419,1.259,84.105,2.59,53.132,16.118,5.579,0.344,141.343,115.325
Egypt,EGY,1993,62915681,269984893134,90.835,1.444,91.517,3.415,62.757,18.511,6.152,0.399,155.092,129.023
Egypt,EGY,1994,64285596,286215812013,87.483,1.361,90.63,3.693,53.089,20.158,6.725,0.381,153.291,125.675
Egypt,EGY,1995,65652621,305979220895,97.968,1.492,100.192,2.451,58.104,26.011,7.298,0.417,165.182,137.745
Egypt,EGY,1996,67028045,328668878031,97.042,1.448,101.665,3.43,53.652,27.707,7.872,0.4,166.247,138.175
Egypt,EGY,1997,68431738,354503266736,110.934,1.621,111.871,2.851,70.384,25.063,8.445,0.455,178.861,151.068
Egypt,EGY,1998,69943297,380551417847,124.256,1.777,127.505,2.792,82.594,26.293,9.018,0.511,191.674,162.358
Egypt,EGY,1999,71520953,409935668443,126.987,1.776,129.224,2.506,79.54,31.625,9.591,0.511,194.761,165.908
Egypt,EGY,2000,73083287,444250275939,142.837,1.954,135.395,3.144,85.32,40.718,10.169,0.56,210.582,180.553
Egypt,EGY,2001,74652035,475679003242,126.372,1.693,118.01,2.748,66.434,43.361,10.466,0.492,194.289,164.043
Egypt,EGY,2002,76239140,501912285229,128.362,1.684,119.879,2.957,57.133,52.97,11.929,0.489,197.826,166.29
Egypt,EGY,2003,77853548,528750466385,149.954,1.926,137.328,3.063,73.293,58.212,11.929,0.542,221.16,188.908
Egypt,EGY,2004,79477441,561597926809,151.917,1.911,131.634,3.191,75.638,57.625,12.03,0.531,225.003,191.327
Egypt,EGY,2005,81101012,600297394092,166.934,2.058,147.715,3.067,79.21,68.622,12.862,0.564,240.169,206.907
Egypt,EGY,2006,82700404,650403845291,178.389,2.157,160.382,2.928,83.689,73.833,14.764,0.583,252.567,219.179
Egypt,EGY,2007,84276224,713462332878,189.201,2.245,174.413,2.917,84.763,81.128,17.496,0.601,262.79,229.483
Egypt,EGY,2008,85864791,775303694329,195.86,2.281,184.114,2.854,92.404,83.31,14.327,0.611,272.889,237.764
Egypt,EGY,2009,87501635,831415021492,205.243,2.346,199.285,2.689,98.338,81.788,19.119,0.651,281.384,249.076
Egypt,EGY,2010,89196073,898751418203,202.704,2.273,202.603,4.126,95.594,81.949,18.27,0.608,276.046,245.917
Egypt,EGY,2011,91093066,923052843843,221.675,2.434,217.918,1.7,106.393,92.679,17.012,0.643,297.452,265.166
Egypt,EGY,2012,93161000,950287307199,212.524,2.281,223.512,1.803,97.477,92.919,15.31,0.608,289.324,256.601
Egypt,EGY,2013,95333551,984556585202,219.087,2.298,224.396,1.7,103.374,90.4,19.143,0.621,293.691,262.109
Egypt,EGY,2014,97528655,1035721838706,227.254,2.33,246.077,1.495,118.497,81.7,20.331,0.641,302.445,270.416
Egypt,EGY,2015,99597334,1079611566322,226.654,2.276,258.982,1.345,111.266,84.152,24.578,0.64,300.73,269.462
Egypt,EGY,2016,101644583,1121578599865,245.164,2.412,271.407,1.608,118.243,94.823,25.226,0.693,320.884,288.349
Egypt,EGY,2017,103696055,1158060486104,253.364,2.443,260.362,6.507,108.447,108.407,25.612,0.704,329.105,297.843
Egypt,EGY,2018,105682092,1220661740193,241.903,2.289,252.257,13.007,97.802,102.697,24.134,0.659,316.985,287.431
Egypt,EGY,2019,107553159,1289253465646,234.06,2.176,246.371,10.124,76.284,120.52,22.768,0.631,303.625,279.735
Egypt,EGY,2020,109315118,1307778142529,246.323,2.253,259.97,5.401,98.241,116.631,21.615,0.701,316.237,292.151
Egypt,EGY,2021,110957005,1400985648780,266.839,2.405,291.37,8.702,104.622,122.938,26.662,0.724,337.687,313.451
Egypt,EGY,2022,112618252,1460427350416,249.899,2.219,267.689,7.762,109.147,104.011,25.276,0.666,323.034,297.079
Egypt,EGY,2023,114535772,,250.23,2.185,253.428,8.639,106.311,103.064,28.698,0.657,322.882,297.571
Egypt,EGY,2024,116538256,,258.368,2.217,,12.121,112.97,102.624,27.594,0.669,332.462,306.3
El Salvador,SLV,1990,5399728,17260964768,2.471,0.458,3.855,,2.198,,0.273,0.011,12.261,4.146
El Salvador,SLV,1991,5495081,18153449125,3.149,0.573,4.481,,2.862,,0.288,0.014,14.138,4.886
El Salvador,SLV,1992,5585611,19825256603,3.313,0.593,4.775,,3.136,,0.176,0.015,13.63,5.138
El Salvador,SLV,1993,5659959,21604952339,3.966,0.701,5.198,0.004,3.602,,0.361,0.017,13.657,5.838
El Salvador,SLV,1994,5714138,23258530978,4.502,0.788,5.747,0.004,4.144,,0.354,0.02,15.12,6.426
El Salvador,SLV,1995,5762135,25119269330,4.986,0.865,6.315,0.004,4.613,,0.369,0.021,13.795,6.962
El Salvador,SLV,1996,5805286,25931149474,4.4,0.758,5.879,0.004,4.005,,0.391,0.018,13.815,6.449
El Salvador,SLV,1997,5844578,27444887250,5.398,0.924,6.869,0.004,4.976,,0.419,0.022,17.424,7.693
El Salvador,SLV,1998,5880786,28907125564,5.711,0.971,7.806,0.004,5.272,,0.435,0.024,18.795,7.964
El Salvador,SLV,1999,5913908,30355223155,5.567,0.941,7.376,0.004,5.144,,0.419,0.022,19.47,7.751
El Salvador,SLV,2000,5943363,31478454275,5.648,0.95,8.421,0.004,5.214,,0.43,0.022,15.57,7.495
El Salvador,SLV,2001,5968058,32499941192,5.829,0.977,8.359,0.004,5.357,,0.469,0.023,12.149,7.717
El Salvador,SLV,2002,5986629,33751219265,6.036,1.008,8.34,0.0,5.514,,0.521,0.023,10.055,7.95
El Salvador,SLV,2003,5998597,35029541311,6.396,1.066,8.882,0.004,5.851,,0.541,0.023,10.002,8.362
El Salvador,SLV,2004,6004673,36185189370,6.216,1.035,8.447,0.004,5.727,,0.485,0.022,7.851,8.23
El Salvador,SLV,2005,6005583,38001442916,6.262,1.043,8.67,0.004,5.83,,0.428,0.021,7.494,8.327
El Salvador,SLV,2006,6002321,40054319005,6.689,1.114,9.843,0.004,6.181,,0.505,0.022,9.883,8.803
El Salvador,SLV,2007,6009820,42202462933,6.819,1.135,9.808,0.004,6.321,,0.495,0.022,10.042,8.701
El Salvador,SLV,2008,6029302,43393063628,6.375,1.057,9.376,0.004,5.885,,0.486,0.02,9.12,7.955
El Salvador,SLV,2009,6048284,42668179532,6.283,1.039,8.075,0.004,5.83,,0.449,0.02,9.631,7.898
El Salvador,SLV,2010,6068253,43862777197,6.287,1.036,7.947,0.004,5.808,,0.475,0.019,9.277,7.915
El Salvador,SLV,2011,6090128,45520507146,6.467,1.062,8.657,0.004,5.98,,0.483,0.019,9.029,8.106
El Salvador,SLV,2012,6113977,46608113564,6.436,1.053,8.356,0.004,5.932,,0.501,0.018,9.375,8.102
El Salvador,SLV,2013,6138845,48017379514,6.058,0.987,8.571,0.004,5.625,,0.43,0.017,8.74,7.725
El Salvador,SLV,2014,6162952,49026874064,6.12,0.993,8.626,0.004,5.76,,0.357,0.017,9.875,7.777
El Salvador,SLV,2015,6183675,50319726389,6.637,1.073,9.114,0.004,6.28,,0.353,0.019,9.081,8.326
El Salvador,SLV,2016,6200808,51794877474,6.572,1.06,9.337,0.004,6.254,,0.314,0.019,8.484,8.275
El Salvador,SLV,2017,6213538,53295513328,5.942,0.956,8.761,0.0,5.621,,0.321,0.017,7.736,7.672
El Salvador,SLV,2018,6219803,55053057931,6.452,1.037,9.892,0.0,6.064,,0.388,0.018,8.188,8.197
El Salvador,SLV,2019,6222316,56393644127,7.634,1.227,10.575,0.0,7.178,,0.457,0.021,8.837,9.412
El Salvador,SLV,2020,6234679,51960808936,6.135,0.984,9.032,0.0,5.778,,0.357,0.017,6.529,7.897
El Salvador,SLV,2021,6255780,57771997522,6.977,1.115,10.143,0.0,6.595,0.0,0.382,0.019,7.705,8.785
El Salvador,SLV,2022,6280316,59270934820,7.913,1.26,11.006,0.0,7.133,0.399,0.38,0.021,8.763,9.756
El Salvador,SLV,2023,6309629,,8.67,1.374,11.255,0.0,7.562,0.728,0.38,0.023,9.409,10.548
El Salvador,SLV,2024,6338197,,8.972,1.416,,0.0,7.853,0.739,0.38,0.023,9.874,10.871
Equatorial Guinea,GNQ,1990,474289,917854000,0.062,0.131,,,0.062,,0.0,0.0,0.113,0.247
Equatorial Guinea,GNQ,1991,492220,925022421,0.066,0.134,,,0.066,,0.0,0.0,1.089,0.717
Equatorial Guinea,GNQ,1992,510775,1054728158,0.066,0.129,,,0.066,,0.0,0.0,1.053,1.219
Equatorial Guinea,GNQ,1993,530030,1160722252,0.07,0.131,,,0.07,,0.0,0.0,2.587,1.755
Equatorial Guinea,GNQ,1994,550148,1275597171,1.149,2.089,,,0.073,,0.0,0.005,3.49,2.731
Equatorial Guinea,GNQ,1995,571274,1433333474,1.223,2.142,,,0.081,,0.0,0.005,3.658,3.118
Equatorial Guinea,GNQ,1996,593496,1938735996,1.359,2.29,,,0.132,,0.0,0.006,8.079,5.238
Equatorial Guinea,GNQ,1997,616897,3808985683,1.975,3.201,,,0.304,,0.0,0.008,9.039,7.618
Equatorial Guinea,GNQ,1998,641478,4506473125,2.295,3.578,,,0.22,0.037,0.0,0.009,11.899,9.351
Equatorial Guinea,GNQ,1999,667222,5587884417,2.511,3.763,,,0.292,0.037,0.0,0.01,12.63,10.235
Equatorial Guinea,GNQ,2000,703287,6341192117,2.699,3.838,,,0.374,0.059,0.0,0.011,13.83,11.867
Equatorial Guinea,GNQ,2001,749836,10710877546,3.091,4.122,,,0.454,0.037,0.0,0.012,14.278,12.916
Equatorial Guinea,GNQ,2002,797968,12944267386,2.765,3.465,,,0.616,0.191,0.0,0.011,12.564,10.225
Equatorial Guinea,GNQ,2003,847867,14778140796,3.13,3.691,,,0.799,0.191,0.0,0.011,12.858,11.353
Equatorial Guinea,GNQ,2004,899924,18414357582,6.137,6.82,,,1.118,2.495,0.0,0.021,17.579,15.713
Equatorial Guinea,GNQ,2005,947370,20168023886,6.206,6.551,,,1.162,2.496,0.0,0.021,16.748,15.283
Equatorial Guinea,GNQ,2006,990349,21346957199,6.172,6.233,,,1.209,2.495,0.0,0.02,17.883,16.576
Equatorial Guinea,GNQ,2007,1036053,24766652343,5.711,5.513,,,1.238,1.924,0.0,0.018,18.614,16.552
Equatorial Guinea,GNQ,2008,1084538,29298389312,5.926,5.464,,,1.235,2.341,0.0,0.018,18.163,16.153
Equatorial Guinea,GNQ,2009,1135683,29853093503,4.883,4.3,,,1.197,1.666,0.0,0.015,16.98,13.604
Equatorial Guinea,GNQ,2010,1189097,27366671882,6.377,5.363,,,1.202,3.048,0.0,0.019,16.117,15.502
Equatorial Guinea,GNQ,2011,1241843,29285788000,6.067,4.885,,,1.221,3.16,0.0,0.018,16.081,14.838
Equatorial Guinea,GNQ,2012,1293485,31730930000,6.875,5.315,,,1.26,4.367,0.0,0.02,16.251,15.97
Equatorial Guinea,GNQ,2013,1346220,30419136000,8.168,6.068,,,1.253,5.644,0.0,0.023,18.158,16.298
Equatorial Guinea,GNQ,2014,1399829,30256854000,7.641,5.459,,,1.272,5.131,0.0,0.022,16.614,15.845
Equatorial Guinea,GNQ,2015,1453925,28026102000,7.01,4.821,,,1.276,4.648,0.0,0.02,17.559,15.727
Equatorial Guinea,GNQ,2016,1508192,25203837269,7.538,4.998,,,1.216,5.454,0.0,0.021,16.571,15.158
Equatorial Guinea,GNQ,2017,1562401,23511758900,6.816,4.362,,,1.124,5.117,0.0,0.019,16.143,13.533
Equatorial Guinea,GNQ,2018,1616425,21813514918,7.034,4.352,,,1.066,5.349,0.0,0.019,13.977,12.188
Equatorial Guinea,GNQ,2019,1670184,20617750095,5.514,3.301,,,1.096,3.884,0.0,0.015,12.295,10.199
Equatorial Guinea,GNQ,2020,1716479,19743252847,6.39,3.722,,,0.971,4.606,0.0,0.018,13.889,11.05
Equatorial Guinea,GNQ,2021,1758796,19556604569,7.088,4.03,,,0.975,5.634,0.0,0.019,13.557,11.135
Equatorial Guinea,GNQ,2022,1803549,20191378731,7.497,4.157,,,0.953,6.13,0.0,0.02,14.087,11.278
Equatorial Guinea,GNQ,2023,1847556,,6.913,3.742,,,0.983,5.542,0.0,0.018,11.81,9.871
Equatorial Guinea,GNQ,2024,1892523,,7.01,3.704,,,0.997,5.619,0.0,0.018,11.687,9.737
Eritrea,ERI,1990,2032749,,,,,,,,0.0,,4.71,0.876
Eritrea,ERI,1991,1919575,,,,,,,,,,4.754,0.898
Eritrea,ERI,1992,1798750,,,,,,,,,,2.801,0.973
Eritrea,ERI,1993,1856017,,,,,,,,0.0,,2.92,0.973
Eritrea,ERI,1994,1913919,,0.707,0.37,,,0.689,,0.018,0.003,4.144,1.758
Eritrea,ERI,1995,2025273,,0.79,0.39,,,0.769,,0.02,0.003,4.587,1.86
Eritrea,ERI,1996,2128464,,0.862,0.405,,,0.843,,0.019,0.004,5.202,1.964
Eritrea,ERI,1997,2152146,,0.768,0.357,,,0.744,,0.024,0.003,5.625,1.891
Eritrea,ERI,1998,2180423,,0.586,0.269,,,0.568,,0.018,0.002,5.736,1.434
Eritrea,ERI,1999,2212785,,0.615,0.278,,,0.597,,0.018,0.002,5.77,1.481
Eritrea,ERI,2000,2247036,,0.604,0.269,,,0.586,,0.018,0.002,5.998,1.488
Eritrea,ERI,2001,2312083,,0.637,0.276,,,0.619,,0.018,0.002,5.652,1.565
Eritrea,ERI,2002,2392981,,0.509,0.213,,,0.491,,0.018,0.002,7.895,1.467
Eritrea,ERI,2003,2493906,,0.78,0.313,,,0.762,,0.018,0.003,10.707,1.768
Eritrea,ERI,2004,2598288,,0.633,0.244,,,0.616,,0.018,0.002,9.88,1.624
Eritrea,ERI,2005,2661215,,0.586,0.22,,,0.568,,0.018,0.002,9.532,1.606
Eritrea,ERI,2006,2703501,,0.454,0.168,,,0.436,,0.018,0.001,9.682,1.501
Eritrea,ERI,2007,2743226,,0.424,0.155,,,0.407,,0.017,0.001,8.284,1.502
Eritrea,ERI,2008,2816331,,0.398,0.141,,,0.381,,0.017,0.001,8.517,1.495
Eritrea,ERI,2009,2887887,,0.446,0.154,,,0.429,,0.017,0.001,9.213,1.573
Eritrea,ERI,2010,2945184,,0.468,0.159,,,0.451,,0.017,0.001,9.544,1.636
Eritrea,ERI,2011,2998493,,0.578,0.193,,,0.517,,0.061,0.002,9.025,1.796
Eritrea,ERI,2012,3036998,,0.608,0.2,,,0.52,,0.088,0.002,8.877,1.858
Eritrea,ERI,2013,3074367,,0.57,0.185,,,0.48,,0.09,0.002,8.577,1.854
Eritrea,ERI,2014,3095168,,0.569,0.184,,,0.48,,0.089,0.002,9.122,1.89
Eritrea,ERI,2015,3105554,,0.557,0.18,,,0.48,,0.077,0.002,9.549,1.913
Eritrea,ERI,2016,3124700,,0.554,0.177,,,0.477,,0.077,0.002,9.951,1.949
Eritrea,ERI,2017,3150350,,0.553,0.176,,,0.484,,0.07,0.002,10.458,1.94
Eritrea,ERI,2018,3192763,,0.616,0.193,,,0.546,,0.07,0.002,10.606,2.027
Eritrea,ERI,2019,3240194,,0.645,0.199,,,0.575,,0.07,0.002,10.858,2.08
Eritrea,ERI,2020,3291277,,0.641,0.195,,,0.579,,0.062,0.002,10.989,2.103
Eritrea,ERI,2021,3350185,,0.682,0.203,,,0.612,,0.07,0.002,9.707,2.17
Eritrea,ERI,2022,3409450,,0.718,0.211,,,0.649,,0.07,0.002,10.133,2.22
Eritrea,ERI,2023,3470391,,0.731,0.211,,,0.661,,0.07,0.002,10.295,2.249
Eritrea,ERI,2024,3535610,,0.743,0.21,,,0.673,,0.07,0.002,10.419,2.284
Estonia,EST,1990,1570309,27066096904,36.906,23.503,31.229,24.435,9.137,2.717,0.483,0.162,41.827,38.983
Estonia,EST,1991,1565380,23940083198,34.135,21.806,29.734,22.547,8.208,2.754,0.479,0.147,39.032,36.17
Estonia,EST,1992,1540214,20201098370,24.413,15.85,23.128,17.796,4.632,1.605,0.315,0.108,28.524,26.123
Estonia,EST,1993,1504344,18206161939,19.433,12.918,17.4,13.589,4.793,0.802,0.228,0.085,21.348,21.047
Estonia,EST,1994,1475716,17713297126,20.039,13.579,16.254,14.118,4.453,1.118,0.33,0.087,20.746,21.782
Estonia,EST,1995,1452774,18632898028,18.053,12.427,15.317,12.916,3.485,1.284,0.348,0.077,19.475,19.807
Estonia,EST,1996,1434655,19286856884,19.033,13.267,15.974,13.451,3.779,1.42,0.361,0.079,20.688,20.945
Estonia,EST,1997,1421494,21171918456,18.673,13.136,15.644,13.191,3.668,1.391,0.396,0.077,21.155,20.581
Estonia,EST,1998,1411206,21698756967,16.933,11.999,15.877,11.5,3.637,1.332,0.404,0.07,18.853,18.843
Estonia,EST,1999,1403578,21126870271,15.93,11.349,20.46,10.921,3.315,1.277,0.361,0.064,18.81,17.904
Estonia,EST,2000,1397001,23525730943,15.471,11.074,21.123,10.851,2.716,1.482,0.374,0.061,15.419,17.541
Estonia,EST,2001,1388174,24618992841,15.87,11.432,19.32,10.679,3.166,1.594,0.38,0.062,15.038,17.827
Estonia,EST,2002,1379438,25689833693,15.358,11.134,20.426,10.382,3.217,1.347,0.356,0.058,16.928,17.159
Estonia,EST,2003,1370849,27160243367,17.251,12.584,21.402,12.172,3.158,1.528,0.335,0.062,17.359,19.192
Estonia,EST,2004,1362682,28392969678,17.322,12.712,21.683,12.012,3.167,1.727,0.365,0.061,22.176,19.27
Estonia,EST,2005,1354847,30566893529,17.09,12.614,20.265,11.745,3.196,1.727,0.373,0.058,19.492,18.952
Estonia,EST,2006,1346885,33162229951,16.438,12.205,22.521,11.047,3.206,1.717,0.414,0.054,18.99,18.016
Estonia,EST,2007,1340709,35115520992,19.93,14.866,22.172,14.258,3.31,1.711,0.597,0.063,21.959,21.718
Estonia,EST,2008,1337078,32659893005,17.815,13.324,18.165,12.322,3.187,1.656,0.603,0.056,20.694,19.815
Estonia,EST,2009,1334528,27402480486,14.405,10.794,14.364,10.022,2.901,1.199,0.257,0.046,18.411,16.336
Estonia,EST,2010,1331450,27586968284,18.965,14.244,17.786,14.262,3.053,1.301,0.31,0.057,22.514,21.127
Estonia,EST,2011,1327366,29217295065,18.948,14.275,20.415,14.182,3.145,1.164,0.416,0.055,22.391,21.14
Estonia,EST,2012,1322615,30160490093,17.761,13.429,19.218,12.602,3.228,1.254,0.407,0.051,21.872,19.993
Estonia,EST,2013,1317920,30600421813,19.634,14.898,17.666,14.532,3.206,1.194,0.399,0.056,23.82,21.745
Estonia,EST,2014,1314457,31521829560,18.784,14.29,17.858,14.072,3.23,1.008,0.422,0.053,23.816,20.986
Estonia,EST,2015,1314580,32106015454,15.78,12.004,17.133,11.271,3.333,0.903,0.206,0.045,21.132,17.973
Estonia,EST,2016,1315850,33119083785,17.433,13.248,17.108,12.763,3.427,0.991,0.185,0.049,21.906,19.639
Estonia,EST,2017,1317430,35037377711,18.616,14.131,17.145,13.877,3.435,0.912,0.307,0.052,23.461,20.946
Estonia,EST,2018,1321972,36363239216,17.801,13.465,18.529,13.063,3.397,0.958,0.298,0.048,23.01,20.323
Estonia,EST,2019,1326822,37723175050,12.288,9.261,15.255,7.776,3.255,0.882,0.295,0.033,17.148,14.648
Estonia,EST,2020,1329675,37515273353,9.198,6.918,12.932,5.277,3.029,0.806,0.02,0.026,13.143,10.462
Estonia,EST,2021,1331750,40521483538,10.391,7.802,14.308,6.458,2.929,0.916,0.0,0.028,14.398,11.684
Estonia,EST,2022,1350093,39999856613,11.966,8.863,14.638,8.086,3.133,0.679,0.0,0.032,16.096,13.266
Estonia,EST,2023,1367195,,8.744,6.396,12.585,4.974,3.131,0.58,0.0,0.023,12.976,10.01
Estonia,EST,2024,1360548,,8.307,6.105,,4.547,3.073,0.627,0.0,0.022,12.116,9.157
Eswatini,SWZ,1990,872436,3420534889,0.96,1.1,,0.423,0.537,,0.0,0.004,2.861,
Eswatini,SWZ,1991,908193,3548878922,0.872,0.96,,0.326,0.546,,0.0,0.004,2.675,
Eswatini,SWZ,1992,943426,3732391463,0.832,0.882,,0.265,0.567,,0.0,0.004,2.511,
Eswatini,SWZ,1993,971327,3919793436,0.707,0.728,,0.132,0.575,,0.0,0.003,2.276,
Eswatini,SWZ,1994,971221,4084365870,1.077,1.109,,0.484,0.594,,0.0,0.005,2.263,
Eswatini,SWZ,1995,970439,4356450718,1.059,1.091,,0.453,0.606,,0.0,0.005,2.307,
Eswatini,SWZ,1996,989847,4598027973,0.788,0.796,,0.341,0.447,,0.0,0.003,2.36,
Eswatini,SWZ,1997,1006647,4766768452,1.14,1.132,,0.564,0.575,,0.0,0.005,2.333,
Eswatini,SWZ,1998,1019657,4867682233,1.161,1.139,,0.564,0.597,,0.0,0.005,2.246,
Eswatini,SWZ,1999,1030785,4986982563,1.242,1.205,,0.585,0.658,,0.0,0.005,2.333,
Eswatini,SWZ,2000,1041428,5050303320,1.205,1.158,,0.533,0.672,,0.0,0.005,2.656,
Eswatini,SWZ,2001,1051066,5125500508,1.099,1.046,,0.507,0.592,,0.0,0.004,2.152,
Eswatini,SWZ,2002,1059456,5280506497,1.081,1.02,,0.487,0.594,,0.0,0.004,1.983,
Eswatini,SWZ,2003,1066706,5518729007,1.004,0.941,,0.398,0.606,,0.0,0.004,2.006,
Eswatini,SWZ,2004,1073170,5696422388,1.004,0.935,,0.393,0.61,,0.0,0.004,2.058,
Eswatini,SWZ,2005,1079022,6002942535,1.015,0.941,,0.381,0.634,,0.0,0.003,1.824,
Eswatini,SWZ,2006,1084442,6319744849,1.015,0.936,,0.386,0.629,,0.0,0.003,1.872,
Eswatini,SWZ,2007,1090713,6589486313,1.044,0.957,,0.403,0.641,,0.0,0.003,1.966,
Eswatini,SWZ,2008,1098098,6906669172,1.019,0.928,,0.413,0.606,,0.0,0.003,1.958,
Eswatini,SWZ,2009,1105158,7131566747,1.055,0.955,,0.381,0.674,,0.0,0.003,1.89,
Eswatini,SWZ,2010,1111651,7332277029,0.997,0.897,,0.369,0.628,,0.0,0.003,1.718,
Eswatini,SWZ,2011,1117845,7567466177,0.96,0.859,,0.33,0.63,,0.0,0.003,1.66,
Eswatini,SWZ,2012,1123870,7793097968,1.11,0.988,,0.458,0.652,,0.0,0.003,1.694,
Eswatini,SWZ,2013,1130000,8126636123,1.315,1.164,,0.597,0.718,,0.0,0.004,1.705,
Eswatini,SWZ,2014,1136305,8327527350,0.762,0.671,,0.048,0.714,,0.0,0.002,1.684,
Eswatini,SWZ,2015,1142822,8445665268,0.85,0.744,,0.121,0.729,,0.0,0.002,1.614,
Eswatini,SWZ,2016,1149516,8545156780,1.022,0.889,,0.216,0.806,,0.0,0.003,1.702,
Eswatini,SWZ,2017,1158198,8725282454,0.971,0.838,,0.143,0.828,,0.0,0.003,1.809,
Eswatini,SWZ,2018,1168933,8936238936,1.015,0.868,,0.143,0.872,,0.0,0.003,1.75,
Eswatini,SWZ,2019,1179885,9177836965,1.099,0.932,,0.176,0.923,,0.0,0.003,1.823,
Eswatini,SWZ,2020,1192734,9034694873,0.989,0.829,,0.142,0.847,,0.0,0.003,1.637,
Eswatini,SWZ,2021,1206598,9746927305,0.989,0.82,,0.161,0.828,,0.0,0.003,1.739,
Eswatini,SWZ,2022,1218921,9594910875,1.028,0.844,,0.18,0.849,,0.0,0.003,1.656,
Eswatini,SWZ,2023,1230507,,1.03,0.837,,0.172,0.857,,0.0,0.003,1.744,
Eswatini,SWZ,2024,1242829,,1.045,0.841,,0.18,0.865,,0.0,0.003,1.622,
Ethiopia,ETH,1990,47609760,45030920800,2.987,0.063,3.017,,2.847,,0.14,0.013,87.623,16.603
Ethiopia,ETH,1991,49717203,41447817951,2.958,0.06,3.004,,2.84,,0.119,0.013,90.555,17.152
Ethiopia,ETH,1992,51853756,37455354506,2.937,0.057,3.026,,2.814,,0.123,0.013,61.614,18.15
Ethiopia,ETH,1993,53708892,37874279529,2.994,0.056,3.048,,2.851,,0.143,0.013,70.744,18.618
Ethiopia,ETH,1994,55611514,40711848289,2.197,0.04,2.259,,2.008,,0.189,0.01,76.762,19.709
Ethiopia,ETH,1995,57537340,42631100913,2.506,0.044,2.517,,2.257,,0.249,0.011,82.206,20.607
Ethiopia,ETH,1996,59467640,46130264957,2.794,0.047,3.912,,2.514,,0.281,0.012,85.15,21.553
Ethiopia,ETH,1997,61404541,49275077370,2.98,0.049,2.978,,2.675,,0.305,0.012,87.089,22.215
Ethiopia,ETH,1998,63363523,48734081758,3.147,0.05,3.139,,2.843,,0.304,0.013,97.88,22.97
Ethiopia,ETH,1999,65374561,48438288398,3.094,0.047,4.333,,2.836,,0.258,0.012,95.64,23.557
Ethiopia,ETH,2000,67411496,50326965912,3.463,0.051,5.381,,3.107,,0.356,0.014,131.96,24.473
Ethiopia,ETH,2001,69487767,52434129516,4.265,0.061,5.765,,3.902,,0.362,0.017,128.049,25.997
Ethiopia,ETH,2002,71635521,54501781462,4.432,0.062,3.93,,4.071,,0.361,0.017,210.645,26.827
Ethiopia,ETH,2003,73832664,53892038989,4.87,0.066,3.844,,4.419,,0.451,0.018,256.698,27.838
Ethiopia,ETH,2004,76077211,55845384136,5.159,0.068,3.821,,4.635,,0.524,0.018,250.465,28.866
Ethiopia,ETH,2005,78367476,61634778962,4.956,0.063,3.805,,4.335,,0.622,0.017,253.664,29.441
Ethiopia,ETH,2006,80703495,67217118145,5.318,0.066,4.323,,4.639,,0.68,0.017,263.997,30.468
Ethiopia,ETH,2007,83103218,73421784125,5.84,0.07,4.63,,5.21,,0.629,0.019,244.401,31.847
Ethiopia,ETH,2008,85543670,79756503135,6.418,0.075,5.171,0.04,5.672,,0.705,0.02,255.004,33.16
Ethiopia,ETH,2009,88007641,86391027022,6.453,0.073,5.685,0.11,5.693,,0.65,0.02,273.254,34.197
Ethiopia,ETH,2010,90538518,94148625646,6.344,0.07,5.088,0.132,5.58,,0.632,0.019,290.404,34.986
Ethiopia,ETH,2011,93149977,104948629242,7.355,0.079,5.594,0.396,6.163,,0.796,0.021,276.229,36.954
Ethiopia,ETH,2012,95798771,116345224724,7.988,0.083,7.111,0.524,6.108,,1.357,0.023,289.163,38.514
Ethiopia,ETH,2013,98438752,128310309167,9.744,0.099,8.148,0.678,7.317,,1.749,0.028,286.604,41.188
Ethiopia,ETH,2014,101115615,141950543442,11.543,0.114,10.105,0.946,8.496,,2.102,0.033,250.171,43.939
Ethiopia,ETH,2015,103867140,157107146471,12.564,0.121,11.247,0.99,8.668,,2.906,0.035,224.231,45.884
Ethiopia,ETH,2016,106718163,173708917362,14.323,0.134,12.917,1.245,9.784,,3.294,0.04,216.784,48.642
Ethiopia,ETH,2017,109666482,190761659136,14.603,0.133,20.56,1.212,9.861,,3.526,0.041,214.109,49.807
Ethiopia,ETH,2018,112664157,206205566995,16.117,0.143,20.552,1.392,11.036,,3.681,0.044,208.567,52.178
Ethiopia,ETH,2019,115737384,221885291686,17.177,0.148,21.514,1.495,12.311,,3.371,0.046,230.209,54.25
Ethiopia,ETH,2020,118917670,237860193068,16.735,0.141,20.954,1.7,11.237,,3.797,0.048,243.9,54.661
Ethiopia,ETH,2021,122138588,251849804145,17.906,0.147,22.769,2.308,11.917,,3.681,0.049,231.147,56.917
Ethiopia,ETH,2022,125384285,269977225159,16.96,0.135,22.33,2.455,11.56,,2.945,0.045,233.825,56.614
Ethiopia,ETH,2023,128691695,,17.571,0.137,23.246,2.838,11.787,,2.945,0.046,241.434,57.65
Ethiopia,ETH,2024,132059770,,17.837,0.135,,2.898,11.994,,2.945,0.046,247.136,58.908
Faroe Islands,FRO,1990,47525,,0.703,14.802,,,0.703,,,0.003,,
Faroe Islands,FRO,1991,46839,,0.66,14.081,,,0.66,,,0.003,,
Faroe Islands,FRO,1992,46043,,0.649,14.085,,,0.649,,,0.003,,
Faroe Islands,FRO,1993,45160,,0.583,12.9,,,0.583,,,0.003,,
Faroe Islands,FRO,1994,44195,,0.575,13.016,,,0.575,,,0.003,,
Faroe Islands,FRO,1995,43863,,0.572,13.031,,,0.572,,,0.002,,
Faroe Islands,FRO,1996,44203,,0.597,13.511,,,0.597,,,0.002,,
Faroe Islands,FRO,1997,44568,,0.586,13.154,,,0.586,,,0.002,,
Faroe Islands,FRO,1998,44920,,0.623,13.866,,,0.623,,,0.003,,
Faroe Islands,FRO,1999,45242,,0.634,14.011,,,0.634,,,0.003,,
Faroe Islands,FRO,2000,45687,,0.689,15.077,,,0.689,,,0.003,,
Faroe Islands,FRO,2001,46262,,0.762,16.474,,,0.762,,,0.003,,
Faroe Islands,FRO,2002,46852,,0.729,15.563,,,0.729,,,0.003,,
Faroe Islands,FRO,2003,47448,,0.733,15.444,,,0.733,,,0.003,,
Faroe Islands,FRO,2004,48041,,0.747,15.559,,,0.747,,,0.003,,
Faroe Islands,FRO,2005,48386,,0.722,14.918,,,0.722,,,0.002,,
Faroe Islands,FRO,2006,48456,,0.678,13.989,,,0.678,,,0.002,,
Faroe Islands,FRO,2007,48498,,0.692,14.279,,,0.692,,,0.002,,
Faroe Islands,FRO,2008,48528,,0.634,13.062,,,0.634,,,0.002,,
Faroe Islands,FRO,2009,48512,,0.575,11.858,,,0.575,,,0.002,,
Faroe Islands,FRO,2010,48191,,0.627,13.001,,,0.627,,,0.002,,
Faroe Islands,FRO,2011,47957,,0.564,11.766,,,0.564,,,0.002,,
Faroe Islands,FRO,2012,48113,,0.594,12.337,,,0.594,,,0.002,,
Faroe Islands,FRO,2013,48297,,0.649,13.428,,,0.649,,,0.002,,
Faroe Islands,FRO,2014,48515,,0.597,12.31,,,0.597,,,0.002,,
Faroe Islands,FRO,2015,48916,,0.608,12.434,,,0.608,,,0.002,,
Faroe Islands,FRO,2016,49554,,0.627,12.644,,,0.627,,,0.002,,
Faroe Islands,FRO,2017,50268,,0.703,13.995,,,0.703,,,0.002,,
Faroe Islands,FRO,2018,51062,,0.725,14.208,,,0.725,,,0.002,,
Faroe Islands,FRO,2019,51868,,0.74,14.269,,,0.74,,,0.002,,
Faroe Islands,FRO,2020,52615,,0.758,14.415,,,0.758,,,0.002,,
Faroe Islands,FRO,2021,53324,,0.784,14.704,,,0.784,,,0.002,,
Faroe Islands,FRO,2022,54039,,0.723,13.378,,,0.723,,,0.002,,
Faroe Islands,FRO,2023,54738,,0.714,13.038,,,0.714,,,0.002,,
Faroe Islands,FRO,2024,55419,,0.725,13.089,,,0.725,,,0.002,,
Fiji,FJI,1990,773325,,0.801,1.036,,0.062,0.707,,0.032,0.004,6.094,1.11
Fiji,FJI,1991,779666,,0.655,0.84,,0.048,0.575,,0.032,0.003,4.492,0.962
Fiji,FJI,1992,785349,,0.73,0.93,,0.051,0.645,,0.034,0.003,4.132,1.053
Fiji,FJI,1993,790380,,0.729,0.922,,0.051,0.645,,0.032,0.003,3.846,1.063
Fiji,FJI,1994,794779,,0.723,0.91,,0.052,0.633,,0.038,0.003,3.518,1.075
Fiji,FJI,1995,798750,,0.737,0.922,,0.051,0.649,,0.037,0.003,3.428,1.09
Fiji,FJI,1996,803788,,0.792,0.986,,0.059,0.7,,0.034,0.003,3.245,1.156
Fiji,FJI,1997,812145,,0.764,0.941,,0.059,0.667,,0.039,0.003,2.946,1.127
Fiji,FJI,1998,822259,,0.743,0.904,,0.052,0.655,,0.036,0.003,2.838,1.104
Fiji,FJI,1999,831835,,0.756,0.909,,0.048,0.671,,0.038,0.003,2.297,1.139
Fiji,FJI,2000,840913,,0.815,0.969,,0.044,0.732,,0.038,0.003,2.507,1.192
Fiji,FJI,2001,849606,,1.004,1.182,,0.04,0.964,,0.0,0.004,2.595,1.384
Fiji,FJI,2002,858057,,0.835,0.974,,0.044,0.791,,0.0,0.003,2.243,1.217
Fiji,FJI,2003,866297,,0.993,1.146,,0.044,0.949,,0.0,0.004,2.293,1.382
Fiji,FJI,2004,874369,,1.301,1.487,,0.0,1.301,,0.0,0.005,2.541,1.706
Fiji,FJI,2005,882384,,1.022,1.159,,0.0,1.022,,0.0,0.003,2.236,1.423
Fiji,FJI,2006,890370,,1.15,1.292,,0.0,1.15,,0.0,0.004,2.536,1.562
Fiji,FJI,2007,897843,,1.085,1.208,,0.0,1.085,,0.0,0.003,3.374,1.496
Fiji,FJI,2008,903403,,0.791,0.876,,0.0,0.791,,0.0,0.002,1.834,1.199
Fiji,FJI,2009,907248,,0.703,0.775,,0.0,0.703,,0.0,0.002,1.692,1.104
Fiji,FJI,2010,910427,,1.03,1.131,,0.0,1.026,0.004,0.0,0.003,2.085,1.447
Fiji,FJI,2011,912991,,0.931,1.019,,0.0,0.931,0.0,0.0,0.003,2.006,1.348
Fiji,FJI,2012,914920,,0.909,0.993,,0.0,0.909,,0.0,0.003,2.005,1.333
Fiji,FJI,2013,916359,,1.037,1.132,,0.0,1.037,,0.0,0.003,2.595,1.476
Fiji,FJI,2014,917589,,1.18,1.286,,0.0,1.18,0.0,0.0,0.003,1.842,1.638
Fiji,FJI,2015,918585,,1.462,1.592,,0.0,1.462,0.0,0.0,0.004,2.564,1.928
Fiji,FJI,2016,919167,,1.345,1.463,,0.0,1.345,,0.0,0.004,2.426,1.813
Fiji,FJI,2017,918762,,1.455,1.583,,0.0,1.455,,0.0,0.004,2.103,1.938
Fiji,FJI,2018,917185,,1.48,1.614,,0.0,1.48,,0.0,0.004,2.589,1.973
Fiji,FJI,2019,914906,,1.509,1.65,,,1.509,,0.0,0.004,2.295,2.014
Fiji,FJI,2020,914971,,1.37,1.498,,,1.37,,0.0,0.004,2.253,1.879
Fiji,FJI,2021,916718,,1.088,1.187,,,1.088,,0.0,0.003,2.15,1.608
Fiji,FJI,2022,919428,,1.389,1.51,,,1.389,,0.0,0.004,2.094,1.919
Fiji,FJI,2023,924150,,1.382,1.496,,,1.382,,0.0,0.004,1.278,1.923
Fiji,FJI,2024,928800,,1.445,1.556,,,1.445,,0.0,0.004,1.307,1.994
Finland,FIN,1990,4986576,134055215099,56.921,11.415,88.629,22.134,27.66,5.155,0.729,0.25,85.298,68.902
Finland,FIN,1991,5013889,126220143051,55.195,11.008,81.008,21.39,26.81,5.386,0.569,0.238,79.989,66.999
Finland,FIN,1992,5042145,122116750127,54.272,10.764,104.046,20.68,26.656,5.577,0.473,0.241,77.705,65.788
Finland,FIN,1993,5066594,121309307835,56.32,11.116,88.386,23.403,25.606,5.824,0.361,0.248,83.5,67.955
Finland,FIN,1994,5088454,126178680040,61.739,12.133,83.913,27.595,26.409,6.297,0.364,0.269,87.597,73.521
Finland,FIN,1995,5107919,131586003036,58.122,11.379,81.491,24.659,25.593,6.512,0.378,0.247,84.271,69.888
Finland,FIN,1996,5124715,136506127418,64.04,12.496,75.813,29.759,26.033,6.791,0.381,0.264,90.429,75.719
Finland,FIN,1997,5139927,145148158927,62.703,12.199,68.889,28.499,26.018,6.649,0.45,0.257,93.097,74.419
Finland,FIN,1998,5153545,153138899026,59.358,11.518,69.227,23.72,26.573,7.594,0.448,0.244,91.125,70.614
Finland,FIN,1999,5165516,160063696383,58.874,11.398,72.442,23.038,26.725,7.573,0.479,0.237,91.822,69.858
Finland,FIN,2000,5176197,169209765102,57.017,11.015,77.975,21.987,25.823,7.718,0.505,0.223,89.72,67.702
Finland,FIN,2001,5187970,173703951475,62.52,12.051,80.485,26.127,26.445,8.392,0.504,0.243,96.797,73.158
Finland,FIN,2002,5200548,176751491921,65.049,12.508,80.541,28.307,26.807,8.342,0.485,0.248,100.85,75.627
Finland,FIN,2003,5212958,180408462125,72.658,13.938,91.037,35.017,26.925,9.231,0.467,0.263,109.597,83.211
Finland,FIN,2004,5228147,187633923914,68.946,13.187,87.427,31.641,26.914,8.871,0.529,0.241,106.692,79.289
Finland,FIN,2005,5246078,192990732516,57.064,10.877,83.526,21.039,26.361,8.127,0.542,0.193,94.982,66.601
Finland,FIN,2006,5266248,200966858669,68.374,12.983,90.322,31.585,26.452,8.688,0.574,0.223,105.598,78.587
Finland,FIN,2007,5288715,211541390078,66.764,12.624,89.361,30.348,26.645,8.119,0.605,0.212,105.707,76.877
Finland,FIN,2008,5313379,213226105706,58.625,11.033,84.241,23.675,24.94,8.36,0.62,0.183,96.96,68.078
Finland,FIN,2009,5338854,195739132370,55.921,10.474,74.387,22.899,24.196,7.504,0.385,0.177,90.827,64.403
Finland,FIN,2010,5363347,201746033638,64.092,11.95,87.197,29.144,25.13,8.276,0.526,0.192,101.27,73.668
Finland,FIN,2011,5388236,207084301562,56.646,10.513,73.715,24.082,23.764,7.255,0.558,0.164,92.71,65.694
Finland,FIN,2012,5413978,204190196792,51.154,9.449,70.526,19.595,23.67,6.464,0.497,0.146,87.746,60.018
Finland,FIN,2013,5439057,202349011206,51.719,9.509,67.463,21.359,22.84,6.065,0.482,0.147,88.982,60.394
Finland,FIN,2014,5461686,201610622550,47.622,8.719,62.404,19.326,21.542,5.394,0.469,0.134,86.089,56.184
Finland,FIN,2015,5479719,202706706722,44.192,8.065,56.456,16.843,21.384,4.726,0.462,0.125,83.83,52.548
Finland,FIN,2016,5495468,208405735062,47.252,8.598,59.211,18.66,22.939,4.208,0.553,0.134,88.621,55.635
Finland,FIN,2017,5508398,215058877437,44.657,8.107,59.318,17.088,22.213,3.887,0.604,0.124,88.916,52.914
Finland,FIN,2018,5515730,217509947213,45.736,8.292,61.466,17.924,22.044,4.415,0.602,0.125,92.312,54.144
Finland,FIN,2019,5521754,220173891564,42.444,7.687,56.586,15.257,21.648,4.314,0.583,0.114,90.783,50.689
Finland,FIN,2020,5529616,214988893865,37.72,6.821,51.133,11.853,20.261,4.382,0.57,0.107,85.664,45.531
Finland,FIN,2021,5541069,221538476826,37.82,6.825,54.797,12.711,19.468,4.356,0.623,0.103,89.874,45.69
Finland,FIN,2022,5569300,226154847456,36.337,6.525,52.765,12.579,20.124,2.41,0.597,0.097,90.037,43.29
Finland,FIN,2023,5601185,,31.799,5.677,47.462,9.391,18.806,2.575,0.445,0.083,87.827,37.925
Finland,FIN,2024,5617311,,29.775,5.301,,7.784,18.189,2.779,0.445,0.077,87.955,35.647
France,FRA,1990,56990239,1636207672000,394.904,6.929,485.37,80.69,234.705,59.211,10.937,1.737,584.751,451.254
France,FRA,1991,57271564,1654070164992,419.119,7.318,499.933,86.241,246.275,66.875,10.386,1.806,638.377,481.454
France,FRA,1992,57554867,1681416991070,408.433,7.096,533.95,78.038,244.389,67.822,9.343,1.814,604.328,473.147
France,FRA,1993,57801261,1671995828699,388.89,6.728,495.551,63.127,240.498,67.969,8.592,1.709,557.99,452.178
France,FRA,1994,57999868,1712086429935,381.903,6.585,487.608,61.809,234.585,67.514,8.775,1.662,531.355,444.007
France,FRA,1995,58192207,1748659531786,386.959,6.65,499.637,62.977,237.37,68.705,8.635,1.645,523.819,450.985
France,FRA,1996,58380638,1773843233893,403.352,6.909,501.214,65.333,244.422,75.83,8.436,1.664,531.851,468.308
France,FRA,1997,58568662,1816394950229,396.023,6.762,477.769,61.29,242.028,75.104,8.111,1.624,506.372,455.059
France,FRA,1998,58778817,1882050330390,414.357,7.049,502.562,71.294,248.068,76.864,8.686,1.705,507.601,463.252
France,FRA,1999,59084209,1949849405155,413.07,6.991,506.173,66.41,248.521,80.748,8.386,1.663,495.177,459.305
France,FRA,2000,59483716,2031676031476,407.445,6.85,513.527,65.75,239.763,84.307,8.561,1.597,483.111,453.424
France,FRA,2001,59905131,2077786711965,411.592,6.871,510.622,56.1,249.573,88.43,8.655,1.602,478.636,456.767
France,FRA,2002,60327247,2107316572579,407.027,6.747,505.262,58.586,243.247,87.94,8.643,1.55,471.031,451.722
France,FRA,2003,60741119,2130940712046,412.989,6.799,516.223,59.198,245.064,91.624,8.556,1.493,476.792,457.983
France,FRA,2004,61175244,2196883540402,414.073,6.769,534.798,58.225,244.922,93.182,9.065,1.447,477.93,458.178
France,FRA,2005,61625031,2238790479440,416.343,6.756,545.49,62.032,241.908,94.862,9.108,1.407,477.956,459.587
France,FRA,2006,62049831,2297018080700,406.669,6.554,544.165,59.484,236.777,92.274,9.307,1.329,466.453,448.105
France,FRA,2007,62432438,2354672057875,396.461,6.35,544.867,61.349,227.452,89.101,9.478,1.259,457.941,437.181
France,FRA,2008,62780187,2362451821701,389.794,6.209,543.139,56.167,223.518,92.016,8.88,1.216,452.329,430.355
France,FRA,2009,63106460,2295352990111,371.404,5.885,512.139,45.161,219.508,90.665,7.679,1.179,433.117,411.095
France,FRA,2010,63417366,2342490492199,377.079,5.946,511.08,49.071,215.854,96.134,7.888,1.132,442.929,417.321
France,FRA,2011,63733776,2393401943613,355.127,5.572,509.587,42.169,208.907,87.85,8.065,1.03,417.796,393.804
France,FRA,2012,64058465,2400896391731,358.1,5.59,479.551,46.931,205.354,90.837,7.502,1.024,425.889,396.417
France,FRA,2013,64387736,2414733629218,360.013,5.591,483.373,49.664,204.287,91.386,7.3,1.021,432.705,398.033
France,FRA,2014,64692495,2437822780219,327.809,5.067,448.722,39.548,197.641,76.454,6.975,0.924,401.917,364.417
France,FRA,2015,64916337,2464953810985,332.131,5.116,434.694,38.024,199.231,81.392,6.606,0.938,407.676,367.359
France,FRA,2016,65086853,2491956183265,335.496,5.155,454.972,36.016,196.896,89.261,6.639,0.948,412.226,370.86
France,FRA,2017,65284775,2549057506683,338.368,5.183,453.019,39.997,195.911,89.406,6.483,0.941,427.92,374.168
France,FRA,2018,65519537,2596599107835,323.102,4.931,456.069,35.126,189.446,84.89,6.701,0.88,399.243,359.495
France,FRA,2019,65729460,2644453795826,316.321,4.812,442.643,29.426,187.285,86.387,6.807,0.853,413.097,351.154
France,FRA,2020,65905273,2438594133224,281.515,4.272,398.958,23.854,165.543,80.065,6.197,0.801,363.796,314.11
France,FRA,2021,66083547,2604822841790,307.272,4.65,440.193,30.472,179.122,85.402,6.495,0.833,387.602,340.204
France,FRA,2022,66277412,2671568767031,295.304,4.456,437.449,26.199,179.255,77.656,6.397,0.787,369.803,327.29
France,FRA,2023,66438828,,270.263,4.068,407.365,19.542,172.229,67.157,5.675,0.709,345.135,301.16
France,FRA,2024,66548532,,264.156,3.969,,19.469,170.692,62.699,5.675,0.684,337.876,294.26
French Polynesia,PYF,1990,203780,,0.524,2.571,,,0.524,,0.0,0.002,,
French Polynesia,PYF,1991,207755,,0.528,2.54,,,0.528,,0.0,0.002,,
French Polynesia,PYF,1992,211570,,0.498,2.355,,,0.498,,0.0,0.002,,
French Polynesia,PYF,1993,215229,,0.52,2.417,,,0.52,,0.0,0.002,,
French Polynesia,PYF,1994,218747,,0.535,2.445,,,0.535,,0.0,0.002,,
French Polynesia,PYF,1995,222128,,0.524,2.359,,,0.524,,0.0,0.002,,
French Polynesia,PYF,1996,225500,,0.524,2.324,,,0.524,,0.0,0.002,,
French Polynesia,PYF,1997,229132,,0.542,2.367,,,0.542,,0.0,0.002,,
French Polynesia,PYF,1998,232898,,0.535,2.297,,,0.535,,0.0,0.002,,
French Polynesia,PYF,1999,236606,,0.594,2.509,,,0.594,,0.0,0.002,,
French Polynesia,PYF,2000,240346,,0.685,2.851,,,0.685,,0.0,0.003,,
French Polynesia,PYF,2001,244107,,0.769,3.152,,,0.769,,0.0,0.003,,
French Polynesia,PYF,2002,247785,,0.806,3.253,,,0.806,,0.0,0.003,,
French Polynesia,PYF,2003,251650,,0.835,3.32,,,0.835,,0.0,0.003,,
French Polynesia,PYF,2004,255663,,0.843,3.296,,,0.843,,0.0,0.003,,
French Polynesia,PYF,2005,259517,,0.832,3.205,,,0.832,,0.0,0.003,,
French Polynesia,PYF,2006,263234,,0.839,3.187,,,0.839,,0.0,0.003,,
French Polynesia,PYF,2007,266448,,0.857,3.218,,,0.857,,0.0,0.003,,
French Polynesia,PYF,2008,268390,,0.868,3.235,,,0.868,,0.0,0.003,,
French Polynesia,PYF,2009,269494,,0.861,3.195,,,0.861,,0.0,0.003,,
French Polynesia,PYF,2010,270590,,0.923,3.412,,,0.923,,0.0,0.003,,
French Polynesia,PYF,2011,271734,,0.883,3.25,,,0.883,,0.0,0.003,,
French Polynesia,PYF,2012,273092,,0.876,3.207,,,0.876,,0.0,0.003,,
French Polynesia,PYF,2013,274736,,0.883,3.214,,,0.883,,0.0,0.003,,
French Polynesia,PYF,2014,276391,,0.85,3.076,,,0.85,,0.0,0.002,,
French Polynesia,PYF,2015,277877,,0.846,3.046,,,0.846,,0.0,0.002,,
French Polynesia,PYF,2016,279180,,0.868,3.11,,,0.868,,0.0,0.002,,
French Polynesia,PYF,2017,280096,,0.876,3.126,,,0.876,,0.0,0.002,,
French Polynesia,PYF,2018,279823,,0.879,3.143,,,0.879,,0.0,0.002,,
French Polynesia,PYF,2019,279040,,0.89,3.191,,,0.89,,0.0,0.002,,
French Polynesia,PYF,2020,279218,,0.832,2.979,,,0.832,,0.0,0.002,,
French Polynesia,PYF,2021,279808,,0.868,3.103,,,0.868,,0.0,0.002,,
French Polynesia,PYF,2022,280388,,0.887,3.162,,,0.887,,0.0,0.002,,
French Polynesia,PYF,2023,281125,,0.882,3.139,,,0.882,,0.0,0.002,,
French Polynesia,PYF,2024,281816,,0.923,3.275,,,0.923,,0.0,0.002,,
Gabon,GAB,1990,983740,7172590144,4.485,4.559,,,0.846,0.205,0.048,0.02,24.016,18.51
Gabon,GAB,1991,1010821,7974667240,4.522,4.473,,,0.876,0.209,0.048,0.019,24.66,18.948
Gabon,GAB,1992,1038386,7946205803,4.917,4.735,,,1.037,0.198,0.047,0.022,25.4,20.582
Gabon,GAB,1993,1066404,8684711681,4.975,4.665,,,1.081,0.205,0.054,0.022,29.698,21.177
Gabon,GAB,1994,1094724,9485805468,4.542,4.149,,,0.707,0.194,0.051,0.02,29.521,20.324
Gabon,GAB,1995,1123212,10240919781,5.22,4.648,,,0.862,0.257,0.063,0.022,30.541,22.853
Gabon,GAB,1996,1152018,11022743781,5.886,5.109,,,1.015,0.242,0.075,0.024,37.038,25.819
Gabon,GAB,1997,1181445,12164042989,5.527,4.678,,,1.022,0.249,0.081,0.023,37.629,23.704
Gabon,GAB,1998,1211744,13062140404,6.453,5.325,,,1.221,0.231,0.079,0.027,43.865,27.71
Gabon,GAB,1999,1243023,12170660106,6.014,4.838,,,1.06,0.231,0.073,0.024,42.1,26.225
Gabon,GAB,2000,1275578,12538030035,6.128,4.804,,,1.041,0.234,0.085,0.024,39.007,27.059
Gabon,GAB,2001,1309594,13408080502,6.48,4.948,,,1.257,0.245,0.097,0.025,37.518,27.294
Gabon,GAB,2002,1345142,13745891364,6.25,4.647,,,1.183,0.256,0.103,0.024,37.932,26.377
Gabon,GAB,2003,1382354,14717147740,6.746,4.88,,,1.159,0.271,0.104,0.024,40.607,29.04
Gabon,GAB,2004,1421620,15597639635,6.386,4.492,,,1.212,0.267,0.103,0.022,38.071,27.103
Gabon,GAB,2005,1463503,16662264363,6.223,4.252,,,1.4,0.278,0.103,0.021,35.67,25.476
Gabon,GAB,2006,1508338,17083887620,5.543,3.675,,,1.444,0.289,0.102,0.018,32.033,21.842
Gabon,GAB,2007,1556242,19294943982,5.038,3.237,,,1.576,0.311,0.089,0.016,30.65,18.805
Gabon,GAB,2008,1607182,19821156608,5.379,3.347,,,1.612,0.348,0.088,0.017,31.606,20.278
Gabon,GAB,2009,1661567,21001791917,5.304,3.192,,,1.559,0.462,0.096,0.017,31.176,19.668
Gabon,GAB,2010,1719883,23885406357,5.528,3.214,,,1.656,0.619,0.086,0.017,28.806,19.928
Gabon,GAB,2011,1781987,27165828850,5.447,3.057,,,1.817,0.696,0.086,0.016,29.263,19.675
Gabon,GAB,2012,1846893,28592310064,5.016,2.716,,,1.699,0.714,0.076,0.014,28.088,19.052
Gabon,GAB,2013,1913061,30169739768,5.19,2.713,,,1.85,0.703,0.066,0.015,28.791,18.804
Gabon,GAB,2014,1978400,31507773384,5.663,2.863,,,1.795,1.019,0.07,0.016,25.527,19.226
Gabon,GAB,2015,2040990,32729961516,5.772,2.828,,,1.744,1.019,0.077,0.016,30.412,19.969
Gabon,GAB,2016,2100310,33414337569,5.613,2.672,,,1.649,1.022,0.132,0.016,27.723,19.665
Gabon,GAB,2017,2156902,33572391290,5.501,2.55,,,1.627,0.905,0.143,0.015,31.199,18.549
Gabon,GAB,2018,2212320,33855404131,5.563,2.515,,,1.85,0.982,0.19,0.015,24.592,17.464
Gabon,GAB,2019,2267711,35180839675,5.607,2.473,,,1.797,0.862,0.209,0.015,25.507,19.082
Gabon,GAB,2020,2322538,34525072669,5.636,2.427,,,1.74,0.931,0.205,0.016,26.249,18.981
Gabon,GAB,2021,2376729,35037430976,5.545,2.333,,,1.974,0.842,0.213,0.015,24.728,18.054
Gabon,GAB,2022,2430750,36035291983,5.783,2.379,,,1.759,1.167,0.221,0.015,26.967,18.881
Gabon,GAB,2023,2484790,,5.321,2.141,,,1.814,1.055,0.221,0.014,27.798,20.441
Gabon,GAB,2024,2538953,,5.399,2.126,,,1.839,1.069,0.221,0.014,27.384,19.821
Gambia,GMB,1990,1054703,1331400000,0.198,0.188,,,0.198,,0.0,0.001,1.397,0.459
Gambia,GMB,1991,1099960,1378188611,0.198,0.18,,,0.198,,0.0,0.001,1.015,0.47
Gambia,GMB,1992,1145583,1438713178,0.198,0.173,,,0.198,,0.0,0.001,1.021,0.481
Gambia,GMB,1993,1188372,1492281313,0.209,0.176,,,0.209,,0.0,0.001,1.73,0.501
Gambia,GMB,1994,1227233,1506439238,0.209,0.17,,,0.209,,0.0,0.001,1.67,0.509
Gambia,GMB,1995,1264320,1529318604,0.216,0.171,,,0.216,,0.0,0.001,1.776,0.529
Gambia,GMB,1996,1301421,1606890442,0.22,0.169,,,0.22,,0.0,0.001,1.782,0.546
Gambia,GMB,1997,1338898,1625140474,0.224,0.167,,,0.224,,0.0,0.001,1.792,0.555
Gambia,GMB,1998,1376994,1698553130,0.242,0.176,,,0.242,,0.0,0.001,2.892,0.583
Gambia,GMB,1999,1415786,1829034023,0.275,0.194,,,0.275,,0.0,0.001,2.546,0.645
Gambia,GMB,2000,1455095,1955249650,0.275,0.189,,,0.275,,0.0,0.001,2.331,0.67
Gambia,GMB,2001,1495023,2082662873,0.3,0.201,,,0.3,,0.0,0.001,2.103,0.69
Gambia,GMB,2002,1535700,2108436308,0.3,0.196,,,0.3,,0.0,0.001,2.14,0.7
Gambia,GMB,2003,1577619,2172586623,0.3,0.19,,,0.3,,0.0,0.001,2.425,0.71
Gambia,GMB,2004,1621309,2391385185,0.319,0.197,,,0.319,,0.0,0.001,2.56,0.742
Gambia,GMB,2005,1667035,2386414713,0.319,0.191,,,0.319,,0.0,0.001,2.44,0.755
Gambia,GMB,2006,1715285,2432257588,0.348,0.203,,,0.348,,0.0,0.001,2.893,0.798
Gambia,GMB,2007,1765778,2539291281,0.348,0.197,,,0.348,,0.0,0.001,5.141,0.804
Gambia,GMB,2008,1817859,2704420689,0.363,0.2,,,0.363,,0.0,0.001,5.201,0.83
Gambia,GMB,2009,1871428,2899496318,0.374,0.2,,,0.374,,0.0,0.001,4.602,0.86
Gambia,GMB,2010,1926634,3111135545,0.432,0.224,,,0.432,,0.0,0.001,3.739,0.928
Gambia,GMB,2011,1983785,3000862000,0.443,0.223,,,0.443,,0.0,0.001,2.952,0.947
Gambia,GMB,2012,2043097,3174000000,0.451,0.221,,,0.451,,0.0,0.001,2.996,0.962
Gambia,GMB,2013,2103825,3327261000,0.429,0.204,,,0.429,,0.0,0.001,2.913,0.951
Gambia,GMB,2014,2164535,3357018000,0.506,0.234,,,0.506,,0.0,0.001,3.356,1.038
Gambia,GMB,2015,2224530,3514848000,0.583,0.262,,,0.583,,0.0,0.002,3.352,1.119
Gambia,GMB,2016,2283775,3558432648,0.59,0.258,,,0.59,,0.0,0.002,3.031,1.139
Gambia,GMB,2017,2342191,3704517995,0.597,0.255,,,0.597,,0.0,0.002,2.953,1.152
Gambia,GMB,2018,2399633,3947001965,0.649,0.27,,,0.649,,0.0,0.002,2.819,1.213
Gambia,GMB,2019,2456847,4192588256,0.711,0.289,,,0.711,,0.0,0.002,3.003,1.295
Gambia,GMB,2020,2515744,4217390293,0.7,0.278,,,0.7,,0.0,0.002,3.054,1.298
Gambia,GMB,2021,2576015,4439051582,0.725,0.282,,,0.725,,0.0,0.002,2.821,1.32
Gambia,GMB,2022,2636472,4656793663,0.808,0.306,,,0.808,,0.0,0.002,3.024,1.416
Gambia,GMB,2023,2697846,,0.773,0.286,,,0.773,,0.0,0.002,2.96,1.39
Gambia,GMB,2024,2759999,,0.803,0.291,,,0.803,,0.0,0.002,2.937,1.425
Georgia,GEO,1990,5448865,65874153359,14.85,2.725,9.691,1.062,4.687,8.474,0.509,0.065,17.478,18.864
Georgia,GEO,1991,5379509,51732418013,14.602,2.714,10.793,0.947,4.7,8.52,0.324,0.063,17.281,18.365
Georgia,GEO,1992,5294186,28371171916,14.127,2.668,9.164,0.967,3.924,9.057,0.178,0.063,15.744,17.551
Georgia,GEO,1993,5178784,19963504254,9.884,1.909,8.208,0.638,2.261,6.896,0.09,0.043,11.073,13.187
Georgia,GEO,1994,5046267,17806249680,5.897,1.169,4.897,0.337,0.953,4.573,0.035,0.026,5.936,8.732
Georgia,GEO,1995,4925742,18187119363,2.266,0.46,2.29,0.158,0.396,1.689,0.023,0.01,2.177,4.943
Georgia,GEO,1996,4812774,19998469132,4.046,0.841,8.499,0.161,2.401,1.45,0.034,0.017,4.702,6.946
Georgia,GEO,1997,4695359,22010932129,4.412,0.94,7.593,0.029,2.596,1.75,0.037,0.018,5.651,7.375
Georgia,GEO,1998,4576447,22536773053,4.864,1.063,7.074,0.077,2.963,1.745,0.078,0.02,5.55,7.624
Georgia,GEO,1999,4455581,23091342082,4.246,0.953,6.059,0.062,2.47,1.579,0.135,0.017,5.213,6.974
Georgia,GEO,2000,4328361,23550477143,4.497,1.039,5.916,0.059,2.121,2.18,0.137,0.018,5.798,7.285
Georgia,GEO,2001,4209641,24543619701,3.723,0.884,5.299,0.055,1.676,1.859,0.132,0.014,4.635,6.113
Georgia,GEO,2002,4127854,25794086372,3.347,0.811,5.024,0.055,1.601,1.554,0.137,0.013,11.656,5.979
Georgia,GEO,2003,4085489,28539726793,3.731,0.913,5.783,0.114,1.715,1.766,0.136,0.013,2.22,6.491
Georgia,GEO,2004,4056076,30055110813,4.278,1.055,7.01,0.172,1.55,2.382,0.174,0.015,3.418,7.072
Georgia,GEO,2005,4026135,32780625465,5.046,1.253,8.251,0.18,1.865,2.792,0.209,0.017,3.963,7.772
Georgia,GEO,2006,3996584,35705812889,6.273,1.57,8.878,0.18,2.096,3.642,0.355,0.021,4.71,9.125
Georgia,GEO,2007,3967592,40006939154,6.609,1.666,10.336,0.337,2.521,3.287,0.465,0.021,5.043,9.563
Georgia,GEO,2008,3941192,40781279289,5.747,1.458,9.451,0.454,2.195,2.477,0.621,0.018,3.972,8.418
Georgia,GEO,2009,3918935,39112877651,6.171,1.575,8.137,0.51,2.86,2.486,0.316,0.02,4.232,8.852
Georgia,GEO,2010,3895932,41359835742,6.29,1.614,8.687,0.799,2.759,2.323,0.409,0.019,4.569,9.005
Georgia,GEO,2011,3868724,44138043878,7.814,2.02,10.649,1.059,2.711,3.451,0.592,0.023,7.075,10.543
Georgia,GEO,2012,3839208,46970386649,8.294,2.16,11.176,1.177,2.727,3.772,0.615,0.024,9.65,11.049
Georgia,GEO,2013,3809128,48668828674,8.028,2.108,10.805,1.206,2.661,3.53,0.627,0.023,7.652,10.914
Georgia,GEO,2014,3792921,50830708616,9.058,2.388,11.772,1.161,2.836,4.313,0.744,0.026,8.964,11.957
Georgia,GEO,2015,3791570,52369351007,9.791,2.582,12.55,1.081,3.217,4.749,0.738,0.028,8.723,12.666
Georgia,GEO,2016,3792061,53891203471,10.043,2.648,13.186,1.033,3.877,4.463,0.666,0.028,9.079,12.904
Georgia,GEO,2017,3792860,56501161966,10.06,2.652,12.916,1.158,3.525,4.701,0.676,0.028,8.626,12.916
Georgia,GEO,2018,3794881,59237502380,9.888,2.606,14.261,1.209,3.422,4.679,0.578,0.027,8.141,12.736
Georgia,GEO,2019,3796722,62188716739,10.517,2.77,13.991,0.975,3.577,5.304,0.661,0.028,9.264,13.367
Georgia,GEO,2020,3795680,57984758412,10.378,2.734,14.218,0.861,3.459,5.324,0.73,0.03,10.002,13.193
Georgia,GEO,2021,3788450,64053441556,10.75,2.838,15.438,0.861,3.686,5.518,0.682,0.029,10.759,13.662
Georgia,GEO,2022,3794782,70528605169,12.0,3.162,15.916,0.902,3.72,6.603,0.773,0.032,12.346,14.946
Georgia,GEO,2023,3807494,,11.922,3.131,15.366,0.854,3.672,6.623,0.773,0.031,12.623,14.924
Georgia,GEO,2024,3807668,,11.784,3.095,,0.823,3.733,6.455,0.773,0.031,12.429,14.82
Germany,DEU,1990,79707963,2015547498359,1054.796,13.233,1200.037,569.117,333.324,122.281,15.297,4.64,1261.087,1184.151
Germany,DEU,1991,80303190,2141316417831,1016.93,12.664,1148.629,504.043,355.311,130.146,13.741,4.382,1217.409,1146.546
Germany,DEU,1992,80934901,2204952392823,969.464,11.978,1236.156,454.311,357.981,129.3,14.444,4.305,1166.562,1096.886
Germany,DEU,1993,81486771,2206290854718,959.386,11.774,1179.403,430.776,364.629,136.252,14.531,4.217,1150.585,1080.721
Germany,DEU,1994,81773613,2283952742009,943.228,11.535,1148.038,418.185,353.812,142.15,15.341,4.106,1132.333,1063.645
Germany,DEU,1995,82019890,2347761113534,939.934,11.46,1152.004,406.046,351.7,152.97,15.562,3.997,1123.859,1055.823
Germany,DEU,1996,82263195,2391519573153,959.69,11.666,1135.165,400.613,361.057,169.956,14.811,3.96,1143.871,1074.857
Germany,DEU,1997,82389631,2461046373781,931.508,11.306,1077.994,386.864,353.069,162.876,15.275,3.821,1109.39,1039.211
Germany,DEU,1998,82011933,2535903706522,923.499,11.261,1093.308,377.48,351.914,165.377,15.545,3.801,1078.613,1011.417
Germany,DEU,1999,81678279,2613176576967,895.442,10.963,1093.345,360.052,340.846,165.627,15.771,3.605,1044.601,978.763
Germany,DEU,2000,81797255,2718560455818,898.976,10.99,1100.675,373.461,330.774,166.421,15.253,3.524,1042.311,978.32
Germany,DEU,2001,81933882,2793373055251,915.255,11.171,1097.233,376.52,338.871,173.799,13.504,3.562,1053.208,989.112
Germany,DEU,2002,82068328,2822441773260,898.834,10.952,1033.074,375.786,324.413,173.61,12.823,3.422,1034.082,969.333
Germany,DEU,2003,82111619,2831676106520,894.501,10.894,1056.09,378.305,313.847,176.587,13.507,3.235,1027.411,961.947
Germany,DEU,2004,82092706,2894624877966,876.57,10.678,1037.265,374.908,301.208,174.327,14.068,3.064,1007.236,941.51
Germany,DEU,2005,82046733,2945460930734,867.88,10.578,1045.264,361.975,305.188,175.904,13.05,2.932,994.287,929.303
Germany,DEU,2006,81701971,3086359147617,886.434,10.85,1047.495,367.653,313.191,180.197,13.34,2.897,1010.108,946.095
Germany,DEU,2007,81298546,3220275669650,846.153,10.408,1035.231,376.715,268.924,173.851,14.449,2.686,972.651,905.269
Germany,DEU,2008,81110780,3289020399474,856.643,10.561,1036.891,353.581,296.43,180.995,13.579,2.673,978.997,912.337
Germany,DEU,2009,80935276,3136502162046,789.984,9.761,980.014,316.28,282.438,168.399,12.559,2.507,905.805,842.565
Germany,DEU,2010,80830916,3301123203586,826.705,10.228,1027.082,341.311,277.154,184.875,12.431,2.481,944.315,878.144
Germany,DEU,2011,80857877,3467712967640,804.542,9.95,988.975,339.624,270.809,169.399,13.393,2.333,917.062,854.613
Germany,DEU,2012,80916391,3482225441398,814.093,10.061,932.122,350.039,271.945,167.84,13.289,2.329,928.365,862.722
Germany,DEU,2013,81041581,3497463140441,831.746,10.263,929.558,357.254,280.396,170.269,12.503,2.358,946.155,878.829
Germany,DEU,2014,81376078,3574741315261,792.584,9.74,907.723,344.722,271.603,151.989,12.905,2.235,905.698,837.888
Germany,DEU,2015,82077546,3628073946157,800.823,9.757,899.514,341.117,278.861,157.112,12.626,2.262,911.142,845.295
Germany,DEU,2016,82760102,3708979940863,797.988,9.642,910.171,329.436,275.704,169.169,12.663,2.255,907.177,841.167
Germany,DEU,2017,83104010,3808389445530,784.595,9.441,901.791,312.692,275.506,172.045,13.408,2.181,891.569,827.495
Germany,DEU,2018,83368507,3845758522294,758.771,9.101,892.141,296.871,268.094,169.76,13.228,2.066,859.214,800.664
Germany,DEU,2019,83559184,3886392581475,708.649,8.481,846.402,240.114,271.933,172.762,13.287,1.911,808.001,748.862
Germany,DEU,2020,83628711,3742721113842,647.177,7.739,777.624,198.53,254.465,170.963,13.357,1.841,743.816,685.843
Germany,DEU,2021,83697080,3841041747482,677.998,8.101,834.074,232.139,240.525,181.31,13.64,1.839,774.763,717.596
Germany,DEU,2022,84086227,3909612753939,667.843,7.942,838.813,239.428,247.017,158.685,12.538,1.78,759.795,706.251
Germany,DEU,2023,84548233,,593.766,7.023,768.481,186.157,237.487,150.342,10.765,1.559,683.559,629.899
Germany,DEU,2024,84552234,,572.319,6.769,,162.639,232.958,157.679,10.283,1.483,659.655,608.397
Ghana,GHA,1990,15394650,26095563069,3.514,0.228,4.524,0.007,3.506,,0.0,0.015,30.286,7.662
Ghana,GHA,1991,15787495,27591405114,3.902,0.247,4.939,0.007,3.895,,0.0,0.017,25.373,8.233
Ghana,GHA,1992,16184863,28798780490,3.243,0.2,4.351,0.007,3.235,,0.0,0.014,28.902,7.676
Ghana,GHA,1993,16589521,30003484574,3.818,0.23,4.902,0.007,3.811,,0.0,0.017,33.049,8.41
Ghana,GHA,1994,16993190,31249854280,4.54,0.267,5.66,0.007,4.532,,0.0,0.02,42.706,9.362
Ghana,GHA,1995,17399023,32723356676,4.624,0.266,5.828,0.007,4.617,,0.0,0.02,46.967,9.553
Ghana,GHA,1996,17810184,34380471108,4.858,0.273,6.813,0.007,4.851,,0.0,0.02,58.901,9.872
Ghana,GHA,1997,18238961,36217443285,5.514,0.302,12.026,0.007,5.507,,0.0,0.023,47.07,10.47
Ghana,GHA,1998,18688041,38085090200,5.584,0.299,9.481,,5.584,,0.0,0.023,44.881,10.793
Ghana,GHA,1999,19149875,39944569386,5.613,0.293,8.232,,5.613,,0.0,0.023,41.433,10.897
Ghana,GHA,2000,19637085,41569375833,5.313,0.271,7.473,,5.313,,0.0,0.021,40.454,10.589
Ghana,GHA,2001,20167073,43462708607,5.969,0.296,8.23,,5.969,,0.0,0.023,39.435,11.321
Ghana,GHA,2002,20729392,45606385848,6.483,0.313,8.149,,6.471,,0.0,0.025,39.578,11.866
Ghana,GHA,2003,21296710,48182826322,6.685,0.314,10.033,,6.679,,0.0,0.024,41.594,12.133
Ghana,GHA,2004,21868298,51015950853,6.451,0.295,9.907,,6.397,,0.0,0.023,38.213,12.093
Ghana,GHA,2005,22449446,54178109578,6.113,0.272,10.789,,6.09,,0.0,0.021,40.476,11.846
Ghana,GHA,2006,23040704,57735681030,8.523,0.37,12.87,,8.453,,0.0,0.028,41.841,14.476
Ghana,GHA,2007,23642284,60409358255,8.982,0.38,14.187,,8.922,,0.0,0.029,43.886,14.958
Ghana,GHA,2008,24249945,66155974151,8.324,0.343,14.416,,8.233,,0.0,0.026,43.624,16.116
Ghana,GHA,2009,24862667,69564814012,6.868,0.276,12.528,,6.793,0.011,0.0,0.022,42.343,14.194
Ghana,GHA,2010,25475000,75296610301,8.943,0.351,14.69,,8.09,0.81,0.0,0.027,45.466,16.149
Ghana,GHA,2011,26095091,86160263888,10.329,0.396,18.492,,8.68,1.583,0.011,0.03,49.33,19.52
Ghana,GHA,2012,26734273,93421855305,12.641,0.473,22.517,,11.75,0.802,0.021,0.036,50.489,22.006
Ghana,GHA,2013,27386193,100187456075,12.61,0.46,21.697,,11.831,0.601,0.018,0.036,52.616,22.86
Ghana,GHA,2014,28041592,103048820009,13.257,0.473,21.867,,11.737,1.278,0.021,0.037,53.069,23.941
Ghana,GHA,2015,28696071,105234477793,14.568,0.508,22.794,,11.857,2.44,0.026,0.041,53.769,25.365
Ghana,GHA,2016,29356736,108784039058,13.914,0.474,21.861,,12.37,1.425,0.025,0.039,53.214,24.431
Ghana,GHA,2017,30008364,117627099029,12.437,0.414,20.234,,9.448,2.36,0.021,0.035,53.032,24.903
Ghana,GHA,2018,30637592,124919973796,15.19,0.496,21.597,,11.438,3.379,0.022,0.041,54.136,27.971
Ghana,GHA,2019,31258943,133049773378,16.415,0.525,21.861,,12.018,4.104,0.033,0.044,55.423,30.576
Ghana,GHA,2020,31887802,133733644694,19.164,0.601,23.964,,12.255,6.208,0.037,0.055,54.212,33.486
Ghana,GHA,2021,32518662,140896419821,20.556,0.632,26.694,,12.822,6.568,0.039,0.056,49.068,33.113
Ghana,GHA,2022,33149152,145431875240,20.745,0.626,26.948,,12.622,7.151,0.039,0.055,51.166,34.583
Ghana,GHA,2023,33787916,,20.136,0.596,26.373,,12.07,7.07,0.039,0.053,51.094,34.254
Ghana,GHA,2024,34427417,,21.022,0.611,,,12.541,7.679,0.039,0.054,52.005,34.65
Greece,GRC,1990,10258494,161708974933,83.437,8.133,94.801,39.787,35.973,0.858,5.762,0.367,104.685,93.803
Greece,GRC,1991,10306645,167630714744,83.406,8.092,93.687,38.404,37.43,0.833,5.716,0.359,104.862,93.688
Greece,GRC,1992,10359895,170259945599,84.974,8.202,103.688,40.495,37.253,0.413,5.861,0.377,105.173,95.417
Greece,GRC,1993,10412752,168977989489,84.283,8.094,98.451,40.164,37.041,0.318,5.875,0.37,104.236,94.768
Greece,GRC,1994,10466266,173829055414,86.429,8.258,98.224,42.134,37.366,0.2,5.916,0.376,106.86,97.074
Greece,GRC,1995,10519233,178710456938,86.962,8.267,99.361,40.427,39.132,0.194,6.356,0.37,107.396,97.774
Greece,GRC,1996,10570083,185480705042,89.114,8.431,100.372,39.23,42.474,0.208,6.374,0.368,109.097,100.139
Greece,GRC,1997,10622327,195536972604,93.801,8.831,101.509,42.629,43.466,0.428,6.408,0.385,112.949,104.994
Greece,GRC,1998,10675411,204984690770,98.621,9.238,105.539,44.556,45.109,1.645,6.383,0.406,117.319,109.97
Greece,GRC,1999,10727953,213181329734,97.934,9.129,103.351,43.084,44.716,2.848,6.366,0.394,116.077,109.347
Greece,GRC,2000,10782638,223530895992,102.973,9.55,107.209,45.851,45.632,3.982,6.537,0.404,121.225,114.619
Greece,GRC,2001,10843166,234861781413,105.361,9.717,108.473,47.02,46.859,3.923,6.566,0.41,122.429,116.359
Greece,GRC,2002,10890287,246267119689,105.0,9.642,111.668,45.544,47.893,4.24,6.313,0.4,122.19,116.235
Greece,GRC,2003,10918467,262880256421,109.067,9.989,124.035,45.616,51.337,4.757,6.368,0.394,125.275,120.527
Greece,GRC,2004,10947369,278667908011,109.485,10.001,124.108,47.094,49.781,5.245,6.364,0.383,126.361,121.008
Greece,GRC,2005,10981340,282859759866,113.889,10.371,125.644,46.604,53.966,5.385,6.791,0.385,129.979,125.804
Greece,GRC,2006,11016107,301538680337,112.419,10.205,128.167,42.794,55.698,6.284,6.599,0.367,128.17,124.444
Greece,GRC,2007,11045737,314210147911,114.545,10.37,131.436,45.193,54.066,7.808,6.407,0.364,130.835,126.518
Greece,GRC,2008,11076874,315974328109,111.08,10.028,131.282,43.285,52.721,8.109,6.054,0.347,127.178,122.935
Greece,GRC,2009,11108067,305101334774,104.319,9.391,124.091,42.243,50.115,6.623,4.582,0.331,120.697,115.657
Greece,GRC,2010,11124666,290984350750,97.354,8.751,108.377,41.26,43.995,7.166,4.209,0.292,112.698,108.107
Greece,GRC,2011,11108838,266793942822,94.505,8.507,101.33,42.08,40.495,8.811,2.43,0.274,109.427,105.008
Greece,GRC,2012,11048291,247887031358,91.393,8.272,92.617,43.257,36.295,8.094,3.099,0.261,105.525,101.396
Greece,GRC,2013,10967534,241650188710,81.713,7.45,83.981,37.291,32.909,7.336,3.639,0.232,91.018,91.299
Greece,GRC,2014,10893169,242799798246,78.636,7.219,80.257,35.227,33.482,5.559,3.822,0.222,88.545,88.208
Greece,GRC,2015,10820902,242323725826,74.927,6.924,75.796,29.949,34.977,6.035,3.467,0.212,82.709,84.346
Greece,GRC,2016,10775506,241143085639,71.36,6.622,75.875,23.594,35.568,7.912,3.772,0.202,77.253,80.457
Greece,GRC,2017,10753532,243776808141,74.842,6.96,78.79,26.019,35.028,9.536,3.685,0.208,80.304,84.061
Greece,GRC,2018,10730846,247844015413,71.778,6.689,81.411,24.851,33.833,9.072,3.419,0.195,87.951,80.929
Greece,GRC,2019,10718581,252514250712,65.736,6.133,75.314,17.879,33.915,9.998,3.36,0.177,70.149,74.588
Greece,GRC,2020,10699370,229777821500,55.577,5.194,68.584,10.147,31.009,11.043,2.978,0.158,61.884,63.513
Greece,GRC,2021,10579561,249158215293,57.528,5.438,71.574,9.259,32.277,12.363,3.167,0.156,63.444,65.424
Greece,GRC,2022,10412481,263892672733,57.609,5.533,71.335,8.767,35.274,10.219,2.905,0.154,62.344,65.452
Greece,GRC,2023,10242910,,51.988,5.076,67.191,6.531,32.991,9.078,2.998,0.136,55.973,59.6
Greece,GRC,2024,10047813,,53.361,5.311,,4.823,33.378,11.771,2.998,0.138,56.787,60.616
Greenland,GRL,1990,55650,,0.624,11.217,,,0.624,,0.0,0.003,,
Greenland,GRL,1991,55740,,0.609,10.933,,,0.609,,0.0,0.003,,
Greenland,GRL,1992,55769,,0.595,10.674,,,0.595,,0.0,0.003,,
Greenland,GRL,1993,55780,,0.545,9.778,,,0.545,,0.0,0.002,,
Greenland,GRL,1994,55766,,0.495,8.884,,,0.495,,0.0,0.002,,
Greenland,GRL,1995,55857,,0.534,9.557,,,0.534,,0.0,0.002,,
Greenland,GRL,1996,56020,,0.596,10.648,,,0.596,,0.0,0.002,,
Greenland,GRL,1997,56115,,0.617,11.001,,,0.617,,0.0,0.003,,
Greenland,GRL,1998,56175,,0.596,10.619,,,0.596,,0.0,0.002,,
Greenland,GRL,1999,56148,,0.594,10.581,,,0.594,,0.0,0.002,,
Greenland,GRL,2000,56228,,0.667,11.866,,,0.667,,0.0,0.003,,
Greenland,GRL,2001,56433,,0.618,10.948,,,0.618,,0.0,0.002,,
Greenland,GRL,2002,56617,,0.579,10.234,,,0.579,,0.0,0.002,,
Greenland,GRL,2003,56781,,0.649,11.435,,,0.649,,0.0,0.002,,
Greenland,GRL,2004,56926,,0.623,10.937,,,0.623,,0.0,0.002,,
Greenland,GRL,2005,56969,,0.627,11.001,,,0.627,,0.0,0.002,,
Greenland,GRL,2006,56901,,0.644,11.313,,,0.644,,0.0,0.002,,
Greenland,GRL,2007,56807,,0.635,11.182,,,0.635,,0.0,0.002,,
Greenland,GRL,2008,56683,,0.654,11.531,,,0.654,,0.0,0.002,,
Greenland,GRL,2009,56547,,0.577,10.207,,,0.577,,0.0,0.002,,
Greenland,GRL,2010,56634,,0.661,11.666,,,0.661,,0.0,0.002,,
Greenland,GRL,2011,56853,,0.705,12.402,,,0.705,,0.0,0.002,,
Greenland,GRL,2012,56797,,0.547,9.631,,,0.547,,0.0,0.002,,
Greenland,GRL,2013,56532,,0.562,9.945,,,0.562,,0.0,0.002,,
Greenland,GRL,2014,56195,,0.503,8.942,,,0.503,,0.0,0.001,,
Greenland,GRL,2015,56048,,0.548,9.77,,,0.548,,0.0,0.002,,
Greenland,GRL,2016,56082,,0.509,9.08,,,0.509,,0.0,0.001,,
Greenland,GRL,2017,56094,,0.536,9.554,,,0.536,,0.0,0.001,,
Greenland,GRL,2018,56100,,0.524,9.336,,,0.524,,0.0,0.001,,
Greenland,GRL,2019,56109,,0.526,9.377,,,0.526,,0.0,0.001,,
Greenland,GRL,2020,56105,,0.55,9.794,,,0.55,,0.0,0.002,,
Greenland,GRL,2021,56065,,0.546,9.745,,,0.546,,0.0,0.001,,
Greenland,GRL,2022,56014,,0.587,10.483,,,0.587,,0.0,0.002,,
Greenland,GRL,2023,55951,,0.609,10.884,,,0.609,,0.0,0.002,,
Greenland,GRL,2024,55864,,0.619,11.08,,,0.619,,0.0,0.002,,
Grenada,GRD,1990,99973,,0.106,1.063,,,0.106,,0.0,0.0,0.086,0.134
Grenada,GRD,1991,100806,,0.11,1.09,,,0.11,,0.0,0.0,0.093,0.138
Grenada,GRD,1992,101618,,0.117,1.154,,,0.117,,0.0,0.001,0.104,0.146
Grenada,GRD,1993,102398,,0.125,1.217,,,0.125,,0.0,0.001,0.115,0.154
Grenada,GRD,1994,103150,,0.143,1.385,,,0.143,,0.0,0.001,0.125,0.172
Grenada,GRD,1995,103890,,0.15,1.446,,,0.15,,0.0,0.001,0.136,0.18
Grenada,GRD,1996,104599,,0.154,1.471,,,0.154,,0.0,0.001,0.143,0.184
Grenada,GRD,1997,105309,,0.169,1.6,,,0.169,,0.0,0.001,0.16,0.2
Grenada,GRD,1998,106023,,0.176,1.659,,,0.176,,0.0,0.001,0.253,0.208
Grenada,GRD,1999,106744,,0.191,1.785,,,0.191,,0.0,0.001,0.225,0.223
Grenada,GRD,2000,107466,,0.187,1.739,,,0.187,,0.0,0.001,0.29,0.219
Grenada,GRD,2001,107998,,0.194,1.798,,,0.194,,0.0,0.001,0.247,0.227
Grenada,GRD,2002,108414,,0.202,1.859,,,0.202,,0.0,0.001,0.227,0.234
Grenada,GRD,2003,108895,,0.213,1.952,,,0.213,,0.0,0.001,0.234,0.246
Grenada,GRD,2004,109338,,0.205,1.877,,,0.205,,0.0,0.001,0.192,0.239
Grenada,GRD,2005,109744,,0.216,1.97,,,0.216,,0.0,0.001,0.205,0.251
Grenada,GRD,2006,110149,,0.224,2.029,,,0.224,,0.0,0.001,0.218,0.258
Grenada,GRD,2007,110532,,0.238,2.155,,,0.238,,0.0,0.001,0.231,0.274
Grenada,GRD,2008,110911,,0.26,2.346,,,0.26,,0.0,0.001,0.33,0.296
Grenada,GRD,2009,111266,,0.249,2.239,,,0.249,,0.0,0.001,0.28,0.285
Grenada,GRD,2010,111600,,0.256,2.298,,,0.256,,0.0,0.001,0.276,0.292
Grenada,GRD,2011,112093,,0.249,2.223,,,0.249,,0.0,0.001,0.243,0.284
Grenada,GRD,2012,112792,,0.267,2.371,,,0.267,,0.0,0.001,0.262,0.303
Grenada,GRD,2013,113499,,0.3,2.647,,,0.3,,0.0,0.001,0.298,0.337
Grenada,GRD,2014,114148,,0.242,2.119,,,0.242,,0.0,0.001,0.241,0.278
Grenada,GRD,2015,114691,,0.26,2.268,,,0.26,,0.0,0.001,0.26,0.297
Grenada,GRD,2016,115147,,0.275,2.387,,,0.275,,0.0,0.001,0.28,0.313
Grenada,GRD,2017,115448,,0.293,2.539,,,0.293,,0.0,0.001,0.301,0.331
Grenada,GRD,2018,115703,,0.308,2.66,,,0.308,,0.0,0.001,0.317,0.347
Grenada,GRD,2019,115995,,0.333,2.874,,,0.333,,0.0,0.001,0.35,0.373
Grenada,GRD,2020,116353,,0.289,2.488,,,0.289,,0.0,0.001,0.307,0.329
Grenada,GRD,2021,116696,,0.311,2.669,,,0.311,,0.0,0.001,0.331,0.352
Grenada,GRD,2022,116928,,0.342,2.928,,,0.342,,0.0,0.001,0.365,0.384
Grenada,GRD,2023,117094,,0.363,3.1,,,0.363,,0.0,0.001,0.388,0.405
Grenada,GRD,2024,117218,,0.377,3.216,,,0.377,,0.0,0.001,0.404,0.419
Guatemala,GTM,1990,9024775,46309390000,4.658,0.516,4.177,,4.229,0.018,0.411,0.02,49.068,8.957
Guatemala,GTM,1991,9272592,47626497282,4.756,0.513,4.26,,4.316,0.015,0.426,0.02,47.972,9.203
Guatemala,GTM,1992,9522265,50269786731,5.791,0.608,5.693,,5.298,0.018,0.475,0.026,76.171,10.356
Guatemala,GTM,1993,9779760,52486732016,5.572,0.57,5.193,,5.078,0.018,0.475,0.024,67.758,10.236
Guatemala,GTM,1994,10043713,54315587488,6.639,0.661,5.903,,6.218,0.018,0.403,0.029,72.451,11.391
Guatemala,GTM,1995,10312999,56765526295,7.085,0.687,6.15,,6.562,0.022,0.501,0.03,62.832,12.027
Guatemala,GTM,1996,10583528,58480373177,6.54,0.618,5.537,,6.082,0.022,0.436,0.027,70.702,11.608
Guatemala,GTM,1997,10857754,61054671663,7.46,0.687,6.271,,6.932,0.022,0.506,0.031,99.427,12.717
Guatemala,GTM,1998,11139147,64142605771,8.62,0.774,7.233,,7.999,,0.622,0.035,90.698,14.161
Guatemala,GTM,1999,11422977,66910781466,8.874,0.777,7.597,0.04,8.083,,0.751,0.036,87.769,14.684
Guatemala,GTM,2000,11697592,68731616093,9.742,0.833,24.625,0.571,8.358,,0.813,0.038,85.992,15.576
Guatemala,GTM,2001,11969423,70402333033,10.147,0.848,8.669,0.531,8.856,,0.76,0.039,88.044,16.104
Guatemala,GTM,2002,12246923,73303957428,10.694,0.873,9.256,1.033,8.849,,0.812,0.041,93.426,17.244
Guatemala,GTM,2003,12525843,75388396403,10.411,0.831,9.029,0.978,8.636,,0.797,0.038,73.609,17.285
Guatemala,GTM,2004,12807409,78142886190,11.056,0.863,9.59,1.129,9.142,,0.786,0.039,58.486,18.018
Guatemala,GTM,2005,13087637,80920955084,12.038,0.92,10.227,1.561,9.563,,0.914,0.041,59.222,19.251
Guatemala,GTM,2006,13367455,85238080655,12.176,0.911,11.372,1.689,9.513,,0.975,0.04,74.88,19.49
Guatemala,GTM,2007,13652042,90511916055,12.117,0.888,11.039,1.187,9.955,,0.975,0.038,70.012,19.655
Guatemala,GTM,2008,13935172,93386251977,10.735,0.77,9.971,1.183,8.717,,0.834,0.033,60.97,18.448
Guatemala,GTM,2009,14215614,93773785204,11.725,0.825,10.281,0.769,10.076,,0.879,0.037,59.224,19.747
Guatemala,GTM,2010,14500118,96390296358,10.817,0.746,10.469,1.286,8.712,,0.818,0.032,54.302,19.034
Guatemala,GTM,2011,14792123,100335200000,10.979,0.742,9.42,1.29,8.834,,0.856,0.032,52.338,19.433
Guatemala,GTM,2012,15089639,103492749162,11.347,0.752,9.926,1.513,8.922,,0.893,0.032,50.506,20.032
Guatemala,GTM,2013,15387339,107099471666,12.493,0.812,10.396,2.59,9.033,,0.843,0.035,58.936,21.468
Guatemala,GTM,2014,15681725,111858970345,13.425,0.856,10.994,2.8,9.628,,0.955,0.038,80.899,22.681
Guatemala,GTM,2015,15971745,116436247567,15.449,0.967,12.973,4.016,10.446,,0.924,0.044,76.085,25.328
Guatemala,GTM,2016,16268761,119554400888,16.524,1.016,13.525,4.715,10.792,,0.911,0.047,69.759,26.847
Guatemala,GTM,2017,16567363,123236680953,16.993,1.026,15.119,3.913,11.945,,1.002,0.047,67.783,27.586
Guatemala,GTM,2018,16845688,127435350812,18.338,1.089,24.012,4.619,12.616,,0.99,0.05,68.998,29.229
Guatemala,GTM,2019,17103803,132535316516,19.259,1.126,24.607,4.51,13.56,,1.072,0.052,69.737,30.456
Guatemala,GTM,2020,17357331,130197392340,17.157,0.988,21.947,2.913,12.886,,1.244,0.049,61.879,28.465
Guatemala,GTM,2021,17598652,140588440273,19.984,1.136,25.185,3.726,14.671,,1.493,0.054,62.869,31.732
Guatemala,GTM,2022,17847877,146224632616,18.913,1.06,24.815,1.422,15.766,,1.628,0.05,63.09,30.811
Guatemala,GTM,2023,18124841,,19.736,1.089,25.449,1.668,16.714,,1.244,0.052,66.216,31.875
Guatemala,GTM,2024,18406366,,19.88,1.08,,1.192,17.358,,1.244,0.052,65.672,32.28
Guinea,GIN,1990,6434383,4999407010,0.967,0.15,1.28,,0.967,,0.0,0.004,23.314,4.122
Guinea,GIN,1991,6697167,5139871689,0.989,0.148,1.283,,0.989,,0.0,0.004,25.322,4.316
Guinea,GIN,1992,6914370,5362577356,1.015,0.147,1.323,,1.015,,0.0,0.005,23.104,3.845
Guinea,GIN,1993,7128174,5695353285,1.044,0.146,1.323,,1.044,,0.0,0.005,23.715,3.982
Guinea,GIN,1994,7345106,5997837304,1.085,0.148,1.391,,1.085,,0.0,0.005,24.921,4.242
Guinea,GIN,1995,7553252,6351702761,1.121,0.148,1.475,,1.121,,0.0,0.005,28.426,4.314
Guinea,GIN,1996,7770035,6708782077,1.183,0.152,1.297,,1.183,,0.0,0.005,29.351,5.143
Guinea,GIN,1997,7931371,7124296839,1.238,0.156,1.281,,1.238,,0.0,0.005,29.897,4.327
Guinea,GIN,1998,8081993,7467530405,1.312,0.162,1.306,,1.312,,0.0,0.005,28.836,4.528
Guinea,GIN,1999,8265121,7849296748,1.385,0.168,1.193,,1.385,,0.0,0.006,33.413,5.47
Guinea,GIN,2000,8428837,8142368042,1.444,0.171,1.269,,1.444,,0.0,0.006,36.315,5.489
Guinea,GIN,2001,8539963,8530150477,1.517,0.178,1.217,,1.517,,0.0,0.006,36.399,5.618
Guinea,GIN,2002,8674072,9080053247,1.579,0.182,1.264,,1.579,,0.0,0.006,37.043,5.677
Guinea,GIN,2003,8870790,9309105966,1.652,0.186,2.613,,1.652,,0.0,0.006,39.516,5.795
Guinea,GIN,2004,9062724,9645747516,1.722,0.19,1.542,,1.722,,0.0,0.006,34.874,5.909
Guinea,GIN,2005,9245844,10059820577,1.784,0.193,1.568,,1.784,,0.0,0.006,40.295,6.15
Guinea,GIN,2006,9441174,10279820925,1.847,0.196,1.472,,1.847,,0.0,0.006,46.865,6.261
Guinea,GIN,2007,9662278,11105668501,1.927,0.199,1.553,,1.927,,0.0,0.006,52.166,6.372
Guinea,GIN,2008,9898870,11730748654,1.964,0.198,1.655,,1.964,,0.0,0.006,41.767,6.587
Guinea,GIN,2009,10143540,11707653951,2.092,0.206,2.872,,2.092,,0.0,0.007,91.169,6.706
Guinea,GIN,2010,10396090,12362234837,2.459,0.236,3.534,,2.459,,0.0,0.007,73.723,7.069
Guinea,GIN,2011,10656812,13233698841,2.557,0.24,3.971,,2.557,,0.0,0.007,99.977,7.206
Guinea,GIN,2012,10921580,14087313893,2.393,0.219,3.827,,2.393,,0.0,0.007,80.676,7.111
Guinea,GIN,2013,11191874,14709018009,2.077,0.186,1.731,,2.077,,0.0,0.006,96.626,6.782
Guinea,GIN,2014,11472921,14874105154,2.371,0.207,1.904,,2.371,,0.0,0.007,94.992,7.092
Guinea,GIN,2015,11767077,14900874140,2.454,0.209,2.091,,2.454,,0.0,0.007,79.645,7.14
Guinea,GIN,2016,12073031,16533568057,2.7,0.224,5.416,,2.7,,0.0,0.008,86.854,7.554
Guinea,GIN,2017,12385668,18265129177,4.847,0.391,6.317,,4.847,,0.0,0.013,87.752,9.673
Guinea,GIN,2018,12704776,19467826772,3.77,0.297,5.774,,3.77,,0.0,0.01,69.389,8.572
Guinea,GIN,2019,13034349,20561330331,4.104,0.315,6.124,,4.104,,0.0,0.011,86.687,9.077
Guinea,GIN,2020,13371185,21528646361,4.43,0.331,5.954,,4.43,,0.0,0.013,82.603,9.507
Guinea,GIN,2021,13710515,22615336825,4.068,0.297,5.845,,4.068,,0.0,0.011,74.309,9.101
Guinea,GIN,2022,14055136,23678257190,4.052,0.288,6.391,,4.052,,0.0,0.011,76.836,9.258
Guinea,GIN,2023,14405469,,3.875,0.269,6.399,,3.875,,0.0,0.01,78.455,9.116
Guinea,GIN,2024,14754779,,4.026,0.273,,,4.026,,0.0,0.01,78.531,9.331
Guinea-Bissau,GNB,1990,973678,1261819956,0.095,0.098,,,0.095,,0.0,0.0,4.556,0.665
Guinea-Bissau,GNB,1991,994640,1300711311,0.095,0.096,,,0.095,,0.0,0.0,4.1,0.69
Guinea-Bissau,GNB,1992,1024365,1333901605,0.095,0.093,,,0.095,,0.0,0.0,5.249,0.675
Guinea-Bissau,GNB,1993,1058755,1360698820,0.099,0.093,,,0.099,,0.0,0.0,5.187,0.675
Guinea-Bissau,GNB,1994,1092037,1398135470,0.099,0.091,,,0.099,,0.0,0.0,5.05,0.683
Guinea-Bissau,GNB,1995,1119950,1448758085,0.103,0.092,,,0.103,,0.0,0.0,5.088,0.708
Guinea-Bissau,GNB,1996,1143544,1501514648,0.099,0.087,,,0.099,,0.0,0.0,6.71,0.735
Guinea-Bissau,GNB,1997,1165550,1589254020,0.117,0.101,,,0.117,,0.0,0.0,5.593,0.755
Guinea-Bissau,GNB,1998,1187478,1315465409,0.088,0.074,,,0.088,,0.0,0.0,7.989,0.731
Guinea-Bissau,GNB,1999,1210211,1485364038,0.099,0.082,,,0.099,,0.0,0.0,8.665,0.801
Guinea-Bissau,GNB,2000,1234747,1486201658,0.051,0.042,,,0.051,,0.0,0.0,6.729,0.761
Guinea-Bissau,GNB,2001,1261281,1520990575,0.048,0.038,,,0.048,,0.0,0.0,5.215,0.753
Guinea-Bissau,GNB,2002,1289317,1507700424,0.062,0.048,,,0.062,,0.0,0.0,4.786,0.793
Guinea-Bissau,GNB,2003,1318809,1522869105,0.073,0.056,,,0.073,,0.0,0.0,5.384,0.821
Guinea-Bissau,GNB,2004,1349569,1573921435,0.044,0.033,,,0.044,,0.0,0.0,5.117,0.805
Guinea-Bissau,GNB,2005,1381590,1653070519,0.092,0.066,,,0.092,,0.0,0.0,5.209,0.873
Guinea-Bissau,GNB,2006,1415315,1701901067,0.117,0.083,,,0.117,,0.0,0.0,5.415,0.928
Guinea-Bissau,GNB,2007,1450989,1768965179,0.084,0.058,,,0.084,,0.0,0.0,5.468,0.904
Guinea-Bissau,GNB,2008,1488059,1837842538,0.117,0.079,,,0.117,,0.0,0.0,5.033,0.938
Guinea-Bissau,GNB,2009,1526384,1913611627,0.099,0.065,,,0.099,,0.0,0.0,6.206,0.931
Guinea-Bissau,GNB,2010,1566352,2015432308,0.103,0.065,,,0.103,,0.0,0.0,5.482,0.939
Guinea-Bissau,GNB,2011,1608084,2192198781,0.11,0.068,,,0.11,,0.0,0.0,5.298,0.944
Guinea-Bissau,GNB,2012,1651425,2160239109,0.114,0.069,,,0.114,,0.0,0.0,5.272,0.976
Guinea-Bissau,GNB,2013,1695980,2238347369,0.143,0.084,,,0.143,,0.0,0.0,5.292,0.985
Guinea-Bissau,GNB,2014,1741126,2253617077,0.143,0.082,,,0.143,,0.0,0.0,5.37,1.002
Guinea-Bissau,GNB,2015,1786461,2372699688,0.154,0.086,,,0.154,,0.0,0.0,6.296,1.019
Guinea-Bissau,GNB,2016,1831898,2519068025,0.169,0.092,,,0.169,,0.0,0.0,5.488,1.018
Guinea-Bissau,GNB,2017,1877074,2668676184,0.183,0.098,,,0.183,,0.0,0.001,6.392,1.037
Guinea-Bissau,GNB,2018,1922167,2771625236,0.198,0.103,,,0.198,,0.0,0.001,7.542,1.054
Guinea-Bissau,GNB,2019,1967704,2896348420,0.256,0.13,,,0.256,,0.0,0.001,7.096,1.12
Guinea-Bissau,GNB,2020,2013259,2939793794,0.311,0.155,,,0.311,,0.0,0.001,7.686,1.199
Guinea-Bissau,GNB,2021,2058841,3127940606,0.341,0.166,,,0.341,,0.0,0.001,6.744,1.217
Guinea-Bissau,GNB,2022,2105535,3259313986,0.344,0.164,,,0.344,,0.0,0.001,7.572,1.245
Guinea-Bissau,GNB,2023,2153343,,0.329,0.153,,,0.329,,0.0,0.001,7.909,1.228
Guinea-Bissau,GNB,2024,2201360,,0.342,0.155,,,0.342,,0.0,0.001,8.138,1.253
Guyana,GUY,1990,749891,,1.129,1.505,,,1.129,,0.0,0.005,5.609,1.714
Guyana,GUY,1991,747870,,1.107,1.48,,,1.107,,0.0,0.005,5.784,1.638
Guyana,GUY,1992,749919,,1.041,1.388,,,1.041,,0.0,0.005,14.166,1.614
Guyana,GUY,1993,752969,,1.044,1.387,,,1.044,,0.0,0.005,9.038,1.641
Guyana,GUY,1994,755821,,1.458,1.929,,,1.458,,0.0,0.006,13.113,2.025
Guyana,GUY,1995,758395,,1.565,2.063,,,1.565,,0.0,0.007,12.271,2.142
Guyana,GUY,1996,760535,,1.656,2.178,,,1.656,,0.0,0.007,11.149,2.244
Guyana,GUY,1997,762250,,1.806,2.37,,,1.806,,0.0,0.007,9.764,2.418
Guyana,GUY,1998,763596,,1.828,2.394,,,1.828,,0.0,0.008,14.184,2.452
Guyana,GUY,1999,764490,,1.836,2.401,,,1.836,,0.0,0.007,14.142,2.448
Guyana,GUY,2000,764836,,1.748,2.285,,,1.748,,0.0,0.007,12.615,2.403
Guyana,GUY,2001,764484,,1.74,2.277,,,1.74,,0.0,0.007,9.91,2.307
Guyana,GUY,2002,763657,,1.711,2.241,,,1.711,,0.0,0.007,9.683,2.258
Guyana,GUY,2003,763107,,1.869,2.449,,,1.869,,0.0,0.007,20.318,2.459
Guyana,GUY,2004,762424,,1.927,2.528,,,1.927,,0.0,0.007,15.246,2.467
Guyana,GUY,2005,760922,,1.616,2.124,,,1.616,,0.0,0.005,10.569,2.156
Guyana,GUY,2006,758976,,1.51,1.989,,,1.51,,0.0,0.005,10.752,2.023
Guyana,GUY,2007,756874,,1.781,2.353,,,1.781,,0.0,0.006,9.871,2.304
Guyana,GUY,2008,754614,,1.704,2.258,,,1.704,,0.0,0.005,8.895,2.222
Guyana,GUY,2009,752097,,1.905,2.533,,,1.905,,0.0,0.006,9.018,2.429
Guyana,GUY,2010,749259,,1.883,2.514,,0.0,1.883,,0.0,0.006,7.523,2.452
Guyana,GUY,2011,746161,,1.957,2.622,,0.0,1.957,,0.0,0.006,7.656,2.491
Guyana,GUY,2012,746296,,1.957,2.622,,0.0,1.957,,0.0,0.006,9.136,2.507
Guyana,GUY,2013,750020,,1.902,2.535,,0.0,1.902,,0.0,0.005,8.059,2.444
Guyana,GUY,2014,754231,,1.975,2.618,,0.0,1.975,,0.0,0.006,10.395,2.533
Guyana,GUY,2015,758783,,1.964,2.588,,0.0,1.964,,0.0,0.006,11.558,2.55
Guyana,GUY,2016,763553,,2.209,2.893,,0.015,2.194,,0.0,0.006,6.248,2.797
Guyana,GUY,2017,768483,,2.158,2.808,,0.0,2.158,,0.0,0.006,7.708,2.721
Guyana,GUY,2018,791563,,2.319,2.93,,0.0,2.319,0.0,0.0,0.006,6.648,2.889
Guyana,GUY,2019,807668,,2.645,3.275,,0.0,2.645,0.0,0.0,0.007,9.475,3.25
Guyana,GUY,2020,807486,,3.1,3.839,,0.0,2.568,0.004,0.0,0.009,11.624,4.182
Guyana,GUY,2021,815484,,2.933,3.596,,0.0,2.682,0.004,0.0,0.008,10.165,4.292
Guyana,GUY,2022,821638,,4.397,5.351,,0.0,4.086,0.004,0.0,0.012,12.799,6.636
Guyana,GUY,2023,826357,,4.379,5.299,,0.0,4.15,0.004,0.014,0.011,12.786,6.532
Guyana,GUY,2024,831092,,4.51,5.427,,0.0,4.315,0.006,0.014,0.012,13.388,7.274
Haiti,HTI,1990,6854444,10773450000,0.994,0.145,,0.033,0.876,,0.085,0.004,7.862,4.431
Haiti,HTI,1991,6995455,11156723437,0.974,0.139,,0.066,0.802,,0.106,0.004,7.402,4.471
Haiti,HTI,1992,7136577,10725683419,0.887,0.124,,0.07,0.733,,0.084,0.004,8.367,4.443
Haiti,HTI,1993,7278182,10302867632,0.683,0.094,,,0.641,,0.042,0.003,9.86,4.292
Haiti,HTI,1994,7419776,9215060363,0.183,0.025,,,0.183,,0.0,0.001,8.839,4.129
Haiti,HTI,1995,7562551,10289435607,0.876,0.116,,,0.876,,0.0,0.004,12.006,4.905
Haiti,HTI,1996,7707560,10882101707,1.019,0.132,,,1.019,,0.0,0.004,19.641,5.125
Haiti,HTI,1997,7854304,11346974445,1.348,0.172,,,1.348,,0.0,0.006,14.604,5.539
Haiti,HTI,1998,8002144,11780950427,1.235,0.154,,,1.235,,0.0,0.005,13.509,5.439
Haiti,HTI,1999,8151301,12289767443,1.271,0.156,,,1.271,,0.0,0.005,12.35,5.552
Haiti,HTI,2000,8303151,12590117444,1.634,0.197,,,1.634,,0.0,0.006,12.093,5.929
Haiti,HTI,2001,8455917,12654293375,1.466,0.173,,,1.385,,0.081,0.006,11.667,5.818
Haiti,HTI,2002,8607648,12820096281,1.778,0.207,,,1.663,,0.114,0.007,11.641,6.178
Haiti,HTI,2003,8759913,13072600973,1.692,0.193,,,1.579,,0.113,0.006,11.764,6.141
Haiti,HTI,2004,8910267,12808948010,1.643,0.184,,,1.528,,0.115,0.006,21.108,6.189
Haiti,HTI,2005,9061274,13245370242,1.715,0.189,,,1.601,,0.114,0.006,21.694,6.377
Haiti,HTI,2006,9216569,13759840125,1.746,0.189,,,1.634,,0.112,0.006,17.13,6.534
Haiti,HTI,2007,9373300,14437110458,1.766,0.188,,,1.656,,0.11,0.006,16.625,6.693
Haiti,HTI,2008,9530782,14789629003,1.754,0.184,,,1.641,,0.112,0.005,20.062,6.806
Haiti,HTI,2009,9689585,15482895499,1.881,0.194,,,1.77,,0.111,0.006,30.309,7.081
Haiti,HTI,2010,9803299,14869726114,2.129,0.217,,,2.019,,0.111,0.006,24.496,7.463
Haiti,HTI,2011,9914904,15936160000,2.272,0.229,,,2.253,,0.018,0.007,22.502,7.786
Haiti,HTI,2012,10069770,16393482000,2.262,0.225,,,2.235,,0.027,0.006,22.169,7.958
Haiti,HTI,2013,10222365,17085684000,2.703,0.264,,,2.667,,0.036,0.008,18.315,8.435
Haiti,HTI,2014,10373241,17572203000,2.698,0.26,,,2.627,,0.071,0.008,17.282,8.46
Haiti,HTI,2015,10523249,17862468000,2.654,0.252,,,2.583,,0.071,0.007,16.203,8.477
Haiti,HTI,2016,10671462,18337150574,2.977,0.279,,,2.906,,0.071,0.008,16.135,8.888
Haiti,HTI,2017,10817759,18822570039,3.133,0.29,,,3.026,,0.107,0.009,15.312,9.113
Haiti,HTI,2018,10962373,19129086184,3.401,0.31,,,3.294,,0.107,0.009,12.573,9.462
Haiti,HTI,2019,11105165,18799472313,3.119,0.281,,,3.012,,0.107,0.008,12.405,9.267
Haiti,HTI,2020,11243846,18185520397,3.265,0.29,,,3.158,,0.107,0.009,12.96,9.266
Haiti,HTI,2021,11374592,17851170361,3.507,0.308,,,3.4,,0.107,0.01,13.305,9.457
Haiti,HTI,2022,11503603,17550916862,2.87,0.25,,,2.763,,0.107,0.008,12.236,8.916
Haiti,HTI,2023,11637402,,2.865,0.246,,,2.758,,0.107,0.008,12.25,8.928
Haiti,HTI,2024,11772562,,2.971,0.252,,,2.864,,0.107,0.008,11.872,8.975
Honduras,HND,1990,4980493,14201085625,2.505,0.503,1.834,0.004,2.224,,0.277,0.011,32.894,4.296
Honduras,HND,1991,5123797,14777670050,2.527,0.493,1.882,0.004,2.232,,0.291,0.011,31.934,4.355
Honduras,HND,1992,5271437,15733343099,2.803,0.532,2.262,0.004,2.529,,0.271,0.012,61.652,4.677
Honduras,HND,1993,5423253,16847892598,2.941,0.542,2.246,0.004,2.638,,0.299,0.013,50.449,4.883
Honduras,HND,1994,5579247,16756478908,3.231,0.579,2.289,0.004,2.975,,0.252,0.014,51.731,5.217
Honduras,HND,1995,5739636,17579243982,3.836,0.668,2.556,0.004,3.539,,0.293,0.016,41.187,5.888
Honduras,HND,1996,5903962,18358896091,3.876,0.656,2.47,0.004,3.488,,0.384,0.016,32.869,5.985
Honduras,HND,1997,6071458,19427979548,4.01,0.661,2.597,0.004,3.591,,0.416,0.016,32.88,6.268
Honduras,HND,1998,6234436,20150664632,4.811,0.772,3.062,0.004,4.452,,0.355,0.02,45.462,7.16
Honduras,HND,1999,6400470,19928432930,4.705,0.735,3.369,0.147,4.173,,0.385,0.019,22.37,6.911
Honduras,HND,2000,6577781,21239307387,5.032,0.765,3.862,0.352,4.18,,0.5,0.02,19.476,7.341
Honduras,HND,2001,6757992,21992955509,5.665,0.838,4.177,0.322,4.833,,0.509,0.022,25.884,8.005
Honduras,HND,2002,6938866,22983633152,5.945,0.857,4.304,0.37,5.108,,0.468,0.023,33.82,8.357
Honduras,HND,2003,7119213,24205428089,6.687,0.939,5.465,0.443,5.763,,0.48,0.024,27.67,9.282
Honduras,HND,2004,7299003,25910108120,7.194,0.986,5.754,0.462,6.21,,0.522,0.025,21.161,9.824
Honduras,HND,2005,7478362,27704981594,6.835,0.914,5.371,0.095,6.225,,0.514,0.023,19.443,9.618
Honduras,HND,2006,7656832,29769398424,7.698,1.005,6.403,0.176,6.903,,0.619,0.025,21.683,10.552
Honduras,HND,2007,7834806,31871721735,8.216,1.049,6.792,0.187,7.386,,0.643,0.026,23.576,11.226
Honduras,HND,2008,8012590,33484306097,8.533,1.065,14.852,0.311,7.573,,0.648,0.027,24.852,11.612
Honduras,HND,2009,8189904,32923391943,8.03,0.981,6.96,0.268,7.126,,0.637,0.025,32.705,11.196
Honduras,HND,2010,8365881,34409603132,8.107,0.969,6.714,0.278,7.222,,0.606,0.024,32.036,11.381
Honduras,HND,2011,8540587,35990758725,8.857,1.037,6.727,0.333,7.856,,0.668,0.026,34.567,12.288
Honduras,HND,2012,8715081,37443688294,9.108,1.045,6.918,0.381,7.962,,0.765,0.026,30.006,12.62
Honduras,HND,2013,8889276,38446700070,9.328,1.049,17.827,0.37,8.266,,0.692,0.026,29.677,12.964
Honduras,HND,2014,9063127,39484545761,9.503,1.049,7.165,0.392,8.449,,0.662,0.027,27.682,13.301
Honduras,HND,2015,9237306,40757802007,10.898,1.18,8.374,0.337,9.838,,0.723,0.031,34.561,14.825
Honduras,HND,2016,9412380,42125312119,9.939,1.056,7.974,0.15,9.006,,0.782,0.028,38.707,13.985
Honduras,HND,2017,9588144,43936103834,10.198,1.064,8.247,0.004,9.284,,0.91,0.028,35.991,14.027
Honduras,HND,2018,9765209,45477892182,9.876,1.011,8.141,,9.043,,0.833,0.027,30.096,13.838
Honduras,HND,2019,9943637,46684518271,10.963,1.102,9.067,,10.197,,0.765,0.03,32.555,15.05
Honduras,HND,2020,10119638,42499283305,9.977,0.986,8.354,,9.343,,0.634,0.028,33.495,14.165
Honduras,HND,2021,10289881,47826185166,11.06,1.075,9.217,,10.358,,0.702,0.03,29.988,15.279
Honduras,HND,2022,10463880,49738252980,11.742,1.122,9.698,,11.019,,0.723,0.031,32.391,16.047
Honduras,HND,2023,10644853,,12.404,1.165,10.458,,11.681,,0.723,0.033,33.598,16.859
Honduras,HND,2024,10825704,,12.855,1.187,,,12.132,,0.723,0.033,34.531,17.361
Hong Kong,HKG,1990,5560599,159035333203,27.148,4.882,61.709,18.109,8.302,,0.737,0.119,31.19,31.089
Hong Kong,HKG,1991,5628091,166388672053,28.463,5.057,65.281,19.534,8.247,,0.683,0.123,32.712,32.627
Hong Kong,HKG,1992,5759558,174712323919,32.922,5.716,71.859,20.713,11.542,,0.668,0.146,37.261,37.191
Hong Kong,HKG,1993,5902506,183841594031,34.778,5.892,70.215,23.989,10.093,,0.695,0.153,39.228,39.178
Hong Kong,HKG,1994,6042259,193897052623,31.079,5.144,81.627,17.137,13.161,,0.782,0.135,35.566,35.517
Hong Kong,HKG,1995,6177105,196081470595,31.271,5.062,85.571,18.474,11.967,0.055,0.775,0.133,35.787,35.737
Hong Kong,HKG,1996,6302469,207053020618,28.909,4.587,81.995,13.731,11.213,3.144,0.82,0.119,33.373,33.324
Hong Kong,HKG,1997,6416674,216031296787,30.497,4.753,94.085,11.582,13.223,4.913,0.778,0.125,35.018,34.961
Hong Kong,HKG,1998,6521331,201421963837,38.925,5.969,83.187,14.312,19.383,4.609,0.622,0.16,43.725,43.667
Hong Kong,HKG,1999,6616524,205093825462,42.549,6.431,80.977,11.698,25.21,5.082,0.56,0.171,47.565,47.505
Hong Kong,HKG,2000,6704665,218622146616,39.765,5.931,87.987,14.464,20.718,4.583,0.0,0.156,44.65,44.587
Hong Kong,HKG,2001,6774243,219159408785,37.289,5.504,80.537,15.14,17.455,4.694,0.0,0.145,42.083,42.018
Hong Kong,HKG,2002,6821412,222182532288,39.003,5.718,78.041,19.661,14.77,4.573,0.0,0.148,43.723,43.66
Hong Kong,HKG,2003,6858906,225487397415,42.733,6.23,94.393,25.06,14.753,2.92,0.0,0.155,47.501,47.443
Hong Kong,HKG,2004,6888164,243895605092,41.158,5.975,94.092,23.169,13.768,4.221,0.0,0.144,45.868,45.811
Hong Kong,HKG,2005,6908483,259469641313,43.334,6.273,102.277,25.467,13.65,4.218,0.0,0.146,48.133,48.077
Hong Kong,HKG,2006,6931089,274690745926,41.915,6.047,101.627,25.239,11.823,4.459,0.394,0.137,46.763,46.706
Hong Kong,HKG,2007,6971344,291247413551,43.572,6.25,100.048,27.605,11.732,3.851,0.385,0.138,48.496,48.449
Hong Kong,HKG,2008,7020689,295823304243,42.794,6.095,96.529,25.963,11.714,4.573,0.545,0.134,47.747,47.699
Hong Kong,HKG,2009,7064464,285619082956,41.583,5.886,80.416,27.117,8.863,5.174,0.429,0.132,46.615,46.564
Hong Kong,HKG,2010,7101614,302377330309,40.063,5.641,90.171,23.589,9.438,6.478,0.558,0.12,45.111,45.058
Hong Kong,HKG,2011,7142969,314044556431,43.15,6.041,112.463,28.063,9.237,5.269,0.581,0.125,48.272,48.218
Hong Kong,HKG,2012,7201059,319384208506,42.738,5.935,130.792,27.623,9.6,4.884,0.632,0.122,47.891,47.837
Hong Kong,HKG,2013,7264330,329290162080,44.31,6.1,152.205,29.45,9.428,4.756,0.676,0.126,49.481,49.426
Hong Kong,HKG,2014,7319502,338386398632,45.492,6.215,145.819,30.853,9.267,4.646,0.725,0.128,50.718,50.664
Hong Kong,HKG,2015,7366411,346466191769,42.404,5.756,111.1,25.373,10.212,6.082,0.737,0.12,47.652,47.606
Hong Kong,HKG,2016,7408006,354003396927,43.366,5.854,122.712,25.375,11.053,6.236,0.702,0.123,48.685,48.639
Hong Kong,HKG,2017,7444889,367441685993,42.431,5.699,125.825,23.772,11.838,6.218,0.603,0.118,47.833,47.783
Hong Kong,HKG,2018,7471190,377902310676,42.597,5.702,124.272,24.411,11.5,6.06,0.626,0.116,48.051,48.001
Hong Kong,HKG,2019,7485817,371582312306,41.897,5.597,123.706,23.378,11.621,6.287,0.611,0.113,47.405,47.355
Hong Kong,HKG,2020,7490240,347263059452,33.513,4.474,119.866,12.447,11.051,9.431,0.585,0.095,38.999,38.947
Hong Kong,HKG,2021,7484604,369654417943,33.637,4.494,132.766,13.832,9.889,9.424,0.492,0.091,39.151,39.101
Hong Kong,HKG,2022,7465913,356690492875,30.764,4.121,145.24,13.602,7.351,9.2,0.611,0.082,36.275,36.225
Hong Kong,HKG,2023,7442738,,32.957,4.428,144.164,13.289,9.128,9.929,0.611,0.087,38.562,38.512
Hong Kong,HKG,2024,7414914,,33.324,4.494,,11.347,10.369,10.997,0.611,0.086,38.914,38.864
Hungary,HUN,1990,10381280,106788855164,73.427,7.073,88.534,26.517,22.863,20.458,1.751,0.323,98.023,86.772
Hungary,HUN,1991,10378174,95825225553,69.825,6.728,81.216,25.188,21.602,20.481,1.102,0.301,87.59,81.349
Hungary,HUN,1992,10371477,94567780137,62.281,6.005,90.496,20.751,21.748,17.622,0.859,0.277,77.176,72.229
Hungary,HUN,1993,10356869,95740692963,62.991,6.082,83.271,20.066,21.508,19.158,1.022,0.277,78.223,73.401
Hungary,HUN,1994,10339936,100339331340,61.88,5.985,76.943,18.693,21.2,19.453,1.181,0.269,79.203,72.746
Hungary,HUN,1995,10322792,104751822959,61.464,5.954,73.444,18.394,19.802,20.935,1.186,0.261,77.343,71.965
Hungary,HUN,1996,10302238,106886865711,63.083,6.123,72.134,18.914,18.5,23.508,1.111,0.26,80.4,74.269
Hungary,HUN,1997,10278600,112676520011,61.676,6.0,75.513,18.413,18.726,22.352,1.174,0.253,78.523,72.668
Hungary,HUN,1998,10251717,119818720518,61.255,5.975,78.178,17.356,19.339,22.341,1.222,0.252,78.292,71.815
Hungary,HUN,1999,10219797,126176462095,61.575,6.025,72.295,17.586,19.196,22.604,1.224,0.248,75.088,71.933
Hungary,HUN,2000,10190598,134151505450,58.244,5.716,69.961,16.473,17.502,22.045,1.353,0.228,72.87,68.912
Hungary,HUN,2001,10166693,142043461403,59.828,5.885,73.407,15.905,17.279,24.461,1.357,0.233,74.138,70.47
Hungary,HUN,2002,10138461,151456660939,58.842,5.804,72.588,15.662,16.361,24.582,1.426,0.224,73.088,68.741
Hungary,HUN,2003,10108970,160456137012,61.611,6.095,86.418,16.198,16.133,26.969,1.412,0.223,76.238,71.466
Hungary,HUN,2004,10085788,171925388770,59.985,5.947,83.396,15.513,15.68,26.557,1.289,0.21,74.896,70.078
Hungary,HUN,2005,10065703,183107031890,60.142,5.975,88.99,13.643,16.481,27.768,1.199,0.203,75.022,70.847
Hungary,HUN,2006,10049946,194033322767,59.529,5.923,90.91,13.669,17.222,26.298,1.296,0.195,74.487,69.96
Hungary,HUN,2007,10034084,198872162765,58.449,5.825,97.323,13.627,17.592,24.884,1.328,0.186,72.995,68.072
Hungary,HUN,2008,10016653,204720371926,57.184,5.709,99.673,13.118,17.336,24.401,1.261,0.178,70.916,65.778
Hungary,HUN,2009,10001381,195180908684,51.458,5.145,67.585,11.237,17.26,21.214,0.973,0.163,61.951,59.845
Hungary,HUN,2010,9979128,200496589291,51.993,5.21,71.025,11.721,16.067,22.697,0.735,0.156,61.944,60.14
Hungary,HUN,2011,9946675,208407605976,50.156,5.042,70.135,12.022,15.14,21.661,0.564,0.145,60.823,58.221
Hungary,HUN,2012,9916621,205802052322,46.72,4.711,63.459,11.538,14.471,19.326,0.678,0.134,56.597,54.765
Hungary,HUN,2013,9889344,209511661762,43.487,4.397,59.467,10.26,13.982,18.031,0.516,0.123,54.439,51.32
Hungary,HUN,2014,9862843,218378634753,43.639,4.425,58.716,10.289,15.335,16.782,0.566,0.123,54.802,51.108
Hungary,HUN,2015,9839211,226474616785,46.567,4.733,59.345,10.624,16.673,17.895,0.676,0.132,58.457,53.902
Hungary,HUN,2016,9810529,231459349147,47.039,4.795,60.648,9.879,16.713,19.041,0.705,0.133,59.182,54.157
Hungary,HUN,2017,9785608,241347220007,49.424,5.051,65.921,10.177,17.631,20.107,0.783,0.137,61.189,56.728
Hungary,HUN,2018,9774395,254289117363,49.366,5.051,66.684,9.577,18.712,19.467,0.882,0.134,60.998,56.673
Hungary,HUN,2019,9770346,266658311342,49.159,5.031,65.075,8.324,19.52,19.598,1.023,0.133,56.555,56.591
Hungary,HUN,2020,9749459,254563881936,47.105,4.832,60.474,7.511,17.463,20.554,0.929,0.134,59.828,54.676
Hungary,HUN,2021,9707848,272892486007,48.326,4.978,65.404,6.06,18.887,21.796,1.002,0.131,60.163,56.025
Hungary,HUN,2022,9684308,285385229433,45.267,4.674,62.643,5.559,19.647,18.73,0.815,0.121,54.129,52.891
Hungary,HUN,2023,9686465,,40.344,4.165,56.728,4.315,18.384,16.689,0.544,0.106,48.654,48.03
Hungary,HUN,2024,9676135,,40.017,4.136,,3.611,18.643,16.807,0.544,0.104,47.507,47.788
Iceland,ISL,1990,254842,7325718271,2.222,8.719,,0.282,1.819,0.0,0.052,0.01,3.603,2.489
Iceland,ISL,1991,257817,7288590266,2.103,8.157,,0.245,1.732,0.0,0.048,0.009,3.464,2.365
Iceland,ISL,1992,261087,7011078151,2.249,8.615,,0.243,1.886,0.0,0.045,0.01,3.579,2.518
Iceland,ISL,1993,263760,7076878574,2.4,9.1,,0.298,1.971,0.0,0.039,0.011,3.734,2.681
Iceland,ISL,1994,266063,7301854318,2.349,8.83,,0.293,1.943,0.0,0.037,0.01,3.704,2.643
Iceland,ISL,1995,267516,7280955133,2.469,9.229,,0.296,2.045,0.0,0.037,0.01,3.781,2.769
Iceland,ISL,1996,268967,7601917128,2.523,9.38,,0.281,2.112,0.0,0.041,0.01,3.865,2.832
Iceland,ISL,1997,271194,8108417582,2.618,9.655,,0.32,2.178,0.0,0.045,0.011,3.9,2.922
Iceland,ISL,1998,274121,8607334873,2.638,9.625,,0.284,2.209,0.0,0.053,0.011,3.903,2.946
Iceland,ISL,1999,277450,8919642339,2.841,10.239,,0.358,2.304,0.0,0.06,0.011,4.117,3.158
Iceland,ISL,2000,281293,9307402059,2.933,10.426,,0.466,2.243,0.0,0.064,0.011,4.189,3.26
Iceland,ISL,2001,285058,9632094658,2.865,10.051,,0.502,2.155,0.0,0.058,0.011,4.091,3.204
Iceland,ISL,2002,287609,9623436669,2.992,10.403,,0.513,2.287,0.0,0.038,0.011,4.21,3.333
Iceland,ISL,2003,289616,9810546928,2.985,10.308,,0.51,2.299,0.0,0.032,0.011,4.183,3.328
Iceland,ISL,2004,292172,10591927126,3.107,10.635,,0.526,2.398,0.0,0.05,0.011,4.307,3.459
Iceland,ISL,2005,296852,11206862490,2.976,10.026,,0.484,2.309,0.0,0.054,0.01,4.271,3.383
Iceland,ISL,2006,303883,11775508947,3.154,10.38,,0.515,2.44,0.0,0.061,0.01,4.394,3.562
Iceland,ISL,2007,311662,12798725464,3.494,11.212,,0.596,2.674,0.0,0.063,0.011,4.721,3.872
Iceland,ISL,2008,317519,13031114591,3.811,12.004,,0.639,2.911,0.0,0.061,0.012,5.058,4.194
Iceland,ISL,2009,318619,12031037299,3.73,11.708,,0.622,2.898,0.0,0.028,0.012,4.893,4.085
Iceland,ISL,2010,318163,11531450215,3.627,11.399,,0.626,2.79,0.0,0.01,0.011,5.623,3.974
Iceland,ISL,2011,319139,11716753534,3.503,10.978,,0.639,2.654,0.0,0.02,0.01,4.7,3.828
Iceland,ISL,2012,320851,11841375384,3.499,10.906,,0.659,2.657,0.0,0.0,0.01,4.73,3.803
Iceland,ISL,2013,323891,12380449213,3.489,10.772,,0.661,2.644,0.0,0.0,0.01,4.676,3.798
Iceland,ISL,2014,327517,12589333385,3.445,10.519,,0.625,2.625,0.0,0.0,0.01,4.672,3.757
Iceland,ISL,2015,330962,13147880818,3.541,10.699,,0.661,2.706,0.0,0.0,0.01,4.805,3.873
Iceland,ISL,2016,335571,13976682094,3.494,10.411,,0.66,2.673,0.0,0.0,0.01,4.776,3.848
Iceland,ISL,2017,343537,14562998209,3.611,10.511,,0.693,2.758,0.001,0.0,0.01,4.969,4.004
Iceland,ISL,2018,352860,15275006901,3.665,10.388,,0.715,2.783,0.001,0.0,0.01,5.018,4.067
Iceland,ISL,2019,360709,15550746271,3.553,9.849,,0.684,2.691,0.003,0.0,0.01,4.88,3.929
Iceland,ISL,2020,366626,14424580947,3.339,9.107,,0.668,2.481,0.003,0.0,0.009,4.615,3.669
Iceland,ISL,2021,372647,15049658393,3.491,9.367,,0.726,2.587,0.001,0.0,0.009,4.769,3.823
Iceland,ISL,2022,380368,16019540441,3.598,9.458,,0.77,2.641,0.002,0.0,0.01,4.882,3.936
Iceland,ISL,2023,387559,,3.508,9.052,,0.671,2.65,0.002,0.0,0.009,4.776,3.834
Iceland,ISL,2024,393404,,3.803,9.667,,0.868,2.748,0.002,0.0,0.01,5.057,4.115
India,IND,1990,864972221,1750993000000,577.987,0.668,583.353,366.504,158.167,21.097,22.348,2.543,1526.914,768.946
India,IND,1991,883927605,1768493598375,615.388,0.696,603.908,393.066,166.423,23.563,24.503,2.652,1561.427,811.302
India,IND,1992,902957075,1851711465033,655.424,0.726,656.838,411.39,188.056,27.257,25.156,2.91,1632.941,854.531
India,IND,1993,922118380,1944353884791,677.262,0.734,661.066,433.085,186.878,26.996,26.602,2.977,1638.294,872.375
India,IND,1994,941163772,2055026658036,714.043,0.759,692.346,455.699,198.955,28.997,28.54,3.108,1675.792,912.834
India,IND,1995,960301046,2189535837458,760.48,0.792,728.637,471.741,216.281,39.051,31.104,3.234,1712.603,966.838
India,IND,1996,979678460,2345228680352,823.602,0.841,773.568,504.479,243.161,39.747,34.079,3.399,1817.629,1034.173
India,IND,1997,999133764,2426804815330,857.976,0.859,802.52,527.685,244.203,46.024,37.418,3.519,1831.317,1075.385
India,IND,1998,1018665080,2567853125008,875.783,0.86,814.092,524.136,262.892,47.595,39.026,3.605,1855.813,1093.294
India,IND,1999,1038225822,2710353015518,961.194,0.926,922.024,560.465,301.469,52.619,44.592,3.87,1939.573,1183.08
India,IND,2000,1057922731,2804478499774,987.065,0.933,914.373,572.903,313.441,52.791,45.957,3.869,2005.885,1212.075
India,IND,2001,1077898579,2940745466088,1001.198,0.929,921.53,582.111,317.363,53.128,46.74,3.897,2000.273,1228.616
India,IND,2002,1097600380,3024984520809,1032.75,0.941,936.879,598.539,325.889,57.609,49.111,3.932,1994.045,1263.51
India,IND,2003,1116803000,3251114494190,1068.398,0.957,985.412,625.833,331.333,58.565,50.88,3.864,2059.556,1305.699
India,IND,2004,1135991509,3495022816540,1134.611,0.999,1043.316,669.993,348.992,58.316,55.545,3.966,2129.202,1378.99
India,IND,2005,1154676321,3752627653422,1195.393,1.035,1104.519,721.496,353.15,59.357,59.687,4.039,2205.413,1445.262
India,IND,2006,1172878888,4069856052453,1293.321,1.103,1172.595,773.551,370.544,82.58,64.905,4.227,2324.594,1549.979
India,IND,2007,1190676028,4403215224414,1393.485,1.17,1291.092,842.536,392.818,87.956,68.333,4.424,2485.674,1660.112
India,IND,2008,1207930960,4649548164533,1490.366,1.234,1372.795,910.753,414.204,90.277,73.245,4.65,2641.331,1768.282
India,IND,2009,1225524764,4993478894185,1613.328,1.316,1521.685,983.947,433.771,112.463,81.268,5.12,2738.05,1903.149
India,IND,2010,1243481565,5361371354007,1678.53,1.35,1571.107,1015.983,440.692,134.121,86.029,5.038,2848.131,1973.835
India,IND,2011,1261224956,5720692888000,1765.695,1.4,1624.198,1074.385,461.37,135.977,91.314,5.121,2950.343,2072.287
India,IND,2012,1278674501,6052427493607,1926.986,1.507,1782.077,1206.452,491.148,125.558,100.237,5.513,3164.01,2245.158
India,IND,2013,1295829507,6424470752490,1995.337,1.54,1637.855,1276.383,498.314,109.554,107.82,5.656,3124.772,2286.255
India,IND,2014,1312277184,6875186158349,2148.052,1.637,1810.893,1407.057,513.84,107.801,115.825,6.057,3216.867,2449.302
India,IND,2015,1328024494,7391521519812,2231.817,1.681,1961.052,1449.587,557.523,103.062,117.508,6.304,3290.423,2539.29
India,IND,2016,1343944296,8057465593010,2352.54,1.75,2002.07,1499.401,616.112,109.989,123.281,6.647,3365.011,2663.638
India,IND,2017,1359657398,8550029645172,2425.722,1.784,2112.195,1551.256,634.116,116.479,121.047,6.743,3415.989,2741.299
India,IND,2018,1374659067,9173201683791,2595.227,1.888,2239.063,1668.318,658.715,126.74,138.965,7.065,3616.201,2923.173
India,IND,2019,1389030307,9595463242427,2611.175,1.88,2267.293,1661.94,677.884,125.233,143.664,7.041,3613.001,2937.495
India,IND,2020,1402617694,8945313249462,2422.732,1.727,2085.132,1561.799,607.535,127.684,122.908,6.891,3436.429,2742.09
India,IND,2021,1414203896,9801621018003,2675.778,1.892,2252.029,1767.297,623.485,133.192,149.033,7.258,3697.615,3013.546
India,IND,2022,1425423209,10476248645535,2831.132,1.986,2339.991,1855.854,684.014,124.009,164.331,7.544,3869.995,3185.276
India,IND,2023,1438069597,,3062.756,2.13,2543.215,2032.048,718.183,132.42,177.239,8.04,4121.424,3431.968
India,IND,2024,1450935785,,3193.478,2.201,,2108.033,747.333,149.352,185.97,8.274,4262.411,3571.002
Indonesia,IDN,1990,183501097,718548888843,154.991,0.845,147.064,6.947,87.271,44.064,7.628,0.682,1012.411,239.563
Indonesia,IDN,1991,186778239,786440054225,174.754,0.936,160.58,13.52,97.702,43.494,8.976,0.753,994.146,267.72
Indonesia,IDN,1992,190043742,841780430872,199.298,1.049,186.464,12.509,112.952,52.374,9.653,0.885,1196.247,296.629
Indonesia,IDN,1993,193305169,912702668892,214.963,1.112,194.887,21.306,112.763,57.66,10.633,0.945,1100.796,316.773
Indonesia,IDN,1994,196591829,986200274496,219.2,1.115,199.845,26.648,108.934,60.309,12.366,0.954,1324.479,326.398
Indonesia,IDN,1995,199888055,1072204353033,222.225,1.112,205.227,25.179,109.715,64.574,13.124,0.945,1252.83,329.032
Indonesia,IDN,1996,203204353,1161281457768,252.856,1.244,227.997,27.561,121.308,78.992,14.056,1.043,1218.627,368.463
Indonesia,IDN,1997,206536089,1221454544616,279.696,1.354,244.006,29.389,140.547,82.041,15.767,1.147,3027.979,401.45
Indonesia,IDN,1998,209826791,1066065643776,244.315,1.164,148.777,32.074,141.036,48.027,12.873,1.006,1259.636,360.128
Indonesia,IDN,1999,213004667,1079382527522,291.771,1.37,242.505,37.163,148.101,83.652,13.855,1.175,1285.88,405.837
Indonesia,IDN,2000,216077789,1138300071768,281.054,1.301,240.902,50.906,156.812,48.592,16.174,1.102,1250.713,398.571
Indonesia,IDN,2001,219097905,1185220908414,316.759,1.446,266.036,64.629,164.07,61.163,18.194,1.233,1168.101,437.666
Indonesia,IDN,2002,222088499,1244249942443,308.201,1.388,276.132,66.665,156.841,59.764,17.854,1.173,1482.271,427.667
Indonesia,IDN,2003,225048005,1309811268640,339.024,1.506,312.161,89.49,162.445,62.661,17.481,1.226,1161.728,460.88
Indonesia,IDN,2004,227926649,1387446383159,342.709,1.504,317.91,82.216,173.895,61.886,18.734,1.198,1288.085,467.126
Indonesia,IDN,2005,230871648,1474875329634,347.361,1.505,323.809,94.222,174.754,54.451,18.271,1.174,1217.586,475.688
Indonesia,IDN,2006,233951650,1565012923832,346.366,1.481,332.274,111.641,152.499,57.426,18.779,1.132,1858.979,486.956
Indonesia,IDN,2007,237062338,1674227359084,387.577,1.635,372.479,140.066,166.225,57.078,19.286,1.23,1356.118,530.235
Indonesia,IDN,2008,240157902,1809491142510,365.384,1.521,373.424,121.845,158.303,60.313,20.207,1.14,1483.168,511.871
Indonesia,IDN,2009,243220024,1905717479305,398.624,1.639,385.893,128.274,181.26,64.541,19.119,1.265,1855.115,557.111
Indonesia,IDN,2010,246305327,2039334560589,445.37,1.808,435.441,152.667,195.671,73.73,19.029,1.337,1649.02,607.29
Indonesia,IDN,2011,249470029,2178184530109,500.458,2.006,491.721,181.281,211.329,81.553,20.833,1.451,1831.722,704.186
Indonesia,IDN,2012,252698525,2309530044109,515.77,2.041,523.756,187.171,218.777,80.062,23.109,1.476,1924.482,730.507
Indonesia,IDN,2013,255852464,2437876929100,493.435,1.929,509.517,164.219,234.082,64.754,24.481,1.399,1978.383,710.987
Indonesia,IDN,2014,258877395,2559933272409,498.029,1.924,510.007,173.584,230.761,62.417,25.504,1.404,2144.122,722.377
Indonesia,IDN,2015,261799249,2684763880628,551.16,2.105,545.43,197.815,228.361,94.252,25.271,1.557,2620.779,764.637
Indonesia,IDN,2016,264627429,2819889903036,547.969,2.071,548.487,206.328,217.024,91.187,28.341,1.548,1750.911,766.928
Indonesia,IDN,2017,267346654,2962852274581,570.928,2.136,567.488,221.093,231.028,84.339,30.082,1.587,1725.163,806.308
Indonesia,IDN,2018,269951847,3116158974437,607.378,2.25,606.842,262.222,225.517,84.148,31.545,1.653,1813.221,873.766
Indonesia,IDN,2019,272489381,3272568062078,665.049,2.441,664.21,315.401,226.218,87.91,31.737,1.793,2113.899,948.461
Indonesia,IDN,2020,274814861,3204972631957,623.304,2.268,629.83,300.518,208.254,81.216,29.791,1.773,1725.431,891.273
Indonesia,IDN,2021,276758056,3323654666991,632.946,2.287,627.494,303.154,211.766,83.759,31.118,1.717,1763.947,901.885
Indonesia,IDN,2022,278830527,3500093638879,758.021,2.719,709.227,404.573,237.398,84.01,28.877,2.02,1812.192,1060.769
Indonesia,IDN,2023,281190068,,762.358,2.711,728.167,399.051,237.222,91.636,30.868,2.001,1940.847,1093.872
Indonesia,IDN,2024,283487933,,812.22,2.865,,436.117,243.183,99.701,30.018,2.104,1902.535,1142.432
Iran,IRN,1990,58380098,318478243281,211.075,3.616,203.075,2.693,139.287,40.015,7.261,0.929,370.772,296.841
Iran,IRN,1991,59986931,376283104666,223.042,3.718,213.936,3.843,139.787,49.617,7.481,0.961,407.428,331.153
Iran,IRN,1992,61184982,424984709524,228.194,3.73,219.446,3.385,142.941,52.647,7.485,1.013,409.513,342.455
Iran,IRN,1993,61403548,419990120256,236.993,3.86,212.87,4.133,146.528,60.69,7.945,1.042,409.287,352.405
Iran,IRN,1994,61520598,419488447798,264.822,4.305,233.239,4.173,157.266,73.287,8.274,1.153,432.499,384.56
Iran,IRN,1995,62205571,437566117340,270.875,4.355,247.918,3.909,156.607,81.575,8.591,1.152,419.321,385.003
Iran,IRN,1996,62881298,483475486274,276.62,4.399,264.593,4.089,160.791,81.246,8.775,1.141,445.12,397.275
Iran,IRN,1997,63639637,512736336735,269.263,4.231,249.53,4.195,143.211,90.915,9.471,1.104,425.313,389.341
Iran,IRN,1998,64519866,541099749969,305.642,4.737,289.697,4.884,174.87,98.652,9.989,1.258,425.398,409.922
Iran,IRN,1999,65445389,563869043718,374.452,5.722,305.04,4.976,227.718,114.287,10.956,1.508,523.3,476.359
Iran,IRN,2000,66418661,595554549032,367.213,5.529,288.839,5.328,210.118,120.448,12.029,1.439,525.648,480.673
Iran,IRN,2001,67452005,636570203280,389.912,5.781,312.633,4.14,227.456,127.655,13.673,1.518,539.502,494.026
Iran,IRN,2002,68011318,698059655739,397.031,5.838,301.327,4.664,217.927,143.816,14.068,1.512,547.39,501.602
Iran,IRN,2003,68769343,779969698412,410.967,5.976,360.435,5.188,210.79,158.468,14.639,1.486,588.296,539.626
Iran,IRN,2004,70256316,849441950372,442.119,6.293,385.008,4.994,221.765,178.9,15.761,1.545,619.578,567.238
Iran,IRN,2005,71828455,908856025194,466.795,6.499,396.142,6.086,222.5,200.161,16.125,1.577,655.284,599.804
Iran,IRN,2006,73392747,995245162302,501.015,6.826,424.501,5.983,233.362,221.538,17.253,1.638,667.689,641.323
Iran,IRN,2007,74602648,1098784519617,507.771,6.806,483.619,6.577,225.176,236.52,19.4,1.612,673.859,639.778
Iran,IRN,2008,75514201,1132365762681,528.528,6.999,508.574,5.859,233.937,246.875,21.606,1.649,689.711,662.203
Iran,IRN,2009,76457831,1208128386676,543.406,7.107,515.369,4.397,232.909,261.064,24.561,1.724,705.623,679.02
Iran,IRN,2010,77420851,1310507059384,561.496,7.253,476.506,5.452,227.529,277.22,30.104,1.685,728.128,702.986
Iran,IRN,2011,78383602,1345049307937,576.366,7.353,482.92,5.529,223.696,293.265,32.915,1.672,738.667,718.524
Iran,IRN,2012,79370583,1324570752684,599.278,7.55,555.933,4.283,247.166,292.274,34.824,1.714,745.122,724.337
Iran,IRN,2013,80414689,1287095594893,609.997,7.586,485.961,4.269,253.336,294.934,36.718,1.729,759.054,735.494
Iran,IRN,2014,81502045,1352737013920,644.228,7.904,526.643,3.664,247.804,335.007,34.968,1.816,788.149,774.006
Iran,IRN,2015,82619365,1331012211481,641.959,7.77,587.36,4.349,227.053,356.769,31.23,1.813,789.154,772.287
Iran,IRN,2016,83812230,1413723685657,644.68,7.692,531.528,3.455,200.122,380.7,30.618,1.822,820.474,803.326
Iran,IRN,2017,85026761,1486668357750,696.407,8.19,567.828,4.716,229.061,399.502,29.908,1.936,875.417,861.048
Iran,IRN,2018,86117999,1483607175221,664.523,7.716,526.22,4.463,206.507,390.843,30.272,1.809,876.975,821.77
Iran,IRN,2019,87051649,1438754460224,727.269,8.354,614.706,5.785,230.904,429.312,35.303,1.961,904.402,858.019
Iran,IRN,2020,87723448,1446203709942,745.596,8.499,651.961,6.504,210.025,465.334,38.808,2.121,913.564,871.182
Iran,IRN,2021,88455490,1525523070071,779.525,8.813,662.629,7.28,229.484,472.847,37.419,2.114,958.626,917.893
Iran,IRN,2022,89524247,1572209055082,767.178,8.57,632.267,7.46,208.079,480.627,38.638,2.044,957.931,911.062
Iran,IRN,2023,90608708,,789.676,8.715,668.58,6.263,211.025,495.046,38.95,2.073,1001.214,949.404
Iran,IRN,2024,91567737,,792.631,8.656,,6.398,213.729,492.658,36.956,2.054,1012.216,955.17
Iraq,IRQ,1990,17581208,71051759191,49.683,2.826,,0.004,33.21,3.69,4.799,0.219,160.122,144.933
Iraq,IRQ,1991,17767257,26538332738,45.505,2.561,,0.004,39.487,3.528,2.391,0.196,73.702,64.993
Iraq,IRQ,1992,18300849,36550621836,59.02,3.225,,0.0,53.597,4.356,0.953,0.262,98.799,84.467
Iraq,IRQ,1993,19201195,39244447591,63.263,3.295,,0.0,57.323,4.895,0.949,0.278,99.681,92.701
Iraq,IRQ,1994,20139818,39993906175,76.573,3.802,,0.0,64.098,6.086,0.946,0.333,112.978,108.255
Iraq,IRQ,1995,20825859,39049963235,79.841,3.834,,0.0,67.055,6.086,0.993,0.34,117.357,113.038
Iraq,IRQ,1996,21501321,47130675910,74.823,3.48,,0.0,62.328,6.221,0.751,0.309,106.7,106.83
Iraq,IRQ,1997,22176604,48594367863,76.296,3.44,,0.0,60.592,5.855,0.795,0.313,127.794,126.267
Iraq,IRQ,1998,22884402,59869187777,80.984,3.539,,0.0,64.263,5.514,0.932,0.333,139.935,139.185
Iraq,IRQ,1999,23636530,69697267568,82.416,3.487,,0.0,61.962,5.943,2.322,0.332,151.985,149.894
Iraq,IRQ,2000,24424060,83019213791,83.722,3.428,,0.0,61.68,5.888,2.775,0.328,158.757,156.281
Iraq,IRQ,2001,25197842,97219510326,96.802,3.842,,0.0,75.295,5.159,2.743,0.377,179.613,170.863
Iraq,IRQ,2002,26006558,112141846978,97.09,3.733,,0.0,77.658,4.298,3.088,0.37,170.983,163.531
Iraq,IRQ,2003,26802660,94480598969,101.424,3.784,,0.0,85.254,2.917,0.849,0.367,168.651,165.12
Iraq,IRQ,2004,27577876,155937247290,113.016,4.098,,0.0,95.488,1.869,1.103,0.395,195.077,187.963
Iraq,IRQ,2005,28407450,170895694120,114.282,4.023,,0.0,87.09,12.439,1.307,0.386,194.744,184.605
Iraq,IRQ,2006,28616518,190082841273,98.838,3.454,,0.0,71.602,11.959,1.509,0.323,182.061,171.07
Iraq,IRQ,2007,28391606,200529416438,61.361,2.161,,0.0,34.661,12.029,1.905,0.195,130.726,130.218
Iraq,IRQ,2008,28971042,231588128927,94.335,3.256,,0.0,62.786,15.25,2.707,0.294,165.949,167.519
Iraq,IRQ,2009,30058207,259745648872,105.211,3.5,,0.0,70.199,16.701,2.913,0.334,195.631,186.678
Iraq,IRQ,2010,31045367,297507194079,113.983,3.672,,0.0,78.472,14.817,3.315,0.342,217.205,203.985
Iraq,IRQ,2011,32161425,344220720679,123.526,3.841,,0.0,84.862,13.909,4.127,0.358,232.51,221.984
Iraq,IRQ,2012,33654843,392191319237,134.04,3.983,,0.0,92.913,13.153,4.096,0.383,259.719,244.604
Iraq,IRQ,2013,35281987,422107689937,141.704,4.016,,0.0,98.726,13.058,4.831,0.402,272.842,252.944
Iraq,IRQ,2014,36550058,425222855485,137.513,3.762,,0.0,94.733,12.633,3.635,0.388,269.918,254.634
Iraq,IRQ,2015,37560535,436010743372,142.53,3.795,,0.0,94.841,12.986,4.039,0.403,282.667,272.182
Iraq,IRQ,2016,38469628,502280002568,153.132,3.981,,0.0,97.272,17.613,5.251,0.433,324.409,314.189
Iraq,IRQ,2017,39337358,485207548291,167.472,4.257,,0.0,105.655,22.618,5.654,0.466,340.57,330.658
Iraq,IRQ,2018,40265629,508026800522,186.156,4.623,,0.0,114.291,28.77,9.693,0.507,361.895,353.026
Iraq,IRQ,2019,41192172,537548265143,191.778,4.656,,0.0,114.2,32.994,10.905,0.517,374.476,363.911
Iraq,IRQ,2020,42116602,453147782672,172.098,4.086,,0.0,93.022,35.105,11.309,0.489,332.8,322.68
Iraq,IRQ,2021,43071208,487935979007,193.115,4.484,,0.0,111.631,36.134,11.713,0.524,352.961,343.403
Iraq,IRQ,2022,44070556,527639326800,217.644,4.939,,0.006,134.835,36.059,13.086,0.58,391.084,382.186
Iraq,IRQ,2023,45074055,,227.91,5.056,,0.006,143.799,37.762,13.086,0.598,396.213,387.15
Iraq,IRQ,2024,46042015,,233.635,5.074,,0.006,147.533,38.828,13.086,0.605,398.127,389.444
Ireland,IRL,1990,3514015,66087470680,32.945,9.375,37.663,14.659,12.305,4.414,0.884,0.145,59.833,37.4
Ireland,IRL,1991,3534258,67931954747,33.675,9.528,38.235,14.367,13.358,4.547,0.782,0.145,60.496,37.933
Ireland,IRL,1992,3558417,71260987727,33.496,9.413,38.053,13.765,13.929,4.517,0.753,0.149,60.822,37.764
Ireland,IRL,1993,3576118,73767381672,33.717,9.428,37.321,13.196,13.895,5.221,0.729,0.148,61.36,38.043
Ireland,IRL,1994,3590162,78958775461,34.839,9.704,38.351,12.557,15.681,5.152,0.859,0.152,62.903,39.21
Ireland,IRL,1995,3610695,87444502170,35.853,9.93,39.079,12.668,15.981,5.527,0.879,0.152,63.859,40.287
Ireland,IRL,1996,3638507,96380321753,37.469,10.298,40.518,13.074,16.437,6.178,0.983,0.155,66.669,42.011
Ireland,IRL,1997,3672287,108003078862,38.805,10.567,44.17,12.21,18.112,6.592,1.145,0.159,68.312,43.045
Ireland,IRL,1998,3711075,118588811316,40.708,10.969,48.886,11.893,20.436,6.721,1.059,0.168,71.791,44.685
Ireland,IRL,1999,3752938,132916954385,42.44,11.309,59.143,10.289,23.114,7.19,1.166,0.171,77.852,48.925
Ireland,IRL,2000,3802589,147722370991,45.25,11.9,54.079,11.107,23.581,8.209,1.701,0.177,81.603,52.278
Ireland,IRL,2001,3862981,158384851025,47.608,12.324,56.05,11.659,24.759,8.601,1.851,0.185,85.589,54.955
Ireland,IRL,2002,3928441,169226186783,46.081,11.73,56.568,11.315,23.688,8.633,1.86,0.175,83.091,53.047
Ireland,IRL,2003,3992935,177468844871,45.684,11.441,64.803,10.843,23.119,8.84,2.127,0.165,81.77,52.937
Ireland,IRL,2004,4066066,191402766075,46.167,11.354,64.106,10.207,24.312,8.756,2.295,0.161,80.752,51.733
Ireland,IRL,2005,4155283,204898243531,48.153,11.588,69.553,11.16,25.645,8.4,2.357,0.163,81.828,53.424
Ireland,IRL,2006,4268775,219162994472,47.597,11.15,70.644,10.021,25.228,9.429,2.348,0.156,80.521,53.095
Ireland,IRL,2007,4393518,230371638354,47.658,10.847,70.415,9.671,24.739,10.208,2.374,0.151,92.831,51.988
Ireland,IRL,2008,4485992,223067117042,47.361,10.558,63.994,9.644,24.314,10.771,2.107,0.148,83.81,51.298
Ireland,IRL,2009,4533750,215181048184,42.177,9.303,49.956,8.605,21.329,10.382,1.327,0.134,76.519,45.546
Ireland,IRL,2010,4559084,221852442105,41.791,9.167,47.321,8.427,20.211,11.365,1.105,0.125,73.671,45.11
Ireland,IRL,2011,4579603,224397469453,38.054,8.31,45.224,8.311,18.322,9.85,0.966,0.11,69.548,41.451
Ireland,IRL,2012,4600135,217871560184,38.224,8.309,45.261,9.622,17.41,9.523,1.177,0.109,69.01,41.273
Ireland,IRL,2013,4624686,222738952818,37.279,8.061,44.009,8.739,17.611,9.067,1.112,0.106,67.193,40.338
Ireland,IRL,2014,4658236,236178350686,36.85,7.911,44.721,8.647,17.324,8.796,1.461,0.104,66.163,40.038
Ireland,IRL,2015,4702497,249955928768,38.715,8.233,43.8,9.351,18.202,8.888,1.652,0.109,69.975,42.038
Ireland,IRL,2016,4753506,255118282428,40.369,8.492,44.883,9.205,18.822,9.913,1.794,0.114,73.184,44.08
Ireland,IRL,2017,4810258,266528546717,39.04,8.116,45.657,7.87,18.614,10.152,1.84,0.109,71.981,42.593
Ireland,IRL,2018,4872559,282500483309,38.922,7.988,46.324,6.354,19.388,10.6,1.916,0.106,69.35,42.242
Ireland,IRL,2019,4933493,294503693886,37.2,7.54,46.228,4.543,19.382,10.841,1.893,0.1,66.762,40.368
Ireland,IRL,2020,4982602,274762344680,35.053,7.035,39.791,3.757,18.003,10.954,1.77,0.1,62.909,37.986
Ireland,IRL,2021,5028428,287639621097,37.474,7.452,42.001,4.929,19.215,10.44,2.103,0.102,66.257,40.211
Ireland,IRL,2022,5110015,308390920561,36.676,7.177,42.913,4.036,19.15,10.76,1.957,0.098,64.07,39.378
Ireland,IRL,2023,5196629,,33.568,6.46,40.834,2.685,18.458,9.996,1.835,0.088,60.524,36.106
Ireland,IRL,2024,5255016,,33.311,6.339,,1.947,18.655,10.28,1.835,0.086,60.206,35.679
Israel,ISR,1990,4544995,93268265028,35.824,7.882,54.53,9.95,24.821,0.066,0.987,0.158,41.921,40.639
Israel,ISR,1991,4779892,97235343963,36.148,7.563,54.702,10.861,24.046,0.048,1.194,0.156,42.481,41.141
Israel,ISR,1992,4957240,103860017405,42.082,8.489,63.005,13.37,27.363,0.048,1.302,0.187,48.493,47.256
Israel,ISR,1993,5086041,107424032339,44.235,8.697,62.695,15.112,27.618,0.048,1.457,0.194,50.928,49.617
Israel,ISR,1994,5216697,114572102371,47.475,9.101,65.791,16.017,29.908,0.044,1.506,0.207,54.72,53.107
Israel,ISR,1995,5354734,125219738356,49.866,9.312,70.051,17.551,30.371,0.044,1.9,0.212,57.141,55.716
Israel,ISR,1996,5499555,131748252991,51.936,9.444,69.715,20.907,29.327,0.029,1.673,0.214,59.531,57.968
Israel,ISR,1997,5646476,136529502967,54.866,9.717,72.066,23.047,30.07,0.029,1.719,0.225,62.687,61.15
Israel,ISR,1998,5790143,141524295423,56.01,9.673,74.391,24.791,29.008,0.022,2.189,0.231,63.945,62.433
Israel,ISR,1999,5946079,146070391087,54.756,9.209,67.64,24.208,28.257,0.018,2.273,0.22,62.934,61.335
Israel,ISR,2000,6111194,158656383479,59.519,9.739,72.002,28.202,29.147,0.018,2.152,0.233,67.736,66.134
Israel,ISR,2001,6259977,158567053954,63.024,10.068,71.873,30.583,30.602,0.018,1.82,0.245,71.595,69.68
Israel,ISR,2002,6387714,158018046039,59.305,9.284,69.937,29.259,28.211,0.015,1.821,0.226,67.921,66.119
Israel,ISR,2003,6502821,159162904545,62.415,9.598,77.082,29.726,30.789,0.015,1.885,0.226,70.746,69.339
Israel,ISR,2004,6615084,166466423998,58.679,8.871,74.801,30.043,24.511,2.18,1.946,0.205,67.094,65.734
Israel,ISR,2005,6728212,172697410123,56.528,8.402,72.662,27.824,23.541,3.004,2.158,0.191,64.675,63.357
Israel,ISR,2006,6844029,181910800706,62.149,9.081,80.781,29.922,25.708,4.254,2.265,0.203,70.818,69.166
Israel,ISR,2007,6962456,192596811708,62.8,9.02,82.222,30.307,25.133,5.09,2.271,0.199,71.646,70.076
Israel,ISR,2008,7082621,197785749719,67.98,9.598,90.319,29.587,29.206,7.017,2.171,0.212,76.662,74.935
Israel,ISR,2009,7206096,199771084186,63.861,8.862,78.573,27.088,27.136,7.823,1.815,0.203,72.303,70.922
Israel,ISR,2010,7336735,210327630432,68.287,9.308,85.926,28.07,28.114,10.08,2.023,0.205,77.147,75.604
Israel,ISR,2011,7471023,220210380263,68.595,9.181,88.864,29.001,28.0,9.343,2.251,0.199,77.985,76.074
Israel,ISR,2012,7607781,225909436249,74.781,9.83,94.558,32.571,35.143,4.814,2.252,0.214,84.185,82.489
Israel,ISR,2013,7749369,235885601546,63.095,8.142,84.557,26.716,22.916,11.293,2.17,0.179,73.06,70.852
Israel,ISR,2014,7897173,245129958334,60.279,7.633,86.451,25.304,20.211,12.472,2.292,0.17,70.029,68.161
Israel,ISR,2015,8052916,251223879854,62.936,7.815,85.033,25.087,21.83,13.784,2.233,0.178,72.742,70.945
Israel,ISR,2016,8210006,262584215516,61.164,7.45,87.819,20.836,22.657,15.688,1.983,0.173,73.545,69.34
Israel,ISR,2017,8361796,273812314306,58.849,7.038,84.488,18.833,21.339,16.69,1.982,0.164,70.338,67.189
Israel,ISR,2018,8510067,284956472967,59.986,7.049,90.581,18.129,22.409,17.671,1.775,0.163,71.058,68.453
Israel,ISR,2019,8657466,296799271432,58.95,6.809,88.423,18.011,21.514,17.619,1.806,0.159,69.835,67.601
Israel,ISR,2020,8800380,291287719910,59.285,6.737,84.528,17.096,18.298,22.171,1.72,0.169,70.125,68.105
Israel,ISR,2021,8942925,316373426613,58.95,6.592,90.444,14.334,19.856,23.088,1.67,0.16,69.967,67.978
Israel,ISR,2022,9103143,336722563455,62.267,6.84,94.736,14.535,22.006,23.893,1.816,0.166,73.431,71.515
Israel,ISR,2023,9256311,,55.382,5.983,88.32,11.508,21.324,20.667,1.838,0.145,66.694,64.801
Israel,ISR,2024,9387015,,52.637,5.607,,10.063,20.254,20.423,1.838,0.136,64.151,62.259
Italy,ITA,1990,57031457,1475485283347,438.208,7.684,559.235,69.58,254.311,88.992,15.846,1.928,501.328,483.286
Italy,ITA,1991,57075394,1509175668697,437.742,7.67,558.635,65.966,251.763,94.755,15.692,1.886,496.048,483.181
Italy,ITA,1992,57124993,1531924051790,437.937,7.666,618.21,58.065,259.383,94.458,16.427,1.945,490.734,481.627
Italy,ITA,1993,57170762,1529550155063,430.268,7.526,558.418,52.079,257.502,96.872,14.065,1.891,481.506,474.204
Italy,ITA,1994,57420136,1573414707872,424.507,7.393,540.591,54.772,253.722,92.794,13.791,1.848,474.456,469.195
Italy,ITA,1995,57403342,1630199200435,448.596,7.815,559.674,58.417,262.51,102.913,15.31,1.908,504.521,494.97
Italy,ITA,1996,57162098,1662793011167,442.843,7.747,531.371,53.524,260.195,106.19,13.988,1.827,498.726,489.095
Italy,ITA,1997,57189272,1705188033729,448.571,7.844,529.736,54.146,261.104,109.923,14.233,1.84,514.474,496.124
Italy,ITA,1998,57215190,1744897501196,460.824,8.054,550.959,54.867,263.89,118.555,14.538,1.897,537.794,508.104
Italy,ITA,1999,57240796,1784529161518,465.508,8.132,559.431,53.94,259.063,129.051,15.277,1.874,536.27,512.735
Italy,ITA,2000,57272200,1863751547560,469.598,8.199,576.934,56.032,254.488,134.813,15.862,1.841,538.479,518.23
Italy,ITA,2001,57305760,1910272015654,469.679,8.196,562.743,59.024,250.667,135.107,16.394,1.828,530.13,518.027
Italy,ITA,2002,57420636,1929301903714,477.136,8.309,580.578,60.016,256.631,135.865,16.289,1.817,534.504,525.159
Italy,ITA,2003,57739697,1947667703883,495.094,8.575,591.598,65.126,254.877,149.024,16.938,1.79,555.486,542.813
Italy,ITA,2004,58176736,1994293720592,500.687,8.606,606.671,72.217,247.736,154.662,17.408,1.75,556.622,545.389
Italy,ITA,2005,58519696,2029243417217,501.365,8.567,605.542,71.265,238.292,165.66,17.403,1.694,554.302,546.583
Italy,ITA,2006,58754434,2086553648584,496.075,8.443,623.838,70.787,236.455,162.585,17.474,1.621,540.84,535.466
Italy,ITA,2007,59108723,2134371774096,489.794,8.286,614.805,70.675,229.031,163.512,17.914,1.555,550.905,528.904
Italy,ITA,2008,59561687,2129113318512,478.132,8.028,601.006,68.139,218.498,167.142,16.127,1.492,528.453,515.458
Italy,ITA,2009,59904016,2029023036275,424.032,7.079,578.16,52.388,197.832,154.034,13.341,1.346,479.793,460.419
Italy,ITA,2010,60164212,2080545936781,435.672,7.241,624.455,58.218,193.166,164.347,13.276,1.308,484.362,471.655
Italy,ITA,2011,60367882,2110883320816,423.897,7.022,571.34,65.439,185.899,153.0,12.583,1.229,476.084,457.115
Italy,ITA,2012,60531522,2047959835066,403.444,6.665,536.078,66.959,172.224,147.714,10.071,1.154,444.475,437.095
Italy,ITA,2013,60653864,2010255414011,369.461,6.091,488.684,57.782,158.74,137.701,8.877,1.047,412.456,402.269
Italy,ITA,2014,60664169,2010164047423,349.389,5.759,469.051,55.837,157.626,121.589,8.339,0.985,389.072,380.491
Italy,ITA,2015,60575314,2025809415322,361.244,5.964,460.771,53.063,161.426,132.757,8.196,1.02,403.895,391.351
Italy,ITA,2016,60478103,2052012434345,358.133,5.922,463.937,48.302,156.02,140.795,7.68,1.012,402.127,386.821
Italy,ITA,2017,60390317,2086237040647,352.666,5.84,459.737,41.798,148.755,148.761,7.711,0.98,394.953,382.476
Italy,ITA,2018,60277496,2105551772855,349.048,5.791,466.81,39.213,152.744,143.675,7.757,0.95,408.848,377.698
Italy,ITA,2019,60130136,2115725732767,339.638,5.648,450.51,30.48,148.491,146.775,7.912,0.916,394.137,367.492
Italy,ITA,2020,59912763,1925751927111,302.6,5.051,402.237,22.119,127.568,140.818,7.059,0.861,351.307,328.9
Italy,ITA,2021,59729353,2060299944789,335.93,5.624,451.809,24.57,145.904,152.325,7.919,0.911,398.232,362.34
Italy,ITA,2022,59619106,2136009300257,340.115,5.705,461.801,31.341,159.145,137.55,7.093,0.906,398.012,365.54
Italy,ITA,2023,59499452,,312.291,5.249,429.008,21.669,154.654,124.461,6.746,0.82,367.675,336.718
Italy,ITA,2024,59342870,,301.93,5.088,,11.294,154.362,124.767,6.746,0.782,355.972,325.695
Jamaica,JAM,1990,2379880,14169709989,7.527,3.163,9.132,0.139,7.167,,0.221,0.033,10.73,8.052
Jamaica,JAM,1991,2400873,14561139268,7.751,3.228,8.712,0.136,7.423,,0.192,0.033,11.688,8.281
Jamaica,JAM,1992,2424698,15185307675,7.709,3.179,8.261,0.176,7.295,,0.238,0.034,16.289,8.248
Jamaica,JAM,1993,2449913,15692820704,8.001,3.266,9.031,0.147,7.628,,0.226,0.035,12.703,8.545
Jamaica,JAM,1994,2475225,16160332925,8.189,3.308,8.878,0.139,7.826,,0.223,0.036,12.781,8.734
Jamaica,JAM,1995,2500152,16727506200,9.173,3.669,9.934,0.147,8.764,,0.263,0.039,12.272,9.743
Jamaica,JAM,1996,2524470,16930975718,9.688,3.837,6.677,0.169,9.248,,0.271,0.04,13.903,10.273
Jamaica,JAM,1997,2547853,16827001355,10.068,3.952,7.225,0.179,9.651,,0.238,0.041,12.993,10.668
Jamaica,JAM,1998,2569740,16799001649,9.694,3.772,7.11,0.187,9.244,,0.263,0.04,13.013,10.305
Jamaica,JAM,1999,2589796,17139281457,9.958,3.845,6.274,0.191,9.526,,0.241,0.04,24.446,10.589
Jamaica,JAM,2000,2607827,17441468822,10.314,3.955,6.559,0.191,9.849,,0.275,0.04,17.195,10.923
Jamaica,JAM,2001,2624410,17823908809,10.576,4.03,7.149,0.139,10.171,,0.266,0.041,15.409,11.186
Jamaica,JAM,2002,2640582,18032751164,10.203,3.864,7.133,0.234,9.691,,0.277,0.039,15.768,10.826
Jamaica,JAM,2003,2656629,18718066744,10.667,4.015,7.59,0.227,10.127,,0.313,0.039,14.972,11.295
Jamaica,JAM,2004,2672227,18987080266,10.574,3.957,7.122,0.176,10.083,,0.315,0.037,15.194,11.213
Jamaica,JAM,2005,2687070,19174940176,10.413,3.875,7.266,0.154,9.977,,0.282,0.035,13.726,11.041
Jamaica,JAM,2006,2700973,19747242374,11.574,4.285,7.794,0.073,11.186,,0.314,0.038,20.323,12.24
Jamaica,JAM,2007,2713808,20046356418,10.749,3.961,7.582,0.095,10.384,,0.27,0.034,20.9,11.426
Jamaica,JAM,2008,2725633,19893168382,10.776,3.954,7.235,0.128,10.347,,0.301,0.034,19.767,11.404
Jamaica,JAM,2009,2737001,19223460566,7.937,2.9,5.977,0.136,7.416,,0.386,0.025,11.236,8.55
Jamaica,JAM,2010,2748573,18949004011,7.677,2.793,5.968,0.114,7.236,,0.327,0.023,10.43,8.25
Jamaica,JAM,2011,2760493,19220287418,8.226,2.98,6.254,0.187,7.713,,0.327,0.024,11.593,8.821
Jamaica,JAM,2012,2772432,19123987392,7.887,2.845,5.97,0.172,7.376,,0.339,0.023,10.392,8.476
Jamaica,JAM,2013,2783689,19166827044,8.467,3.042,6.204,0.209,7.896,,0.362,0.024,10.607,9.051
Jamaica,JAM,2014,2793756,19277035737,7.675,2.747,6.019,0.245,7.017,,0.413,0.022,9.109,8.26
Jamaica,JAM,2015,2802536,19444553127,7.966,2.843,6.237,0.238,7.31,,0.418,0.023,9.109,8.549
Jamaica,JAM,2016,2809919,19735837824,8.134,2.895,7.164,0.227,7.493,0.018,0.396,0.023,9.236,8.717
Jamaica,JAM,2017,2815765,19869841700,7.768,2.759,6.59,0.191,7.017,0.202,0.36,0.022,9.327,8.353
Jamaica,JAM,2018,2820103,20232863013,8.061,2.858,8.289,0.202,7.353,0.187,0.319,0.022,8.741,8.662
Jamaica,JAM,2019,2823275,20429119874,9.439,3.343,9.113,0.275,8.266,0.564,0.334,0.025,9.979,10.006
Jamaica,JAM,2020,2830745,18402554628,6.866,2.425,7.902,0.275,4.827,1.384,0.38,0.02,7.466,7.386
Jamaica,JAM,2021,2837680,19249256856,7.313,2.577,8.211,0.275,5.207,1.429,0.402,0.02,7.793,7.847
Jamaica,JAM,2022,2839150,20019224153,7.908,2.785,8.439,0.22,6.128,1.166,0.393,0.021,8.407,8.44
Jamaica,JAM,2023,2839785,,8.069,2.841,8.334,0.227,6.116,1.331,0.395,0.021,8.685,8.608
Jamaica,JAM,2024,2839182,,8.402,2.959,,0.236,6.351,1.458,0.358,0.022,9.092,8.927
Japan,JPN,1990,123399767,3699821545804,1154.853,9.359,1362.451,311.242,668.244,118.288,38.701,5.08,1228.267,1210.105
Japan,JPN,1991,123889870,3824677506935,1166.552,9.416,1383.195,311.216,670.611,126.442,40.347,5.027,1236.136,1222.495
Japan,JPN,1992,124383707,3856515730401,1175.454,9.45,1500.041,305.863,683.298,127.887,41.666,5.22,1246.271,1232.246
Japan,JPN,1993,124839955,3860865231367,1169.328,9.367,1458.922,311.471,669.613,130.679,41.224,5.14,1240.835,1225.782
Japan,JPN,1994,125286861,3893220587047,1223.158,9.763,1526.851,319.196,708.422,137.127,42.297,5.324,1296.694,1282.095
Japan,JPN,1995,125672659,3997430939864,1235.873,9.834,1559.953,328.968,706.1,142.071,42.142,5.255,1306.026,1294.842
Japan,JPN,1996,125975304,4118875121023,1248.69,9.912,1546.862,337.797,703.974,147.814,42.56,5.153,1323.474,1309.653
Japan,JPN,1997,126265926,4160709430865,1240.98,9.828,1516.779,343.384,688.639,152.482,39.926,5.09,1306.708,1299.681
Japan,JPN,1998,126549182,4111245191910,1201.334,9.493,1425.914,321.286,673.057,155.8,35.363,4.945,1268.279,1258.886
Japan,JPN,1999,126801566,4098283065888,1238.121,9.764,1499.781,339.156,682.654,165.305,35.01,4.985,1297.199,1292.097
Japan,JPN,2000,127027794,4209651870326,1260.203,9.921,1582.84,365.732,672.759,170.07,35.086,4.94,1320.89,1304.856
Japan,JPN,2001,127260144,4224163277272,1245.935,9.79,1542.627,374.745,651.363,169.164,34.374,4.849,1296.37,1289.223
Japan,JPN,2002,127484599,4226576076119,1275.42,10.005,1531.391,392.048,662.164,173.01,32.417,4.856,1320.563,1317.143
Japan,JPN,2003,127671254,4288493482445,1283.845,10.056,1503.73,405.725,652.177,178.304,31.935,4.643,1327.355,1324.631
Japan,JPN,2004,127815769,4380398118363,1279.122,10.008,1506.695,413.614,640.898,177.22,31.276,4.471,1320.234,1319.165
Japan,JPN,2005,127913331,4450600710060,1286.412,10.057,1512.359,424.188,637.796,175.651,32.28,4.346,1329.97,1325.262
Japan,JPN,2006,127997247,4514225078439,1263.44,9.871,1484.567,421.175,601.046,192.295,31.991,4.13,1303.416,1301.247
Japan,JPN,2007,128087683,4590814009043,1298.974,10.141,1486.486,438.589,603.408,208.764,30.658,4.124,1341.75,1336.493
Japan,JPN,2008,128155992,4542408020234,1228.687,9.587,1466.518,420.311,559.258,204.133,28.553,3.834,1269.168,1262.861
Japan,JPN,2009,128192471,4298103109270,1160.253,9.051,1375.063,406.014,512.779,201.885,25.308,3.682,1193.447,1192.52
Japan,JPN,2010,128185273,4480295644398,1211.09,9.448,1421.625,440.141,517.853,212.989,24.321,3.635,1245.828,1243.836
Japan,JPN,2011,128096430,4468738319171,1261.181,9.846,1500.81,424.824,548.593,247.537,24.983,3.658,1303.186,1292.941
Japan,JPN,2012,127928283,4530172048567,1302.113,10.178,1541.195,444.259,560.109,256.681,25.625,3.725,1344.788,1333.089
Japan,JPN,2013,127723642,4621006950566,1311.876,10.271,1487.079,475.299,537.861,256.133,26.805,3.719,1351.01,1342.74
Japan,JPN,2014,127486601,4634693421103,1260.272,9.886,1404.072,466.617,493.206,258.215,26.557,3.553,1300.116,1289.655
Japan,JPN,2015,127275868,4707025000790,1219.982,9.585,1320.932,460.158,472.952,246.091,25.936,3.446,1259.684,1248.78
Japan,JPN,2016,127159950,4742508721138,1199.933,9.436,1322.811,451.654,456.462,251.202,25.969,3.39,1239.427,1228.313
Japan,JPN,2017,127064686,4821960242931,1184.392,9.321,1289.106,453.724,444.288,245.323,26.429,3.292,1228.575,1212.847
Japan,JPN,2018,126913432,4852985093686,1138.55,8.971,1274.277,436.723,427.785,233.524,26.183,3.099,1183.457,1166.403
Japan,JPN,2019,126699421,4833467877373,1102.063,8.698,1245.681,427.648,411.853,223.805,25.328,2.972,1142.432,1129.188
Japan,JPN,2020,126304533,4626661481209,1037.285,8.213,1183.779,395.042,383.172,222.213,24.49,2.95,1080.603,1063.333
Japan,JPN,2021,125679342,4725883595048,1058.502,8.422,1219.826,421.464,387.738,211.747,24.396,2.871,1105.302,1084.914
Japan,JPN,2022,124997585,4774494846664,1029.645,8.237,1201.469,403.623,388.925,202.025,22.479,2.744,1077.863,1055.174
Japan,JPN,2023,124370947,,986.91,7.935,1142.299,386.839,370.823,196.44,20.756,2.591,1031.841,1011.556
Japan,JPN,2024,123753041,,961.867,7.772,,380.972,353.593,195.299,20.304,2.492,1007.159,986.177
Jordan,JOR,1990,3621915,19715854104,10.59,2.924,18.178,,9.486,0.231,0.873,0.047,11.578,12.23
Jordan,JOR,1991,3915152,21426578689,9.991,2.552,15.534,,9.116,0.224,0.652,0.043,14.855,11.756
Jordan,JOR,1992,4127699,24977190661,12.189,2.953,18.177,,10.45,0.245,1.493,0.054,15.761,14.059
Jordan,JOR,1993,4348018,25755431445,12.008,2.762,17.602,,10.051,0.289,1.668,0.053,15.337,13.975
Jordan,JOR,1994,4561409,26713865287,13.521,2.964,19.315,,11.15,0.48,1.892,0.059,17.197,15.601
Jordan,JOR,1995,4752097,28214801077,13.451,2.831,19.961,,11.366,0.432,1.653,0.057,16.446,15.645
Jordan,JOR,1996,4912518,29005289260,14.074,2.865,15.645,,12.007,0.418,1.649,0.058,17.146,16.328
Jordan,JOR,1997,5046287,30403319446,14.308,2.835,19.248,,12.326,0.462,1.521,0.059,17.295,16.622
Jordan,JOR,1998,5164290,31929861575,14.447,2.798,17.961,,12.743,0.469,1.235,0.059,17.561,16.892
Jordan,JOR,1999,5276450,33702407072,14.467,2.742,15.242,,12.754,0.465,1.248,0.058,17.668,16.954
Jordan,JOR,2000,5386945,35825242090,15.401,2.859,17.419,,13.736,0.443,1.221,0.06,18.502,17.804
Jordan,JOR,2001,5498900,38405924481,15.858,2.884,19.695,,13.935,0.473,1.451,0.062,19.178,18.394
Jordan,JOR,2002,5616077,41327374100,16.707,2.975,21.457,,14.671,0.429,1.608,0.064,20.157,19.387
Jordan,JOR,2003,5741837,43669159351,17.273,3.008,21.824,,15.217,0.487,1.569,0.062,21.466,20.079
Jordan,JOR,2004,5882066,47936969925,19.003,3.231,23.307,,14.542,2.737,1.724,0.066,22.88,21.955
Jordan,JOR,2005,6029597,52217618202,20.79,3.448,25.509,,15.861,3.166,1.763,0.07,24.978,23.901
Jordan,JOR,2006,6427377,59977821392,20.829,3.241,25.562,,14.534,4.584,1.711,0.068,24.524,24.086
Jordan,JOR,2007,6827235,68285595085,21.7,3.178,26.983,,14.392,5.507,1.801,0.069,26.099,25.124
Jordan,JOR,2008,6989874,72788636146,20.987,3.003,29.828,0.0,12.916,6.236,1.836,0.065,26.637,24.708
Jordan,JOR,2009,7141763,76172493182,21.545,3.017,31.505,0.0,12.872,7.061,1.613,0.068,26.535,25.318
Jordan,JOR,2010,7297046,77493873619,20.838,2.856,28.819,0.0,13.973,5.237,1.628,0.063,26.155,24.795
Jordan,JOR,2011,7480431,79441955134,21.409,2.862,31.895,0.0,18.25,1.997,1.162,0.062,27.689,25.715
Jordan,JOR,2012,7587133,81371594307,24.069,3.172,35.404,0.0,20.896,1.51,1.663,0.069,30.475,28.638
Jordan,JOR,2013,7991812,83495396478,24.061,3.011,37.514,0.835,19.661,1.869,1.691,0.068,30.515,28.692
Jordan,JOR,2014,8791715,86320876820,26.165,2.976,37.768,1.337,22.427,0.619,1.777,0.074,32.652,31.023
Jordan,JOR,2015,9544730,88475445240,25.799,2.703,37.431,0.66,19.317,4.005,1.818,0.073,32.617,30.865
Jordan,JOR,2016,10006369,90239641982,24.949,2.493,38.067,0.905,15.235,6.98,1.83,0.07,31.48,30.178
Jordan,JOR,2017,10234227,92472176531,26.08,2.548,34.209,0.74,15.418,8.031,1.89,0.072,32.97,31.442
Jordan,JOR,2018,10462310,94246709824,25.419,2.43,33.913,0.777,14.781,7.867,1.995,0.069,32.572,30.875
Jordan,JOR,2019,10671893,96062846478,24.57,2.302,32.663,0.791,14.517,7.859,1.401,0.066,31.511,30.134
Jordan,JOR,2020,10865232,94554674762,20.622,1.898,28.94,0.619,11.301,7.36,1.341,0.059,27.494,26.296
Jordan,JOR,2021,11066356,96661338596,21.19,1.915,30.642,0.641,11.908,7.137,1.502,0.057,28.781,27.009
Jordan,JOR,2022,11256269,99281825499,22.428,1.992,31.902,0.856,12.378,7.461,1.733,0.06,30.021,28.372
Jordan,JOR,2023,11439220,,23.119,2.021,31.817,1.439,12.518,7.389,1.733,0.061,30.832,29.198
Jordan,JOR,2024,11552885,,23.219,2.01,,1.7,12.583,7.201,1.733,0.06,31.035,29.425
Kazakhstan,KAZ,1990,17154060,194940979656,267.405,15.588,247.822,173.707,56.761,27.439,1.015,1.176,402.639,315.207
Kazakhstan,KAZ,1991,17278604,174429524072,260.421,15.072,184.633,171.461,53.557,26.347,0.804,1.122,393.218,305.627
Kazakhstan,KAZ,1992,17332624,166043944401,233.523,13.473,82.293,160.477,39.384,25.184,0.699,1.037,360.967,279.795
Kazakhstan,KAZ,1993,17274487,151572718863,207.559,12.015,131.428,143.687,33.155,23.493,0.353,0.912,317.677,248.862
Kazakhstan,KAZ,1994,17043775,133221794942,174.671,10.248,117.442,118.564,27.665,22.192,0.169,0.76,277.77,206.29
Kazakhstan,KAZ,1995,16730541,122950929776,168.468,10.069,107.773,116.131,28.627,17.668,0.098,0.716,212.665,194.384
Kazakhstan,KAZ,1996,16416036,124225924285,154.716,9.425,116.051,104.793,27.938,15.739,0.016,0.638,199.212,178.866
Kazakhstan,KAZ,1997,16043250,127005576762,147.293,9.181,109.445,96.058,29.702,14.864,0.047,0.604,185.835,170.479
Kazakhstan,KAZ,1998,15647789,125251820898,145.622,9.306,118.068,93.213,29.745,14.387,0.01,0.599,186.461,168.238
Kazakhstan,KAZ,1999,15455877,129322680226,118.762,7.684,98.484,81.796,19.181,9.787,0.007,0.478,113.11,138.903
Kazakhstan,KAZ,2000,15501108,142758090799,142.197,9.173,102.883,95.035,24.383,14.153,0.002,0.557,141.256,165.952
Kazakhstan,KAZ,2001,15575550,162896083567,138.036,8.862,116.971,93.208,23.404,11.193,0.158,0.537,124.536,162.491
Kazakhstan,KAZ,2002,15656680,179807015103,156.768,10.013,123.997,95.068,35.413,14.308,0.027,0.597,169.281,181.467
Kazakhstan,KAZ,2003,15747377,197584132991,175.022,11.114,130.947,106.206,39.271,16.178,0.001,0.633,194.207,201.863
Kazakhstan,KAZ,2004,15850164,217713169930,185.476,11.702,137.64,112.534,41.377,17.302,0.346,0.648,215.078,213.502
Kazakhstan,KAZ,2005,15968118,240059743236,198.449,12.428,150.527,113.324,51.563,18.119,0.355,0.67,233.922,226.931
Kazakhstan,KAZ,2006,16103718,267135182235,219.633,13.639,178.605,119.135,55.406,27.997,0.476,0.718,262.162,250.512
Kazakhstan,KAZ,2007,16257212,292456722644,225.712,13.884,189.25,129.58,55.398,24.003,0.597,0.717,267.572,257.624
Kazakhstan,KAZ,2008,16426527,303717015928,226.102,13.764,176.686,125.13,52.597,30.341,0.984,0.705,283.805,261.804
Kazakhstan,KAZ,2009,16619851,309012285175,223.189,13.429,182.247,136.013,39.463,29.936,0.933,0.708,294.949,258.084
Kazakhstan,KAZ,2010,16836808,333341740713,248.093,14.735,162.365,144.001,51.689,34.251,1.025,0.745,352.54,285.416
Kazakhstan,KAZ,2011,17065996,360244945296,238.157,13.955,150.766,141.541,39.43,38.671,1.066,0.691,330.523,276.293
Kazakhstan,KAZ,2012,17306115,378260779954,245.263,14.172,185.106,152.612,39.288,34.439,2.321,0.702,335.196,284.041
Kazakhstan,KAZ,2013,17556502,400574375261,253.533,14.441,200.697,150.9,49.463,30.729,3.031,0.719,338.583,292.19
Kazakhstan,KAZ,2014,17816285,417799078586,299.137,16.79,217.96,194.196,39.732,43.375,3.238,0.843,395.169,337.687
Kazakhstan,KAZ,2015,18084175,421977118608,303.052,16.758,250.095,186.754,40.8,52.621,3.457,0.856,389.158,335.215
Kazakhstan,KAZ,2016,18363600,425774884998,301.739,16.431,228.217,185.489,42.117,54.656,3.525,0.853,387.385,334.766
Kazakhstan,KAZ,2017,18651931,442384368842,317.72,17.034,239.393,191.064,44.115,62.691,3.819,0.883,414.069,354.082
Kazakhstan,KAZ,2018,18932725,460522121041,329.572,17.408,227.732,193.772,47.978,68.521,3.893,0.897,415.539,366.774
Kazakhstan,KAZ,2019,19209556,481245619523,296.04,15.411,211.25,180.217,47.921,50.328,3.802,0.798,386.202,332.354
Kazakhstan,KAZ,2020,19482116,468733212615,281.789,14.464,218.512,184.964,47.217,32.117,4.45,0.801,370.84,317.189
Kazakhstan,KAZ,2021,19743607,487951301251,244.904,12.404,191.333,138.533,62.447,24.665,3.841,0.664,333.08,281.463
Kazakhstan,KAZ,2022,20034612,503634062609,274.346,13.694,187.539,150.966,64.976,38.807,4.458,0.731,361.984,311.281
Kazakhstan,KAZ,2023,20330109,,286.175,14.076,212.657,163.217,66.979,36.382,4.458,0.751,372.307,322.538
Kazakhstan,KAZ,2024,20592574,,287.006,13.937,,160.167,69.425,37.819,4.458,0.744,372.231,323.808
Kenya,KEN,1990,22892655,41570971757,5.789,0.253,6.822,0.403,4.664,,0.722,0.025,71.293,13.195
Kenya,KEN,1991,23646514,42852784377,4.805,0.203,6.055,0.352,3.774,,0.679,0.021,67.3,12.438
Kenya,KEN,1992,24382466,43098109029,5.505,0.226,6.78,0.421,4.364,,0.72,0.024,62.688,13.394
Kenya,KEN,1993,25117192,43754838219,6.312,0.251,7.186,0.352,5.284,,0.676,0.028,67.768,14.509
Kenya,KEN,1994,25857136,45663580409,6.523,0.252,7.668,0.293,5.536,,0.693,0.028,58.708,14.839
Kenya,KEN,1995,26601753,48490927693,7.515,0.283,8.897,0.37,6.398,,0.748,0.032,52.139,16.075
Kenya,KEN,1996,27344211,51489486317,9.283,0.339,10.27,0.352,8.064,,0.867,0.038,52.599,18.082
Kenya,KEN,1997,28101762,52761219815,8.227,0.293,10.229,0.245,7.262,,0.719,0.034,51.759,17.248
Kenya,KEN,1998,28888063,55518263811,9.999,0.346,11.876,0.198,9.12,,0.681,0.041,62.967,19.269
Kenya,KEN,1999,29733413,57993148114,10.021,0.337,11.423,0.194,9.252,,0.575,0.04,58.772,19.54
Kenya,KEN,2000,30642893,59408907766,10.385,0.339,12.171,0.176,9.662,,0.547,0.041,56.725,20.207
Kenya,KEN,2001,31619170,62956470966,9.224,0.292,12.689,0.176,8.53,,0.518,0.036,54.613,19.191
Kenya,KEN,2002,32629809,64478127960,7.819,0.24,10.376,0.264,6.969,,0.587,0.03,56.283,18.047
Kenya,KEN,2003,33652233,67617075406,6.716,0.2,10.42,0.245,5.679,,0.791,0.024,58.263,17.213
Kenya,KEN,2004,34713453,72070033430,7.621,0.22,10.333,0.286,6.441,,0.894,0.027,59.785,18.459
Kenya,KEN,2005,35796485,77598831261,8.454,0.236,12.295,0.333,7.164,,0.957,0.029,62.066,19.602
Kenya,KEN,2006,36904010,83653248054,9.567,0.259,14.057,0.443,8.039,,1.085,0.031,66.96,21.037
Kenya,KEN,2007,38036354,91060343688,9.734,0.256,15.092,0.4,8.156,,1.179,0.031,84.085,21.54
Kenya,KEN,2008,39206349,92971180385,10.099,0.258,16.009,0.41,8.413,,1.276,0.032,88.077,22.219
Kenya,KEN,2009,40408887,97792492598,12.185,0.302,17.812,0.366,10.321,,1.497,0.039,88.693,24.54
Kenya,KEN,2010,41598570,108082167772,11.857,0.285,17.805,0.627,9.688,,1.543,0.036,100.902,24.594
Kenya,KEN,2011,42758467,117152107312,12.218,0.286,19.856,0.894,10.201,,1.123,0.035,102.165,25.318
Kenya,KEN,2012,43888306,122504792826,11.246,0.256,20.829,0.802,9.282,,1.162,0.032,94.579,24.707
Kenya,KEN,2013,44986794,127157517259,12.163,0.27,25.018,0.887,9.929,,1.347,0.034,87.363,25.99
Kenya,KEN,2014,46051441,133540839466,13.214,0.287,29.132,1.099,10.363,,1.753,0.037,85.754,27.442
Kenya,KEN,2015,47088528,140175144054,15.212,0.323,28.289,1.162,12.523,,1.528,0.043,91.189,29.847
Kenya,KEN,2016,48139683,146082118752,16.289,0.338,28.71,1.147,13.483,,1.659,0.046,87.852,31.299
Kenya,KEN,2017,49197757,151656608610,16.181,0.329,27.507,1.081,13.374,,1.727,0.045,97.212,31.532
Kenya,KEN,2018,50207109,160257055688,17.003,0.339,29.196,1.619,13.994,,1.39,0.046,95.102,32.714
Kenya,KEN,2019,51202829,168452589868,18.159,0.355,30.2,1.429,15.195,,1.535,0.049,97.515,33.895
Kenya,KEN,2020,52217327,168031463891,19.99,0.383,31.237,1.92,16.106,,1.963,0.057,104.682,35.719
Kenya,KEN,2021,53219167,180662393951,20.59,0.387,33.541,2.228,15.18,,3.182,0.056,95.747,36.688
Kenya,KEN,2022,54252458,190362153076,20.544,0.379,34.529,2.729,14.211,,3.604,0.055,96.825,36.956
Kenya,KEN,2023,55339007,,21.186,0.383,34.98,3.156,14.49,,3.54,0.056,100.522,37.706
Kenya,KEN,2024,56432946,,21.225,0.376,,3.222,14.745,,3.259,0.055,99.481,37.999
Kiribati,KIR,1990,74872,,0.022,0.294,,,0.022,,0.0,0.0,0.041,0.036
Kiribati,KIR,1991,76385,,0.022,0.288,,,0.022,,0.0,0.0,0.041,0.036
Kiribati,KIR,1992,77655,,0.026,0.33,,,0.026,,0.0,0.0,0.045,0.04
Kiribati,KIR,1993,78853,,0.029,0.372,,,0.029,,0.0,0.0,0.049,0.044
Kiribati,KIR,1994,80033,,0.029,0.366,,,0.029,,0.0,0.0,0.049,0.044
Kiribati,KIR,1995,81251,,0.029,0.361,,,0.029,,0.0,0.0,0.049,0.044
Kiribati,KIR,1996,82637,,0.033,0.399,,,0.033,,0.0,0.0,0.054,0.048
Kiribati,KIR,1997,84161,,0.029,0.348,,,0.029,,0.0,0.0,0.05,0.044
Kiribati,KIR,1998,85672,,0.029,0.342,,,0.029,,0.0,0.0,0.051,0.045
Kiribati,KIR,1999,87139,,0.029,0.336,,,0.029,,0.0,0.0,0.051,0.045
Kiribati,KIR,2000,88632,,0.037,0.413,,,0.037,,0.0,0.0,0.06,0.053
Kiribati,KIR,2001,90350,,0.033,0.365,,,0.033,,0.0,0.0,0.056,0.05
Kiribati,KIR,2002,92281,,0.04,0.437,,,0.04,,0.0,0.0,0.065,0.058
Kiribati,KIR,2003,94189,,0.04,0.428,,,0.04,,0.0,0.0,0.066,0.058
Kiribati,KIR,2004,96096,,0.044,0.458,,,0.044,,0.0,0.0,0.07,0.062
Kiribati,KIR,2005,98045,,0.048,0.486,,,0.048,,0.0,0.0,0.074,0.066
Kiribati,KIR,2006,100028,,0.051,0.513,,,0.051,,0.0,0.0,0.078,0.071
Kiribati,KIR,2007,102081,,0.051,0.503,,,0.051,,0.0,0.0,0.079,0.071
Kiribati,KIR,2008,104235,,0.048,0.457,,,0.048,,0.0,0.0,0.076,0.068
Kiribati,KIR,2009,106479,,0.048,0.447,,,0.048,,0.0,0.0,0.076,0.068
Kiribati,KIR,2010,108717,,0.059,0.539,,,0.059,,0.0,0.0,0.088,0.079
Kiribati,KIR,2011,110660,,0.055,0.497,,,0.055,,0.0,0.0,0.085,0.076
Kiribati,KIR,2012,112293,,0.055,0.489,,,0.055,,0.0,0.0,0.085,0.076
Kiribati,KIR,2013,113847,,0.055,0.483,,,0.055,,0.0,0.0,0.086,0.077
Kiribati,KIR,2014,115339,,0.055,0.477,,,0.055,,0.0,0.0,0.086,0.077
Kiribati,KIR,2015,116826,,0.059,0.502,,,0.059,,0.0,0.0,0.091,0.082
Kiribati,KIR,2016,118488,,0.055,0.464,,,0.055,,0.0,0.0,0.088,0.079
Kiribati,KIR,2017,120288,,0.07,0.579,,,0.07,,0.0,0.0,0.104,0.094
Kiribati,KIR,2018,122097,,0.07,0.57,,,0.07,,0.0,0.0,0.104,0.095
Kiribati,KIR,2019,123928,,0.07,0.562,,,0.07,,0.0,0.0,0.105,0.095
Kiribati,KIR,2020,126110,,0.07,0.552,,,0.07,,0.0,0.0,0.105,0.096
Kiribati,KIR,2021,128387,,0.07,0.542,,,0.07,,0.0,0.0,0.106,0.096
Kiribati,KIR,2022,130483,,0.07,0.534,,,0.07,,0.0,0.0,0.107,0.097
Kiribati,KIR,2023,132540,,0.069,0.523,,,0.069,,0.0,0.0,0.107,0.097
Kiribati,KIR,2024,134521,,0.072,0.539,,,0.072,,0.0,0.0,0.111,0.101
Kosovo,,1990,1973789,,,,,,,,,,,
Kosovo,,1991,2005365,,,,,,,,,,,
Kosovo,,1992,2039723,,,,,,,,,,,
Kosovo,,1993,2072671,,,,,,,,,,,
Kosovo,,1994,2105260,,0.0,0.0,,,,,,0.0,,
Kosovo,,1995,2137514,,0.0,0.0,,,,,,0.0,,
Kosovo,,1996,2168751,,0.0,0.0,,,,,,0.0,,
Kosovo,,1997,2197286,,0.0,0.0,,,,,,0.0,,
Kosovo,,1998,2078972,,0.0,0.0,,,,,,0.0,,
Kosovo,,1999,1871527,,0.0,0.0,,,,,,0.0,,
Kosovo,,2000,1802488,,4.807,2.667,,3.825,0.982,,,0.019,,
Kosovo,,2001,1820013,,6.093,3.348,,4.851,1.242,,,0.024,,
Kosovo,,2002,1829467,,6.06,3.313,,4.822,1.238,,,0.023,,
Kosovo,,2003,1826436,,6.438,3.525,,5.148,1.29,,,0.023,,
Kosovo,,2004,1822778,,6.617,3.63,,5.13,1.323,,0.164,0.023,,
Kosovo,,2005,1818356,,6.435,3.539,,4.906,1.367,,0.162,0.022,,
Kosovo,,2006,1813077,,6.489,3.579,,4.884,1.444,,0.161,0.021,,
Kosovo,,2007,1807098,,6.802,3.764,,5.101,1.534,,0.166,0.022,,
Kosovo,,2008,1800861,,7.358,4.086,,5.511,1.641,,0.206,0.023,,
Kosovo,,2009,1794688,,8.109,4.518,,6.262,1.674,,0.173,0.026,,
Kosovo,,2010,1788756,,8.355,4.671,,6.613,1.598,,0.144,0.025,,
Kosovo,,2011,1791949,,8.294,4.629,,6.407,1.745,,0.142,0.024,,
Kosovo,,2012,1806538,,7.848,4.344,,6.046,1.623,,0.179,0.022,,
Kosovo,,2013,1817171,,7.966,4.384,,6.141,1.645,,0.18,0.023,,
Kosovo,,2014,1808983,,7.129,3.941,,5.35,1.586,,0.193,0.02,,
Kosovo,,2015,1779019,,8.291,4.66,,6.152,1.953,,0.186,0.023,,
Kosovo,,2016,1761765,,8.794,4.991,,6.666,1.912,,0.216,0.025,,
Kosovo,,2017,1768125,,8.023,4.537,,5.6,2.168,,0.255,0.022,,
Kosovo,,2018,1767748,,8.045,4.551,,5.665,2.151,,0.229,0.022,,
Kosovo,,2019,1755048,,8.386,4.778,,5.943,2.231,,0.211,0.023,,
Kosovo,,2020,1751413,,8.452,4.826,,6.094,2.175,,0.182,0.024,,
Kosovo,,2021,1741449,,8.816,5.062,,6.188,2.437,,0.191,0.024,,
Kosovo,,2022,1717950,,8.569,4.988,,6.055,2.282,,0.231,0.023,,
Kosovo,,2023,1700039,,8.22,4.835,,5.736,2.253,,0.231,0.022,,
Kosovo,,2024,1684796,,8.05,4.778,,5.528,2.29,,0.231,0.021,,
Kuwait,KWT,1990,1684833,20899601193,37.863,22.473,35.475,0.0,22.117,13.969,0.432,0.167,55.894,55.687
Kuwait,KWT,1991,1351403,5968350535,492.979,364.791,19.73,,464.529,,0.047,2.124,499.621,499.546
Kuwait,KWT,1992,1634968,18278670155,29.683,18.155,30.034,0.0,21.02,7.449,0.254,0.132,48.352,48.269
Kuwait,KWT,1993,1672158,29845167808,49.163,29.401,44.044,0.0,33.357,15.184,0.237,0.216,78.77,78.624
Kuwait,KWT,1994,1664371,38842906079,57.265,34.406,49.804,0.0,39.278,14.583,0.473,0.249,88.944,88.769
Kuwait,KWT,1995,1681518,46090594401,56.263,33.46,48.81,0.0,35.035,17.811,0.919,0.239,86.127,85.92
Kuwait,KWT,1996,1730255,51809716654,51.768,29.919,45.932,0.0,30.301,17.855,0.939,0.214,82.683,82.424
Kuwait,KWT,1997,1787692,57062986447,56.765,31.753,48.827,0.0,35.105,17.792,0.936,0.233,90.16,89.896
Kuwait,KWT,1998,1844308,62305861237,52.91,28.688,50.319,0.0,32.092,17.981,0.627,0.218,82.913,82.635
Kuwait,KWT,1999,1900035,64236405197,55.085,28.992,37.55,0.0,35.928,16.456,0.666,0.222,83.444,83.124
Kuwait,KWT,2000,1954713,71053965539,54.98,28.127,29.842,0.0,31.277,20.686,0.549,0.216,86.724,86.395
Kuwait,KWT,2001,2008127,75867443155,59.119,29.44,35.839,0.0,36.277,20.24,0.421,0.23,89.088,88.83
Kuwait,KWT,2002,2059983,83636154969,60.114,29.182,41.506,0.0,38.798,18.151,0.716,0.229,90.161,89.844
Kuwait,KWT,2003,2109886,104974065782,62.491,29.618,57.107,0.0,37.296,21.152,0.832,0.226,99.078,98.74
Kuwait,KWT,2004,2157329,123477836787,65.855,30.526,59.028,0.0,38.925,22.766,1.162,0.23,102.573,102.269
Kuwait,KWT,2005,2236797,142799938874,74.615,33.358,73.654,0.001,44.889,25.526,0.935,0.252,114.034,113.715
Kuwait,KWT,2006,2364741,159619963672,76.222,32.233,70.522,0.002,45.881,26.234,0.949,0.249,116.193,115.873
Kuwait,KWT,2007,2507890,174545824817,77.295,30.821,74.708,0.002,48.059,25.539,0.931,0.245,115.039,114.708
Kuwait,KWT,2008,2651433,183755530386,84.442,31.848,79.158,0.001,54.363,26.619,1.091,0.263,121.31,120.944
Kuwait,KWT,2009,2795489,175302339443,88.832,31.777,81.29,0.002,61.749,24.102,0.832,0.282,122.273,121.876
Kuwait,KWT,2010,2943374,176036955078,89.721,30.482,83.046,0.003,58.741,28.132,0.829,0.269,123.428,123.067
Kuwait,KWT,2011,3132815,201228682118,87.151,27.819,81.601,0.051,51.241,32.859,0.929,0.253,124.559,124.178
Kuwait,KWT,2012,3337025,214560063974,101.201,30.327,85.122,0.532,62.827,34.731,0.983,0.29,141.687,141.284
Kuwait,KWT,2013,3507755,217029672079,83.047,23.675,82.025,0.589,44.246,34.566,1.208,0.235,123.458,123.036
Kuwait,KWT,2014,3665769,218112639263,74.994,20.458,80.324,0.811,36.125,34.282,1.131,0.211,115.147,114.706
Kuwait,KWT,2015,3834465,219406044434,93.317,24.337,108.129,0.847,50.477,39.067,1.252,0.264,133.949,133.485
Kuwait,KWT,2016,4003976,225825859800,104.019,25.979,107.428,0.778,58.287,41.257,1.616,0.294,146.024,145.54
Kuwait,KWT,2017,4154686,215180426540,100.01,24.072,100.633,0.534,54.687,41.929,1.373,0.278,139.818,139.313
Kuwait,KWT,2018,4323389,220424403170,102.453,23.697,105.013,0.746,55.927,42.77,1.373,0.279,142.784,142.273
Kuwait,KWT,2019,4442201,219207651814,104.654,23.559,108.131,0.578,54.859,46.267,1.575,0.282,144.573,144.03
Kuwait,KWT,2020,4400146,199796812404,90.103,20.477,97.695,0.163,35.49,51.688,1.373,0.256,127.957,127.409
Kuwait,KWT,2021,4360748,202410138854,87.869,20.15,96.117,0.278,30.807,54.099,1.414,0.238,125.848,125.289
Kuwait,KWT,2022,4589514,218961227193,115.849,25.242,115.797,0.337,65.639,47.313,1.466,0.309,157.041,156.484
Kuwait,KWT,2023,4838781,,123.169,25.454,122.346,0.621,68.085,51.759,1.466,0.323,163.567,163.0
Kuwait,KWT,2024,4934508,,129.519,26.248,,0.623,72.458,53.833,1.466,0.336,170.275,169.704
Kyrgyzstan,KGZ,1990,4459545,25164233692,19.204,4.306,21.346,7.085,7.552,3.712,0.592,0.084,30.339,21.413
Kyrgyzstan,KGZ,1991,4532124,22948278940,15.897,3.508,22.73,6.164,5.85,3.075,0.563,0.069,26.773,18.008
Kyrgyzstan,KGZ,1992,4600308,19580870436,11.042,2.4,28.641,3.814,3.686,3.074,0.467,0.049,22.359,12.72
Kyrgyzstan,KGZ,1993,4626809,16865848800,8.468,1.83,18.374,3.437,2.429,2.316,0.286,0.037,19.656,9.948
Kyrgyzstan,KGZ,1994,4649190,13389775327,6.144,1.322,14.469,3.424,0.825,1.716,0.18,0.027,18.104,7.349
Kyrgyzstan,KGZ,1995,4713641,12537052888,4.507,0.956,14.171,1.246,1.396,1.729,0.136,0.019,15.409,5.618
Kyrgyzstan,KGZ,1996,4782885,13289582934,5.652,1.182,9.435,1.854,1.543,2.023,0.233,0.023,15.594,6.795
Kyrgyzstan,KGZ,1997,4847998,14463585194,5.561,1.147,5.333,1.942,1.674,1.663,0.281,0.023,15.918,7.421
Kyrgyzstan,KGZ,1998,4907792,14624138023,5.901,1.202,6.269,1.938,1.707,1.953,0.302,0.024,16.574,7.717
Kyrgyzstan,KGZ,1999,4968593,15009644796,4.642,0.934,5.491,1.916,1.411,1.15,0.165,0.019,14.581,6.477
Kyrgyzstan,KGZ,2000,5025150,15667564559,4.575,0.91,6.743,1.865,1.205,1.312,0.193,0.018,14.449,6.446
Kyrgyzstan,KGZ,2001,5071960,16336535537,3.857,0.76,5.079,1.229,1.086,1.342,0.2,0.015,13.532,5.734
Kyrgyzstan,KGZ,2002,5116252,16170495966,4.917,0.961,5.861,1.986,1.004,1.7,0.227,0.019,14.678,6.838
Kyrgyzstan,KGZ,2003,5159422,17135753196,5.376,1.042,5.95,2.407,1.246,1.403,0.319,0.019,14.91,7.304
Kyrgyzstan,KGZ,2004,5203048,18155686902,5.808,1.116,7.571,2.363,1.543,1.532,0.371,0.02,14.449,7.767
Kyrgyzstan,KGZ,2005,5246337,17942169018,5.519,1.052,8.039,2.319,1.37,1.414,0.415,0.019,14.15,7.486
Kyrgyzstan,KGZ,2006,5282451,18316466710,5.457,1.033,9.474,2.224,1.271,1.477,0.485,0.018,13.732,7.147
Kyrgyzstan,KGZ,2007,5313376,19684074796,6.522,1.228,10.272,2.305,2.235,1.473,0.51,0.021,14.863,8.263
Kyrgyzstan,KGZ,2008,5342530,20960394949,7.481,1.4,16.937,3.193,2.423,1.43,0.435,0.023,15.754,9.315
Kyrgyzstan,KGZ,2009,5398013,21348199451,6.709,1.243,14.854,2.752,3.122,0.623,0.213,0.021,15.2,8.581
Kyrgyzstan,KGZ,2010,5491763,21037148123,6.356,1.157,13.194,2.682,2.755,0.564,0.354,0.019,15.009,8.253
Kyrgyzstan,KGZ,2011,5594537,22069322288,7.62,1.362,15.185,2.865,3.638,0.638,0.479,0.022,16.985,10.141
Kyrgyzstan,KGZ,2012,5696521,22049906072,10.087,1.771,18.67,4.016,4.672,0.817,0.582,0.029,18.946,12.118
Kyrgyzstan,KGZ,2013,5797294,24456653043,9.734,1.679,17.092,3.576,4.796,0.627,0.735,0.028,19.355,12.199
Kyrgyzstan,KGZ,2014,5898322,25440781974,10.236,1.735,17.949,4.503,4.4,0.517,0.816,0.029,20.402,13.201
Kyrgyzstan,KGZ,2015,6001876,26426866370,10.265,1.71,16.503,4.338,4.719,0.524,0.683,0.029,20.599,13.276
Kyrgyzstan,KGZ,2016,6108460,27572739134,9.622,1.575,17.907,3.481,4.99,0.546,0.605,0.027,20.145,12.831
Kyrgyzstan,KGZ,2017,6220148,28879683468,9.364,1.505,17.327,3.391,4.71,0.579,0.684,0.026,19.728,12.635
Kyrgyzstan,KGZ,2018,6341733,29878637891,11.175,1.762,19.999,4.043,5.575,0.641,0.916,0.03,21.696,14.6
Kyrgyzstan,KGZ,2019,6494036,31253353975,9.047,1.393,17.498,3.173,4.331,0.619,0.924,0.024,19.68,12.49
Kyrgyzstan,KGZ,2020,6664143,28560253227,8.348,1.253,16.241,3.174,3.636,0.649,0.889,0.024,19.007,11.807
Kyrgyzstan,KGZ,2021,6820483,29628978769,10.338,1.516,19.011,4.157,4.234,0.765,1.182,0.028,21.005,13.87
Kyrgyzstan,KGZ,2022,6955792,31703003147,11.513,1.655,20.862,5.429,3.968,0.85,1.265,0.031,22.283,15.161
Kyrgyzstan,KGZ,2023,7073523,,11.144,1.576,19.193,4.999,4.077,0.803,1.265,0.029,21.924,14.887
Kyrgyzstan,KGZ,2024,7186014,,11.77,1.638,,5.667,4.033,0.805,1.265,0.03,22.581,15.571
Laos,LAO,1990,4311960,6235010000,0.513,0.119,0.848,0.004,0.509,,,0.002,28.681,1.288
Laos,LAO,1991,4435121,6550550266,0.546,0.123,0.911,0.004,0.542,,,0.002,27.716,1.407
Laos,LAO,1992,4559650,6965636262,0.593,0.13,0.97,0.007,0.583,,0.003,0.003,27.693,1.456
Laos,LAO,1993,4685064,7432922464,0.607,0.13,0.996,0.015,0.59,,0.003,0.003,29.988,1.546
Laos,LAO,1994,4809223,8095761860,0.631,0.131,1.097,0.018,0.608,,0.004,0.003,30.949,1.526
Laos,LAO,1995,4929410,8730282550,0.671,0.136,1.208,0.022,0.645,,0.004,0.003,31.267,1.652
Laos,LAO,1996,5045686,9400684784,0.753,0.149,1.202,0.051,0.671,,0.032,0.003,37.665,1.79
Laos,LAO,1997,5152015,10121302787,0.792,0.154,1.262,0.095,0.663,,0.034,0.003,34.649,1.733
Laos,LAO,1998,5248273,10598967421,0.82,0.156,1.281,0.07,0.718,,0.032,0.003,35.025,1.828
Laos,LAO,1999,5340784,11458882653,0.846,0.158,1.195,0.015,0.799,,0.032,0.003,40.037,1.832
Laos,LAO,2000,5431213,12209285510,0.96,0.177,2.999,0.04,0.883,,0.037,0.004,51.024,2.166
Laos,LAO,2001,5521481,13005702889,1.059,0.192,3.062,0.051,0.971,,0.037,0.004,51.069,2.272
Laos,LAO,2002,5610888,13872426080,1.166,0.208,3.328,0.084,0.986,,0.096,0.004,53.915,2.391
Laos,LAO,2003,5697944,14843718409,1.221,0.214,2.232,0.102,1.019,,0.099,0.004,56.091,2.507
Laos,LAO,2004,5781627,16000772290,1.282,0.222,2.584,0.125,1.059,,0.099,0.004,62.294,2.782
Laos,LAO,2005,5869531,17208611490,1.337,0.228,2.655,0.136,1.103,,0.099,0.005,65.641,2.752
Laos,LAO,2006,5963199,17176979638,1.757,0.295,3.398,0.187,1.414,,0.156,0.006,60.881,3.146
Laos,LAO,2007,6056237,20454811822,1.836,0.303,3.585,0.213,1.469,,0.154,0.006,69.445,3.564
Laos,LAO,2008,6148974,22210959976,2.131,0.347,4.266,0.297,1.682,,0.153,0.007,73.837,3.758
Laos,LAO,2009,6241649,24050843271,2.667,0.427,5.018,0.352,1.934,,0.382,0.008,79.615,4.399
Laos,LAO,2010,6334198,26198017296,3.001,0.474,2.522,0.638,1.905,,0.458,0.009,69.682,4.959
Laos,LAO,2011,6426592,28505277000,3.097,0.482,2.391,0.678,1.927,,0.492,0.009,71.05,4.88
Laos,LAO,2012,6518981,30756620000,3.328,0.511,2.667,0.714,2.048,,0.566,0.01,77.706,5.165
Laos,LAO,2013,6611385,33213895000,4.198,0.635,3.514,1.071,2.303,,0.824,0.012,84.166,6.103
Laos,LAO,2014,6703170,35727804000,4.383,0.654,3.698,1.125,2.418,,0.84,0.012,85.808,6.321
Laos,LAO,2015,6801647,38423808000,9.185,1.35,7.771,5.108,2.895,,1.183,0.026,76.586,11.254
Laos,LAO,2016,6908800,41128975200,16.407,2.375,7.656,11.966,3.141,,1.3,0.046,73.154,18.852
Laos,LAO,2017,7018150,43958737408,19.625,2.796,13.99,14.916,3.206,,1.503,0.055,70.55,22.021
Laos,LAO,2018,7128043,46694965948,20.481,2.873,13.916,15.338,3.312,,1.832,0.056,68.363,23.152
Laos,LAO,2019,7237635,49243304815,18.34,2.534,13.426,13.663,2.689,,1.987,0.049,58.629,20.945
Laos,LAO,2020,7346534,50856670244,18.294,2.49,14.101,13.293,2.649,,2.351,0.052,57.424,21.06
Laos,LAO,2021,7453192,52626361275,21.837,2.93,12.516,13.669,2.668,,5.5,0.059,67.783,24.568
Laos,LAO,2022,7559008,54953902901,22.549,2.983,8.415,14.938,2.726,,4.885,0.06,64.981,25.769
Laos,LAO,2023,7665001,,24.157,3.152,14.825,16.559,2.713,,4.885,0.063,63.08,27.692
Laos,LAO,2024,7769823,,24.4,3.14,,16.678,2.837,,4.885,0.063,61.388,28.066
Latvia,LVA,1990,2660131,42100704929,19.662,7.391,20.955,2.812,10.462,5.493,0.346,0.086,27.616,21.055
Latvia,LVA,1991,2648933,36517762608,17.92,6.765,19.474,2.455,9.292,5.455,0.32,0.077,25.938,19.345
Latvia,LVA,1992,2614833,24594371373,14.194,5.428,17.577,2.163,7.795,3.976,0.142,0.063,22.847,15.514
Latvia,LVA,1993,2563820,21610169740,11.922,4.65,13.99,1.995,7.269,2.594,0.016,0.052,24.148,13.199
Latvia,LVA,1994,2521238,21908377653,10.37,4.113,13.235,1.521,6.866,1.874,0.077,0.045,9.767,11.603
Latvia,LVA,1995,2485948,21602325855,9.134,3.674,12.226,1.111,5.597,2.297,0.094,0.039,10.37,10.273
Latvia,LVA,1996,2457907,21944517346,9.212,3.748,12.69,1.04,6.055,1.977,0.106,0.038,9.269,10.352
Latvia,LVA,1997,2433229,23733281647,8.68,3.567,12.105,0.941,5.181,2.417,0.108,0.036,8.188,9.797
Latvia,LVA,1998,2410217,25089221158,8.306,3.446,13.337,0.703,5.09,2.37,0.105,0.034,6.877,9.403
Latvia,LVA,1999,2390822,25549229736,7.718,3.228,12.372,0.539,4.738,2.264,0.139,0.031,7.162,8.778
Latvia,LVA,2000,2368320,26727290777,7.082,2.99,16.35,0.57,3.879,2.504,0.088,0.028,5.407,8.104
Latvia,LVA,2001,2338299,28242589693,7.497,3.206,15.706,0.526,3.917,2.906,0.11,0.029,6.975,8.58
Latvia,LVA,2002,2311358,30014856985,7.52,3.254,15.544,0.436,3.935,2.979,0.117,0.029,6.814,8.595
Latvia,LVA,2003,2288983,32298352002,7.726,3.375,14.617,0.388,4.058,3.092,0.129,0.028,10.307,8.863
Latvia,LVA,2004,2264179,34720425840,7.731,3.415,14.343,0.322,4.162,3.072,0.137,0.027,14.957,8.987
Latvia,LVA,2005,2239787,38143684659,7.811,3.487,13.695,0.362,4.13,3.152,0.134,0.026,17.525,9.194
Latvia,LVA,2006,2219039,42361248688,8.31,3.745,15.413,0.381,4.471,3.262,0.169,0.027,13.967,9.794
Latvia,LVA,2007,2200774,46228816935,8.637,3.925,17.726,0.454,4.831,3.147,0.171,0.027,13.428,10.256
Latvia,LVA,2008,2177710,44217430207,8.198,3.765,16.553,0.44,4.471,3.085,0.168,0.026,12.679,9.567
Latvia,LVA,2009,2142044,37590730012,7.456,3.481,11.882,0.362,4.071,2.827,0.178,0.024,11.85,8.904
Latvia,LVA,2010,2097834,35881177042,8.555,4.078,13.58,0.455,4.251,3.393,0.431,0.026,13.132,9.934
Latvia,LVA,2011,2059940,37869724459,7.808,3.791,13.684,0.442,3.813,2.975,0.557,0.023,13.313,9.279
Latvia,LVA,2012,2034639,40536567235,7.52,3.696,13.027,0.4,3.73,2.792,0.575,0.022,14.265,9.081
Latvia,LVA,2013,2013004,41350512828,7.369,3.661,12.736,0.301,3.771,2.729,0.54,0.021,13.132,8.907
Latvia,LVA,2014,1994153,42137028688,7.172,3.597,12.141,0.242,3.89,2.448,0.559,0.02,13.434,8.69
Latvia,LVA,2015,1977874,43774190659,7.262,3.672,12.623,0.19,4.067,2.506,0.47,0.021,15.628,8.738
Latvia,LVA,2016,1959863,44810998817,7.211,3.679,12.456,0.166,4.059,2.607,0.346,0.02,14.03,8.711
Latvia,LVA,2017,1942599,46295495418,7.215,3.714,13.949,0.167,4.277,2.299,0.437,0.02,13.92,8.755
Latvia,LVA,2018,1927586,48143398790,7.843,4.069,15.862,0.197,4.346,2.704,0.551,0.021,15.188,9.384
Latvia,LVA,2019,1914267,49380620266,7.633,3.988,15.073,0.166,4.303,2.548,0.561,0.021,14.628,9.153
Latvia,LVA,2020,1901119,48292861660,6.999,3.682,13.424,0.1,4.174,2.103,0.551,0.02,14.023,8.471
Latvia,LVA,2021,1885593,50255494980,7.218,3.828,14.956,0.078,4.287,2.232,0.539,0.02,13.724,8.728
Latvia,LVA,2022,1881059,51248480035,6.608,3.513,14.274,0.058,4.331,1.593,0.54,0.018,13.66,8.096
Latvia,LVA,2023,1882399,,6.59,3.501,13.362,0.06,4.386,1.537,0.531,0.017,13.898,8.075
Latvia,LVA,2024,1871874,,6.462,3.452,,0.048,4.176,1.631,0.531,0.017,13.86,7.941
Lebanon,LBN,1990,3595175,9719894187,7.868,2.189,,,7.76,,0.108,0.035,9.776,9.33
Lebanon,LBN,1991,3668916,13892223462,8.115,2.212,,,8.024,,0.091,0.035,10.132,9.724
Lebanon,LBN,1992,3747375,15011934734,9.727,2.596,,,9.603,,0.124,0.043,11.871,11.45
Lebanon,LBN,1993,3820652,16606038805,10.355,2.71,,0.278,9.885,,0.191,0.046,12.745,12.18
Lebanon,LBN,1994,3889802,18542962086,11.111,2.856,,0.282,10.674,,0.155,0.048,13.5,13.004
Lebanon,LBN,1995,3960741,20427565185,12.255,3.094,,0.476,11.303,,0.475,0.052,15.065,14.241
Lebanon,LBN,1996,4034782,22204446458,12.753,3.161,,0.564,11.406,,0.782,0.053,15.641,14.82
Lebanon,LBN,1997,4108409,22434678686,15.099,3.675,,0.575,13.678,,0.846,0.062,17.957,17.218
Lebanon,LBN,1998,4181287,24027795385,16.286,3.895,,0.502,14.451,,1.334,0.067,18.237,18.448
Lebanon,LBN,1999,4255278,24731825289,16.43,3.861,,0.506,14.59,,1.334,0.066,18.818,18.608
Lebanon,LBN,2000,4329345,25915975238,15.466,3.572,,0.502,13.333,,1.631,0.061,17.676,17.599
Lebanon,LBN,2001,4401923,27854825604,16.407,3.727,,0.502,14.216,,1.688,0.064,19.018,18.621
Lebanon,LBN,2002,4463505,29771684188,16.244,3.639,,0.502,14.066,,1.676,0.062,19.091,18.549
Lebanon,LBN,2003,4525513,31778515559,18.529,4.094,,0.502,15.723,,2.305,0.067,21.406,20.939
Lebanon,LBN,2004,4599285,35314011356,17.208,3.742,,0.502,14.092,,2.615,0.06,20.319,19.713
Lebanon,LBN,2005,4671105,37512383718,16.65,3.565,,0.502,13.399,,2.749,0.056,19.586,19.218
Lebanon,LBN,2006,4751146,39442140692,14.792,3.113,,0.502,12.279,,2.012,0.048,17.841,17.394
Lebanon,LBN,2007,4844119,44589675655,13.746,2.838,,0.502,10.981,,2.263,0.044,16.724,16.376
Lebanon,LBN,2008,4925359,50361558474,17.418,3.536,,0.502,14.594,0.0,2.322,0.054,20.532,20.124
Lebanon,LBN,2009,4992295,57304677732,20.958,4.198,,0.502,17.818,0.095,2.542,0.067,23.862,23.746
Lebanon,LBN,2010,5041290,64006241939,19.997,3.967,,0.564,16.378,0.484,2.571,0.06,23.485,22.89
Lebanon,LBN,2011,5096018,66782067583,20.264,3.976,,0.627,17.06,0.0,2.578,0.059,24.012,23.297
Lebanon,LBN,2012,5235742,68494363923,22.332,4.265,,0.627,19.317,0.0,2.389,0.064,26.282,25.61
Lebanon,LBN,2013,5743441,71116324024,22.164,3.859,,0.502,19.123,0.0,2.539,0.063,26.39,25.603
Lebanon,LBN,2014,6346993,72883563855,23.992,3.78,,0.627,20.753,0.0,2.613,0.068,28.511,27.636
Lebanon,LBN,2015,6472470,73219558993,25.731,3.975,,0.626,22.71,0.0,2.395,0.073,30.431,29.529
Lebanon,LBN,2016,6323061,74358860056,26.438,4.181,,0.627,23.519,,2.292,0.075,31.289,30.344
Lebanon,LBN,2017,6160129,75030320802,27.821,4.516,,0.626,24.952,,2.242,0.077,32.862,31.807
Lebanon,LBN,2018,5984120,73615988520,25.812,4.313,,0.264,23.501,,2.047,0.07,30.51,29.786
Lebanon,LBN,2019,5794601,68525451094,25.141,4.339,,0.11,23.636,,1.395,0.068,30.013,29.188
Lebanon,LBN,2020,5702400,50772560784,23.694,4.155,,0.044,22.797,,0.853,0.067,28.543,27.754
Lebanon,LBN,2021,5718129,50772615264,19.474,3.406,,0.158,18.529,,0.788,0.053,24.362,23.532
Lebanon,LBN,2022,5744492,48741710654,15.361,2.674,,0.051,14.385,,0.925,0.041,20.299,19.476
Lebanon,LBN,2023,5773494,,15.559,2.695,,0.086,14.548,,0.925,0.041,20.48,19.733
Lebanon,LBN,2024,5805962,,15.65,2.696,,0.102,14.623,,0.925,0.041,20.646,19.833
Lesotho,LSO,1990,1809698,3205046000,1.473,0.814,,1.142,0.331,,0.0,0.006,3.903,2.15
Lesotho,LSO,1991,1842383,3210336421,1.528,0.829,,1.194,0.333,,0.0,0.007,4.423,2.221
Lesotho,LSO,1992,1873281,3373567099,1.587,0.847,,1.246,0.341,,0.0,0.007,4.166,2.283
Lesotho,LSO,1993,1901799,3409484198,1.63,0.857,,1.286,0.344,,0.0,0.007,4.076,2.333
Lesotho,LSO,1994,1927708,3499928085,1.674,0.869,,1.326,0.348,,0.0,0.007,3.893,2.38
Lesotho,LSO,1995,1951441,3490315705,1.707,0.875,,1.352,0.355,,0.0,0.007,3.997,2.432
Lesotho,LSO,1996,1972424,3610273972,1.737,0.881,,1.378,0.358,,0.0,0.007,4.19,2.469
Lesotho,LSO,1997,1988140,3655545070,1.77,0.89,,1.404,0.366,,0.0,0.007,4.196,2.503
Lesotho,LSO,1998,1998048,3647322672,1.803,0.902,,1.433,0.37,,0.0,0.007,4.09,2.55
Lesotho,LSO,1999,2003238,3670807302,1.825,0.911,,1.451,0.374,,0.0,0.007,4.76,2.622
Lesotho,LSO,2000,2003919,3769602063,1.85,0.923,,1.472,0.378,,0.0,0.007,4.73,2.664
Lesotho,LSO,2001,2000859,3838921434,1.872,0.936,,1.491,0.381,,0.0,0.007,4.089,2.67
Lesotho,LSO,2002,1994686,3773087839,1.905,0.955,,1.516,0.389,,0.0,0.007,4.981,2.709
Lesotho,LSO,2003,1985060,3857951274,1.931,0.973,,1.543,0.388,,0.0,0.007,5.972,2.748
Lesotho,LSO,2004,1971130,3857815847,1.979,1.004,,1.572,0.407,,0.0,0.007,5.782,2.807
Lesotho,LSO,2005,1953080,3870538474,2.012,1.03,,1.598,0.414,,0.0,0.007,4.961,2.861
Lesotho,LSO,2006,1945066,3946096482,2.034,1.045,,1.624,0.41,,0.0,0.007,6.743,2.893
Lesotho,LSO,2007,1953273,4038812448,2.074,1.062,,1.652,0.421,,0.0,0.007,6.787,2.941
Lesotho,LSO,2008,1966547,4170596962,2.121,1.079,,1.682,0.44,,0.0,0.007,5.727,2.993
Lesotho,LSO,2009,1980884,4214040389,2.217,1.119,,1.711,0.506,,0.0,0.007,5.165,3.111
Lesotho,LSO,2010,1996256,4442653593,2.275,1.14,,1.751,0.524,,0.0,0.007,4.738,3.166
Lesotho,LSO,2011,2014015,4516050000,2.759,1.37,,2.21,0.549,,0.0,0.008,4.697,3.648
Lesotho,LSO,2012,2034363,4740080000,2.792,1.372,,2.198,0.594,,0.0,0.008,4.141,3.678
Lesotho,LSO,2013,2056509,4954224000,2.125,1.033,,1.532,0.594,,0.0,0.006,4.974,3.005
Lesotho,LSO,2014,2080091,5134648000,2.242,1.078,,1.671,0.572,,0.0,0.006,3.826,3.121
Lesotho,LSO,2015,2104614,5279080000,2.045,0.971,,1.433,0.612,,0.0,0.006,8.195,2.908
Lesotho,LSO,2016,2130424,5418793037,2.026,0.951,,1.378,0.649,,0.0,0.006,9.042,2.891
Lesotho,LSO,2017,2157117,5197453242,2.286,1.06,,1.634,0.652,,0.0,0.006,8.799,3.143
Lesotho,LSO,2018,2183611,5068079163,2.165,0.992,,1.48,0.685,,0.0,0.006,6.701,3.015
Lesotho,LSO,2019,2209414,4996214053,2.187,0.99,,1.47,0.717,,0.0,0.006,6.53,3.055
Lesotho,LSO,2020,2235727,4623560803,1.986,0.888,,1.352,0.634,,0.0,0.006,6.054,2.856
Lesotho,LSO,2021,2261549,4709220668,3.096,1.369,,2.4,0.696,,0.0,0.008,7.228,3.946
Lesotho,LSO,2022,2286112,4761723180,2.551,1.116,,1.638,0.914,,0.0,0.007,6.56,3.409
Lesotho,LSO,2023,2311476,,2.494,1.079,,1.571,0.923,,0.0,0.007,6.257,3.354
Lesotho,LSO,2024,2337428,,2.572,1.1,,1.641,0.931,,0.0,0.007,6.172,3.425
Liberia,LBR,1990,2223667,3680820000,0.456,0.205,,,0.436,,0.02,0.002,7.948,1.564
Liberia,LBR,1991,1956523,2990946994,0.375,0.191,,,0.374,,0.001,0.002,9.079,1.451
Liberia,LBR,1992,2072466,1838477296,0.392,0.189,,,0.388,,0.003,0.002,10.91,1.369
Liberia,LBR,1993,2155135,1167733988,0.417,0.194,,,0.414,,0.003,0.002,10.395,1.326
Liberia,LBR,1994,2149929,865093553,0.415,0.193,,,0.414,,0.001,0.002,11.685,1.297
Liberia,LBR,1995,2169167,783478662,0.416,0.192,,,0.414,,0.002,0.002,11.514,1.315
Liberia,LBR,1996,2232286,833012981,0.427,0.191,,,0.421,,0.006,0.002,12.429,1.382
Liberia,LBR,1997,2412995,1626036772,0.446,0.185,,,0.443,,0.003,0.002,13.803,1.48
Liberia,LBR,1998,2670128,1996595953,0.473,0.177,,,0.469,,0.004,0.002,16.066,1.641
Liberia,LBR,1999,2821689,2325522351,0.376,0.133,,,0.37,,0.006,0.002,20.555,1.724
Liberia,LBR,2000,2928117,2767093377,0.402,0.137,,,0.374,,0.029,0.002,20.213,1.897
Liberia,LBR,2001,3015343,3200677181,0.414,0.137,,,0.388,,0.025,0.002,20.297,1.906
Liberia,LBR,2002,3094793,3998735673,0.432,0.14,,,0.41,,0.022,0.002,20.923,1.98
Liberia,LBR,2003,3119534,2541250362,0.461,0.148,,,0.451,,0.01,0.002,23.884,2.054
Liberia,LBR,2004,3156893,2286431759,0.543,0.172,,,0.495,,0.048,0.002,24.028,2.199
Liberia,LBR,2005,3301016,2369891568,0.651,0.197,,,0.594,,0.057,0.002,23.519,2.398
Liberia,LBR,2006,3490792,2547129019,0.669,0.192,,,0.608,,0.061,0.002,23.405,2.629
Liberia,LBR,2007,3669050,2664910191,0.629,0.171,,,0.568,,0.061,0.002,23.481,2.504
Liberia,LBR,2008,3821006,2922602346,0.531,0.139,,,0.495,,0.036,0.002,23.056,2.478
Liberia,LBR,2009,3943035,3108980113,0.522,0.132,,,0.495,,0.027,0.002,27.418,2.617
Liberia,LBR,2010,4058897,3260614939,0.709,0.175,,,0.682,,0.028,0.002,27.68,2.799
Liberia,LBR,2011,4221177,3266880000,0.822,0.195,,,0.791,,0.031,0.002,30.01,2.955
Liberia,LBR,2012,4373046,3532273000,0.915,0.209,,,0.868,,0.047,0.003,30.123,3.095
Liberia,LBR,2013,4470246,3819600000,0.874,0.196,,,0.799,,0.076,0.002,30.545,3.089
Liberia,LBR,2014,4564299,3843632000,0.734,0.161,,,0.619,,0.114,0.002,31.428,3.019
Liberia,LBR,2015,4659436,3857900000,0.699,0.15,,,0.583,,0.115,0.002,28.222,3.032
Liberia,LBR,2016,4755607,3859976097,0.647,0.136,,,0.553,,0.093,0.002,28.545,2.945
Liberia,LBR,2017,4848927,3977674130,0.667,0.138,,,0.557,,0.11,0.002,29.224,2.981
Liberia,LBR,2018,4944728,4051631897,0.609,0.123,,,0.48,,0.129,0.002,26.613,2.949
Liberia,LBR,2019,5043719,3959325948,0.932,0.185,,,0.799,,0.133,0.003,24.691,3.389
Liberia,LBR,2020,5149470,3845664451,0.777,0.151,,,0.616,,0.161,0.002,23.961,3.279
Liberia,LBR,2021,5259327,4037436536,0.783,0.149,,,0.575,,0.207,0.002,22.81,3.275
Liberia,LBR,2022,5373297,4231561135,0.864,0.161,,,0.68,,0.184,0.002,24.004,3.436
Liberia,LBR,2023,5493035,,0.834,0.152,,,0.65,,0.184,0.002,24.534,3.421
Liberia,LBR,2024,5612813,,0.859,0.153,,,0.676,,0.184,0.002,24.54,3.481
Libya,LBY,1990,4445243,20372079786,36.514,8.214,,0.015,18.904,9.273,1.108,0.161,89.585,88.492
Libya,LBY,1991,4544404,25389275568,42.62,9.379,,0.015,25.283,9.273,0.971,0.184,92.914,92.092
Libya,LBY,1992,4640360,26617785979,37.024,7.979,,0.015,22.929,9.215,0.941,0.164,80.676,79.951
Libya,LBY,1993,4733053,27601955980,38.708,8.178,,0.011,25.533,8.897,0.94,0.17,76.419,75.673
Libya,LBY,1994,4822039,30319557468,51.36,10.651,,0.015,29.605,9.178,1.551,0.224,99.25,98.412
Libya,LBY,1995,4906851,31943529585,54.596,11.126,,0.015,31.878,9.064,1.308,0.232,108.966,105.914
Libya,LBY,1996,4987402,35211772243,53.952,10.818,,0.015,29.818,9.757,1.444,0.223,110.343,107.169
Libya,LBY,1997,5064642,39983284709,51.779,10.224,,0.015,30.72,10.189,1.025,0.212,96.78,96.253
Libya,LBY,1998,5140711,41617599793,51.653,10.048,,0.0,31.739,10.189,1.217,0.213,93.417,92.435
Libya,LBY,1999,5218039,45257158417,50.26,9.632,,0.0,33.35,7.925,1.215,0.202,88.893,87.926
Libya,LBY,2000,5305020,49983450587,53.239,10.036,,0.0,34.152,9.497,1.213,0.209,94.437,93.639
Libya,LBY,2001,5403639,54225701449,53.114,9.829,,0.0,34.563,10.076,1.208,0.207,90.874,90.047
Libya,LBY,2002,5508412,57785797189,52.525,9.535,,0.0,33.833,10.431,1.324,0.2,89.684,88.38
Libya,LBY,2003,5619405,70475273789,55.481,9.873,,0.0,34.939,10.564,1.398,0.201,97.79,96.891
Libya,LBY,2004,5736696,79415538130,56.854,9.911,,0.0,34.605,12.865,1.432,0.199,98.371,97.063
Libya,LBY,2005,5858793,94523140632,55.986,9.556,,0.0,34.984,10.915,1.435,0.189,100.316,98.855
Libya,LBY,2006,5980212,108872914713,51.45,8.603,,0.004,32.192,8.955,2.081,0.168,94.343,92.594
Libya,LBY,2007,6104381,123716329182,44.392,7.272,,0.0,25.219,9.944,2.016,0.141,84.49,82.572
Libya,LBY,2008,6235433,153726726038,49.699,7.97,,0.0,29.81,10.281,2.119,0.155,90.879,88.716
Libya,LBY,2009,6366689,165559661154,51.627,8.109,,,31.34,11.235,2.503,0.164,89.033,87.074
Libya,LBY,2010,6497837,187528533215,59.148,9.103,,,36.117,13.197,2.699,0.178,99.018,96.921
Libya,LBY,2011,6343210,79210078190,53.542,8.441,,,34.563,8.486,1.339,0.155,69.612,67.386
Libya,LBY,2012,6179327,147985814988,61.606,9.97,,,31.719,17.946,0.765,0.176,96.012,93.657
Libya,LBY,2013,6304636,121351322417,51.344,8.144,,,21.669,21.105,0.778,0.146,77.037,74.699
Libya,LBY,2014,6427260,93388346336,68.348,10.634,,,41.339,18.843,2.712,0.193,84.516,82.242
Libya,LBY,2015,6531825,92601079752,60.866,9.318,,,31.992,22.026,1.937,0.172,75.44,73.157
Libya,LBY,2016,6632130,91220396354,57.379,8.652,,,25.514,25.895,1.589,0.162,71.604,69.246
Libya,LBY,2017,6738771,120859728232,67.092,9.956,,,26.173,31.827,1.744,0.186,90.525,88.108
Libya,LBY,2018,6849058,130457185445,62.645,9.146,,,25.912,26.187,1.744,0.171,90.352,87.844
Libya,LBY,2019,6951040,115851209708,73.778,10.614,,,44.266,18.484,1.395,0.199,104.015,101.422
Libya,LBY,2020,7045403,81726075633,36.111,5.125,,,21.958,8.339,1.162,0.103,50.663,48.138
Libya,LBY,2021,7135179,104883157614,56.312,7.892,,,30.624,13.249,1.162,0.153,85.97,83.468
Libya,LBY,2022,7223804,91444480945,58.974,8.164,,,32.555,15.066,1.162,0.157,86.226,83.609
Libya,LBY,2023,7305659,,64.219,8.79,,,35.114,15.156,1.162,0.169,93.872,91.211
Libya,LBY,2024,7381029,,65.26,8.842,,,36.869,15.432,1.162,0.169,94.987,92.341
Liechtenstein,LIE,1990,28912,,0.199,6.882,,0.0,0.173,0.026,0.0,0.001,0.225,0.212
Liechtenstein,LIE,1991,29303,,0.206,7.041,,0.0,0.175,0.031,0.0,0.001,0.231,0.219
Liechtenstein,LIE,1992,29750,,0.207,6.956,,0.0,0.172,0.035,0.0,0.001,0.231,0.219
Liechtenstein,LIE,1993,30199,,0.215,7.121,,0.0,0.177,0.038,0.0,0.001,0.237,0.226
Liechtenstein,LIE,1994,30623,,0.201,6.567,,0.0,0.163,0.038,0.0,0.001,0.224,0.212
Liechtenstein,LIE,1995,31055,,0.204,6.575,,0.0,0.162,0.042,0.0,0.001,0.228,0.215
Liechtenstein,LIE,1996,31497,,0.206,6.539,,0.0,0.158,0.048,0.0,0.001,0.232,0.217
Liechtenstein,LIE,1997,31925,,0.218,6.84,,0.0,0.172,0.046,0.0,0.001,0.243,0.229
Liechtenstein,LIE,1998,32341,,0.229,7.088,,0.0,0.178,0.051,0.0,0.001,0.252,0.239
Liechtenstein,LIE,1999,32751,,0.227,6.918,,0.0,0.172,0.055,0.0,0.001,0.248,0.237
Liechtenstein,LIE,2000,33137,,0.217,6.544,,0.0,0.163,0.054,0.0,0.001,0.237,0.226
Liechtenstein,LIE,2001,33470,,0.215,6.414,,0.0,0.155,0.06,0.0,0.001,0.232,0.224
Liechtenstein,LIE,2002,33770,,0.22,6.515,,0.0,0.159,0.061,0.0,0.001,0.237,0.229
Liechtenstein,LIE,2003,34089,,0.229,6.728,,0.0,0.164,0.065,0.0,0.001,0.246,0.238
Liechtenstein,LIE,2004,34409,,0.229,6.666,,0.0,0.16,0.069,0.0,0.001,0.246,0.238
Liechtenstein,LIE,2005,34713,,0.229,6.596,,0.0,0.157,0.072,0.0,0.001,0.246,0.238
Liechtenstein,LIE,2006,35002,,0.231,6.602,,0.0,0.158,0.073,0.0,0.001,0.248,0.24
Liechtenstein,LIE,2007,35251,,0.201,5.694,,0.0,0.13,0.071,0.0,0.001,0.217,0.21
Liechtenstein,LIE,2008,35467,,0.219,6.188,,0.0,0.147,0.073,0.0,0.001,0.237,0.229
Liechtenstein,LIE,2009,35740,,0.205,5.745,,0.0,0.148,0.058,0.0,0.001,0.22,0.213
Liechtenstein,LIE,2010,36021,,0.191,5.296,,0.0,0.13,0.061,0.0,0.001,0.204,0.199
Liechtenstein,LIE,2011,36295,,0.177,4.869,,0.0,0.123,0.054,0.0,0.001,0.188,0.185
Liechtenstein,LIE,2012,36621,,0.185,5.059,,0.0,0.131,0.054,0.0,0.001,0.197,0.193
Liechtenstein,LIE,2013,36930,,0.192,5.212,,0.0,0.135,0.058,0.0,0.001,0.204,0.201
Liechtenstein,LIE,2014,37191,,0.161,4.334,,0.0,0.113,0.048,0.0,0.0,0.173,0.17
Liechtenstein,LIE,2015,37424,,0.16,4.266,,0.0,0.108,0.051,0.0,0.0,0.17,0.168
Liechtenstein,LIE,2016,37635,,0.15,3.976,,0.0,0.099,0.051,0.0,0.0,0.161,0.159
Liechtenstein,LIE,2017,37872,,0.155,4.105,,0.0,0.102,0.053,0.0,0.0,0.167,0.165
Liechtenstein,LIE,2018,38157,,0.143,3.736,,0.0,0.093,0.05,0.0,0.0,0.154,0.152
Liechtenstein,LIE,2019,38463,,0.149,3.865,,0.0,0.098,0.05,0.0,0.0,0.161,0.158
Liechtenstein,LIE,2020,38793,,0.142,3.65,,0.0,0.093,0.048,0.0,0.0,0.155,0.152
Liechtenstein,LIE,2021,39062,,0.146,3.727,,0.0,0.092,0.054,0.0,0.0,0.16,0.156
Liechtenstein,LIE,2022,39338,,0.128,3.262,,0.0,0.083,0.045,0.0,0.0,0.142,0.139
Liechtenstein,LIE,2023,39622,,0.131,3.312,,0.0,0.089,0.042,0.0,0.0,0.146,0.142
Liechtenstein,LIE,2024,39895,,0.132,3.299,,0.0,0.091,0.041,0.0,0.0,0.147,0.143
Lithuania,LTU,1990,3695016,51021989460,35.738,9.672,41.525,3.187,19.787,10.587,1.668,0.157,48.787,38.725
Lithuania,LTU,1991,3701408,47786759590,37.82,10.218,46.024,3.555,21.282,10.922,1.55,0.163,51.009,40.845
Lithuania,LTU,1992,3697552,37159351315,21.168,5.725,52.516,1.662,12.083,6.292,0.755,0.094,33.737,23.613
Lithuania,LTU,1993,3680201,30736278642,16.32,4.434,31.427,1.465,10.889,3.415,0.364,0.072,24.578,18.743
Lithuania,LTU,1994,3654893,27661451474,15.767,4.314,27.861,1.22,10.039,3.98,0.382,0.069,33.798,18.037
Lithuania,LTU,1995,3627038,29216540607,15.057,4.151,27.494,0.979,9.026,4.566,0.308,0.064,27.582,17.389
Lithuania,LTU,1996,3599721,30721763295,15.74,4.373,20.313,0.895,9.413,4.928,0.318,0.065,27.718,18.277
Lithuania,LTU,1997,3573418,33267370320,15.163,4.243,20.665,0.738,9.313,4.549,0.366,0.062,27.156,17.746
Lithuania,LTU,1998,3547768,35744382405,15.997,4.509,22.185,0.647,10.706,4.002,0.412,0.066,30.05,18.829
Lithuania,LTU,1999,3522905,35335381903,13.45,3.818,18.624,0.548,8.355,4.033,0.346,0.054,26.759,16.325
Lithuania,LTU,2000,3500410,36684799266,11.843,3.383,19.528,0.378,6.458,4.532,0.293,0.046,3.408,14.931
Lithuania,LTU,2001,3473008,39077069410,12.594,3.626,19.35,0.342,7.119,4.644,0.283,0.049,10.847,15.939
Lithuania,LTU,2002,3444051,41716677051,12.666,3.678,17.984,0.548,6.9,4.741,0.29,0.048,9.924,16.34
Lithuania,LTU,2003,3415276,46106059871,12.659,3.707,21.795,0.714,6.348,5.129,0.292,0.046,13.87,16.247
Lithuania,LTU,2004,3376703,49123583277,13.254,3.925,21.108,0.688,6.834,5.18,0.351,0.046,23.819,16.969
Lithuania,LTU,2005,3322264,52913078254,13.863,4.173,20.567,0.763,7.197,5.336,0.383,0.047,20.08,17.809
Lithuania,LTU,2006,3269809,56827410871,14.195,4.341,22.495,1.03,7.134,5.318,0.515,0.046,18.771,18.147
Lithuania,LTU,2007,3231378,63122228308,15.474,4.789,24.436,1.025,7.513,6.248,0.524,0.049,21.522,20.025
Lithuania,LTU,2008,3198482,64776249050,14.919,4.664,22.963,0.867,7.789,5.59,0.454,0.047,24.65,19.482
Lithuania,LTU,2009,3163255,55174536683,12.829,4.056,20.589,0.689,6.859,4.74,0.284,0.041,23.066,16.875
Lithuania,LTU,2010,3097721,56073777524,13.802,4.455,20.312,0.843,6.813,5.553,0.289,0.041,24.418,17.952
Lithuania,LTU,2011,3028642,59460372771,13.96,4.609,23.416,0.973,6.488,5.86,0.32,0.04,25.977,18.618
Lithuania,LTU,2012,2988334,61745948022,14.054,4.703,20.043,0.95,6.727,5.673,0.395,0.04,26.795,18.769
Lithuania,LTU,2013,2958359,63937849304,13.148,4.444,20.518,1.092,6.518,4.74,0.461,0.037,26.563,17.462
Lithuania,LTU,2014,2933171,66199372603,12.846,4.379,20.689,0.923,6.767,4.414,0.401,0.036,23.13,17.311
Lithuania,LTU,2015,2905771,67539660018,13.045,4.489,20.197,0.736,7.081,4.42,0.518,0.037,24.252,17.583
Lithuania,LTU,2016,2869109,69240911932,13.102,4.566,21.65,0.749,7.621,3.955,0.452,0.037,22.933,17.133
Lithuania,LTU,2017,2829317,72206131673,13.277,4.693,22.305,0.801,7.718,4.029,0.45,0.037,23.874,17.318
Lithuania,LTU,2018,2802485,75089601435,13.414,4.787,23.88,0.859,8.02,3.73,0.511,0.037,25.638,17.508
Lithuania,LTU,2019,2795057,78562641002,13.647,4.883,22.424,0.801,8.119,3.877,0.578,0.037,24.655,17.682
Lithuania,LTU,2020,2795766,78545278418,13.5,4.829,20.536,0.622,7.942,4.134,0.557,0.038,24.057,17.128
Lithuania,LTU,2021,2794490,83242845981,13.778,4.93,22.568,0.739,8.145,3.961,0.633,0.037,23.869,17.33
Lithuania,LTU,2022,2816923,84814257826,12.895,4.578,22.102,0.734,8.375,2.794,0.682,0.034,22.646,15.852
Lithuania,LTU,2023,2854104,,12.507,4.382,20.517,0.465,8.54,2.746,0.498,0.033,22.153,15.377
Lithuania,LTU,2024,2859112,,12.542,4.387,,0.379,8.364,3.042,0.498,0.032,21.776,15.049
Luxembourg,LUX,1990,381707,14057150121,11.809,30.938,11.809,6.302,3.872,1.036,0.539,0.052,12.704,12.099
Luxembourg,LUX,1991,386819,15215996110,12.42,32.109,12.42,6.015,4.761,1.074,0.515,0.054,13.747,12.73
Luxembourg,LUX,1992,391972,15437632140,12.189,31.098,12.189,5.54,4.944,1.122,0.52,0.054,13.395,12.511
Luxembourg,LUX,1993,397210,16036038097,12.338,31.062,12.338,5.736,4.945,1.161,0.432,0.054,13.943,12.7
Luxembourg,LUX,1994,402597,16598368279,11.524,28.624,11.524,4.844,4.952,1.174,0.487,0.05,12.747,11.874
Luxembourg,LUX,1995,408237,16769949507,9.134,22.375,9.134,2.705,4.586,1.343,0.434,0.039,10.267,9.46
Luxembourg,LUX,1996,413779,16910298497,9.186,22.2,9.186,2.46,4.77,1.461,0.428,0.038,10.361,9.502
Luxembourg,LUX,1997,418970,17813499245,8.548,20.402,8.548,1.541,5.007,1.491,0.442,0.035,9.673,8.864
Luxembourg,LUX,1998,424158,18821504348,7.657,18.052,7.657,0.42,5.239,1.495,0.444,0.032,8.795,7.968
Luxembourg,LUX,1999,429909,20355341580,8.119,18.886,7.742,0.444,5.597,1.546,0.465,0.033,9.483,8.432
Luxembourg,LUX,2000,436142,21937467256,8.702,19.953,8.593,0.471,6.063,1.609,0.492,0.034,9.881,9.027
Luxembourg,LUX,2001,441754,22387796714,9.205,20.838,8.359,0.471,6.458,1.781,0.429,0.036,10.333,9.521
Luxembourg,LUX,2002,446392,23160273686,9.978,22.354,8.513,0.371,6.556,2.54,0.443,0.038,11.064,10.294
Luxembourg,LUX,2003,451845,23454191347,10.451,23.129,11.541,0.346,7.073,2.576,0.389,0.038,11.515,10.77
Luxembourg,LUX,2004,458305,24195538088,11.816,25.782,12.989,0.385,8.074,2.859,0.427,0.041,12.87,12.141
Luxembourg,LUX,2005,465369,24872864640,12.076,25.949,14.241,0.377,8.381,2.829,0.42,0.041,13.112,12.399
Luxembourg,LUX,2006,472869,26045643731,11.906,25.177,13.851,0.47,7.995,2.958,0.415,0.039,13.024,12.229
Luxembourg,LUX,2007,480277,28135947926,11.302,23.533,10.77,0.408,7.684,2.731,0.41,0.036,12.416,11.619
Luxembourg,LUX,2008,488995,27660465282,11.167,22.836,14.888,0.356,7.766,2.594,0.382,0.035,12.211,11.476
Luxembourg,LUX,2009,498196,26344603078,10.62,21.316,8.535,0.339,7.197,2.659,0.358,0.034,11.66,10.916
Luxembourg,LUX,2010,507418,27526699944,11.191,22.054,9.861,0.326,7.582,2.842,0.371,0.034,12.284,11.515
Luxembourg,LUX,2011,518583,28143126706,11.09,21.384,10.64,0.315,7.852,2.464,0.389,0.032,12.154,11.392
Luxembourg,LUX,2012,530951,28607408843,10.858,20.45,10.32,0.286,7.624,2.5,0.381,0.031,11.894,11.145
Luxembourg,LUX,2013,543358,29514812514,10.323,18.999,9.815,0.276,7.507,2.115,0.372,0.029,11.393,10.603
Luxembourg,LUX,2014,556285,30289014849,9.807,17.629,9.634,0.277,7.091,2.006,0.36,0.028,10.861,10.078
Luxembourg,LUX,2015,569540,30976491415,9.334,16.389,9.362,0.288,6.812,1.83,0.329,0.026,10.334,9.568
Luxembourg,LUX,2016,583511,32518554202,9.077,15.556,8.918,0.294,6.675,1.682,0.351,0.026,10.128,9.324
Luxembourg,LUX,2017,596506,32946911821,9.251,15.509,8.906,0.283,6.866,1.657,0.371,0.026,10.303,9.496
Luxembourg,LUX,2018,608109,33348602359,9.556,15.715,8.734,0.267,7.236,1.609,0.369,0.026,10.574,9.814
Luxembourg,LUX,2019,620167,34122291521,9.75,15.722,8.464,0.274,7.397,1.608,0.395,0.026,10.801,10.01
Luxembourg,LUX,2020,630597,33850190319,8.069,12.796,7.258,0.236,5.902,1.469,0.399,0.023,9.082,8.285
Luxembourg,LUX,2021,640276,35577396523,8.41,13.134,7.994,0.242,6.186,1.589,0.351,0.023,9.397,8.628
Luxembourg,LUX,2022,653315,36128358732,7.274,11.135,7.992,0.239,5.406,1.249,0.369,0.019,8.205,7.478
Luxembourg,LUX,2023,665101,,6.841,10.285,7.332,0.175,5.244,1.169,0.241,0.018,7.77,7.037
Luxembourg,LUX,2024,673042,,7.04,10.46,,0.151,5.406,1.229,0.241,0.018,7.941,7.217
Macao,MAC,1990,351123,,0.901,2.567,,,0.901,,0.0,0.004,0.96,0.958
Macao,MAC,1991,362275,,0.967,2.67,,,0.967,,0.0,0.004,1.033,1.031
Macao,MAC,1992,372256,,0.978,2.628,,,0.978,,0.0,0.004,1.049,1.047
Macao,MAC,1993,381331,,1.103,2.892,,,1.103,,0.0,0.005,1.176,1.174
Macao,MAC,1994,390126,,1.18,3.024,,,1.18,,0.0,0.005,1.257,1.255
Macao,MAC,1995,398703,,1.125,2.821,,,1.125,,0.0,0.005,1.195,1.193
Macao,MAC,1996,407033,,1.301,3.196,,,1.301,,0.0,0.005,1.371,1.369
Macao,MAC,1997,415074,,1.367,3.293,,,1.367,,0.0,0.006,1.441,1.44
Macao,MAC,1998,422816,,1.444,3.414,,,1.444,,0.0,0.006,1.521,1.519
Macao,MAC,1999,430253,,1.425,3.313,,,1.425,,0.0,0.006,1.504,1.502
Macao,MAC,2000,437316,,1.528,3.494,,,1.528,,0.0,0.006,1.592,1.59
Macao,MAC,2001,445121,,1.561,3.507,,,1.561,,0.0,0.006,1.633,1.631
Macao,MAC,2002,456026,,1.389,3.045,,,1.389,,0.0,0.005,1.465,1.462
Macao,MAC,2003,469062,,1.422,3.031,,,1.422,,0.0,0.005,1.5,1.497
Macao,MAC,2004,482209,,1.583,3.282,,,1.583,,0.0,0.006,1.668,1.665
Macao,MAC,2005,495416,,1.682,3.395,,,1.682,,0.0,0.006,1.767,1.764
Macao,MAC,2006,508752,,1.455,2.859,,,1.455,,0.0,0.005,1.542,1.539
Macao,MAC,2007,522281,,1.363,2.61,,,1.363,,0.0,0.004,1.453,1.449
Macao,MAC,2008,535935,,1.129,2.106,,,0.971,0.158,0.0,0.004,1.213,1.21
Macao,MAC,2009,549492,,1.894,3.447,,0.007,1.707,0.18,0.0,0.006,1.982,1.98
Macao,MAC,2010,562809,,1.235,2.194,,0.004,0.934,0.297,0.0,0.004,1.318,1.315
Macao,MAC,2011,575644,,1.293,2.247,,0.0,1.15,0.143,0.0,0.004,1.379,1.376
Macao,MAC,2012,587450,,1.132,1.927,,0.0,1.132,0.0,0.0,0.003,1.22,1.217
Macao,MAC,2013,598752,,0.989,1.652,,0.0,0.989,0.0,0.0,0.003,1.075,1.072
Macao,MAC,2014,610308,,1.293,2.119,,0.0,1.18,0.114,0.0,0.004,1.382,1.379
Macao,MAC,2015,622185,,1.773,2.85,,0.0,1.77,0.004,0.0,0.005,1.876,1.873
Macao,MAC,2016,634317,,1.781,2.807,,0.0,1.762,0.018,0.0,0.005,1.885,1.881
Macao,MAC,2017,646558,,1.927,2.981,,,1.59,0.337,0.0,0.005,2.033,2.03
Macao,MAC,2018,658777,,1.242,1.885,,,1.063,0.179,0.0,0.003,1.342,1.339
Macao,MAC,2019,670982,,1.213,1.807,,,0.956,0.256,0.0,0.003,1.316,1.313
Macao,MAC,2020,683069,,1.033,1.513,,,0.894,0.139,0.0,0.003,1.136,1.133
Macao,MAC,2021,694404,,1.03,1.483,,,0.865,0.165,0.0,0.003,1.136,1.132
Macao,MAC,2022,704360,,1.049,1.489,,,0.824,0.225,0.0,0.003,1.158,1.154
Macao,MAC,2023,713916,,1.043,1.461,,,0.82,0.223,0.0,0.003,1.154,1.151
Macao,MAC,2024,720270,,1.056,1.467,,,0.858,0.199,0.0,0.003,1.169,1.166
Madagascar,MDG,1990,12055649,14680679623,0.944,0.078,1.15,0.033,0.887,,0.025,0.004,59.899,3.301
Madagascar,MDG,1991,12421413,13914919701,1.025,0.083,1.231,0.033,0.967,,0.025,0.004,60.699,3.497
Madagascar,MDG,1992,12800870,14242717909,1.003,0.078,1.249,0.033,0.945,,0.025,0.004,74.497,3.611
Madagascar,MDG,1993,13197353,14700034150,1.028,0.078,1.309,0.037,0.967,,0.025,0.005,75.826,3.861
Madagascar,MDG,1994,13613859,14862800285,1.152,0.085,1.43,0.033,1.103,,0.016,0.005,90.65,3.777
Madagascar,MDG,1995,14051279,15288150117,1.192,0.085,1.442,0.026,1.15,,0.016,0.005,86.33,4.105
Madagascar,MDG,1996,14510712,15793796727,1.249,0.086,1.518,0.026,1.205,,0.018,0.005,116.602,4.351
Madagascar,MDG,1997,14990818,16561069372,1.535,0.102,1.743,0.033,1.488,,0.015,0.006,139.043,4.599
Madagascar,MDG,1998,15489364,17393932608,1.619,0.105,1.961,0.033,1.568,,0.018,0.007,182.695,4.988
Madagascar,MDG,1999,16000506,18416245876,1.766,0.11,2.276,0.022,1.726,,0.019,0.007,174.727,5.316
Madagascar,MDG,2000,16516336,19457200304,1.955,0.118,3.045,0.026,1.909,,0.021,0.008,152.455,5.823
Madagascar,MDG,2001,17032933,20850416898,1.747,0.103,2.629,0.026,1.7,,0.021,0.007,115.858,5.649
Madagascar,MDG,2002,17549915,18473840634,1.232,0.07,2.493,0.026,1.194,,0.012,0.005,98.708,5.018
Madagascar,MDG,2003,18071860,20509701124,1.699,0.094,2.948,0.026,1.594,,0.08,0.006,92.432,5.809
Madagascar,MDG,2004,18606606,21834931987,1.804,0.097,2.891,0.026,1.711,,0.068,0.006,85.387,6.058
Madagascar,MDG,2005,19159711,23129761607,1.741,0.091,3.008,0.044,1.638,,0.059,0.006,79.753,6.306
Madagascar,MDG,2006,19730916,24652234312,1.675,0.085,2.725,0.04,1.576,,0.059,0.005,77.494,6.404
Madagascar,MDG,2007,20318590,26539188296,1.728,0.085,2.945,0.026,1.598,,0.105,0.005,80.303,6.752
Madagascar,MDG,2008,20923842,28762450059,1.787,0.085,4.315,0.037,1.689,,0.062,0.006,75.375,7.023
Madagascar,MDG,2009,21547277,27725052410,1.699,0.079,3.738,0.037,1.608,,0.054,0.005,71.653,7.12
Madagascar,MDG,2010,22183343,28122419419,1.872,0.084,3.286,0.106,1.704,,0.062,0.006,70.353,7.512
Madagascar,MDG,2011,22822305,28843634595,2.33,0.102,3.632,0.355,1.898,,0.076,0.007,67.487,8.219
Madagascar,MDG,2012,23462444,29712119552,2.66,0.113,3.817,0.615,1.958,,0.088,0.008,65.608,8.836
Madagascar,MDG,2013,24109290,30395500923,3.061,0.127,4.862,0.994,1.977,,0.09,0.009,66.823,9.526
Madagascar,MDG,2014,24764356,31410405446,2.971,0.12,4.829,0.898,2.015,,0.058,0.008,62.363,9.673
Madagascar,MDG,2015,25426703,32394175176,3.121,0.123,4.647,0.923,2.14,,0.058,0.009,65.551,10.15
Madagascar,MDG,2016,26099950,33687674194,3.257,0.125,5.07,0.901,2.297,,0.058,0.009,65.545,9.864
Madagascar,MDG,2017,26788379,35012614968,3.804,0.142,5.721,1.282,2.444,,0.077,0.011,64.87,10.612
Madagascar,MDG,2018,27494930,36130917975,3.604,0.131,5.277,1.114,2.44,,0.05,0.01,60.214,10.508
Madagascar,MDG,2019,28219559,37724649896,4.147,0.147,5.76,1.253,2.847,,0.046,0.011,60.553,11.65
Madagascar,MDG,2020,28953560,35031864099,3.788,0.131,5.588,1.231,2.499,,0.058,0.011,59.234,11.439
Madagascar,MDG,2021,29691087,37042695870,4.246,0.143,6.195,1.268,2.92,,0.058,0.012,59.019,12.136
Madagascar,MDG,2022,30437261,38602188321,4.21,0.138,6.191,1.138,3.013,,0.058,0.011,60.497,12.322
Madagascar,MDG,2023,31195937,,4.447,0.143,6.419,1.316,3.072,,0.058,0.012,60.64,12.637
Madagascar,MDG,2024,31964960,,4.528,0.142,,1.344,3.126,,0.058,0.012,61.492,12.949
Malawi,MWI,1990,9545860,8210711250,0.737,0.077,0.695,0.172,0.517,,0.048,0.003,17.101,3.185
Malawi,MWI,1991,9844228,8902464020,0.787,0.08,0.744,0.158,0.572,,0.058,0.003,14.396,3.271
Malawi,MWI,1992,10135082,8227066430,0.787,0.078,0.754,0.161,0.572,,0.054,0.003,11.125,3.305
Malawi,MWI,1993,10284027,9004543312,0.879,0.085,0.862,0.169,0.649,,0.062,0.004,7.294,3.325
Malawi,MWI,1994,10164899,8059879526,0.902,0.089,0.828,0.172,0.671,,0.059,0.004,15.989,3.422
Malawi,MWI,1995,10150122,9155587639,0.903,0.089,0.831,0.169,0.674,,0.06,0.004,18.511,3.414
Malawi,MWI,1996,10352227,10064712785,0.92,0.089,1.049,0.18,0.682,,0.058,0.004,18.497,3.452
Malawi,MWI,1997,10562035,10717042869,0.918,0.087,1.033,0.187,0.685,,0.046,0.004,23.161,3.455
Malawi,MWI,1998,10792877,10822285917,0.902,0.084,1.029,0.18,0.685,,0.037,0.004,24.725,3.537
Malawi,MWI,1999,11047812,11194866591,0.893,0.081,1.142,0.147,0.7,,0.047,0.004,23.849,3.727
Malawi,MWI,2000,11315947,11274206470,0.854,0.075,0.798,0.165,0.634,,0.055,0.003,23.157,3.76
Malawi,MWI,2001,11593057,10808318915,0.777,0.067,0.716,0.125,0.597,,0.055,0.003,20.135,3.589
Malawi,MWI,2002,11880443,10984271331,0.856,0.072,0.82,0.18,0.623,,0.054,0.003,23.323,3.708
Malawi,MWI,2003,12181575,11581699921,0.915,0.075,0.908,0.169,0.667,,0.079,0.003,21.915,3.846
Malawi,MWI,2004,12500736,12176822884,0.902,0.072,0.811,0.161,0.703,,0.037,0.003,27.327,3.874
Malawi,MWI,2005,12840034,12535229211,0.845,0.066,0.76,0.158,0.678,,0.01,0.003,27.19,3.909
Malawi,MWI,2006,13198699,13079496449,0.851,0.065,0.831,0.158,0.689,,0.005,0.003,24.444,3.976
Malawi,MWI,2007,13576344,14282894527,0.919,0.068,0.784,0.158,0.739,,0.022,0.003,26.203,4.082
Malawi,MWI,2008,13976415,15293785292,0.999,0.071,0.878,0.15,0.846,,0.002,0.003,25.97,4.241
Malawi,MWI,2009,14395788,16486871191,1.018,0.071,0.808,0.142,0.865,,0.01,0.003,21.171,4.355
Malawi,MWI,2010,14826466,17495879385,0.972,0.066,0.834,0.169,0.788,,0.016,0.003,19.337,4.399
Malawi,MWI,2011,15265026,18220347468,1.034,0.068,0.875,0.216,0.806,,0.012,0.003,19.081,4.532
Malawi,MWI,2012,15709577,18563980884,1.041,0.066,0.931,0.191,0.824,,0.026,0.003,19.303,4.604
Malawi,MWI,2013,16161816,19529310978,1.12,0.069,0.74,0.194,0.854,,0.072,0.003,22.111,4.707
Malawi,MWI,2014,16621534,20642483934,1.015,0.061,0.669,0.176,0.714,,0.125,0.003,22.989,4.672
Malawi,MWI,2015,17085587,21251437245,1.05,0.061,0.709,0.198,0.78,,0.072,0.003,22.225,4.703
Malawi,MWI,2016,17557741,21733841491,1.172,0.067,0.968,0.18,0.923,,0.07,0.003,22.25,4.891
Malawi,MWI,2017,18039714,22603193649,1.193,0.066,0.921,0.172,0.923,,0.097,0.003,23.321,4.943
Malawi,MWI,2018,18528086,23595927755,1.69,0.091,2.659,0.205,1.378,,0.107,0.005,24.84,5.526
Malawi,MWI,2019,19025748,24881432457,1.695,0.089,2.711,0.212,1.371,,0.112,0.005,26.52,5.67
Malawi,MWI,2020,19533885,25108605204,1.868,0.096,2.933,0.194,1.429,,0.245,0.005,26.238,5.921
Malawi,MWI,2021,20047264,26255309111,1.682,0.084,2.941,0.132,1.315,,0.236,0.005,23.246,5.669
Malawi,MWI,2022,20568731,26465351444,1.801,0.088,3.197,0.15,1.411,,0.24,0.005,25.2,5.921
Malawi,MWI,2023,21104480,,1.853,0.088,3.233,0.173,1.439,,0.24,0.005,25.74,6.018
Malawi,MWI,2024,21655288,,1.881,0.087,,0.177,1.464,,0.24,0.005,25.004,6.076
Malaysia,MYS,1990,17833179,143192117242,54.269,3.043,72.206,5.412,35.713,6.837,3.244,0.239,246.991,68.637
Malaysia,MYS,1991,18342474,157808067102,65.785,3.586,79.128,6.071,39.776,13.293,3.384,0.283,232.16,81.004
Malaysia,MYS,1992,18834569,173041788524,72.961,3.874,88.758,6.324,44.181,16.004,3.275,0.324,256.138,88.57
Malaysia,MYS,1993,19322667,191754981739,86.612,4.482,93.878,5.386,50.184,22.027,3.425,0.381,282.889,102.75
Malaysia,MYS,1994,19820446,211154262265,87.497,4.415,94.69,6.232,52.249,22.391,4.007,0.381,288.631,104.13
Malaysia,MYS,1995,20330602,233787220224,109.595,5.391,105.318,6.331,54.641,42.008,4.285,0.466,276.036,125.476
Malaysia,MYS,1996,20850085,259190306939,110.108,5.281,104.455,7.738,58.518,36.252,4.789,0.454,265.074,128.423
Malaysia,MYS,1997,21375225,280383835444,118.471,5.542,114.659,6.375,68.086,35.441,5.207,0.486,258.622,139.456
Malaysia,MYS,1998,21906713,261784096585,109.782,5.011,79.255,6.284,59.701,35.94,5.325,0.452,263.039,127.779
Malaysia,MYS,1999,22435532,279671618438,103.987,4.635,94.063,5.207,52.824,37.959,5.48,0.419,222.38,122.791
Malaysia,MYS,2000,22967817,305803211129,122.881,5.35,106.543,7.874,56.154,49.673,6.588,0.482,234.89,142.585
Malaysia,MYS,2001,23526535,309934494308,130.89,5.564,112.655,9.93,63.481,48.582,6.327,0.509,265.493,150.891
Malaysia,MYS,2002,24102477,329700338274,132.035,5.478,119.257,12.546,60.705,49.024,7.146,0.503,277.628,152.816
Malaysia,MYS,2003,24679604,350966698067,153.384,6.215,130.153,18.214,62.222,61.881,7.731,0.555,277.125,177.208
Malaysia,MYS,2004,25256773,377079435469,169.674,6.718,139.88,31.72,67.61,59.219,7.775,0.593,296.046,194.138
Malaysia,MYS,2005,25836075,399781035415,169.978,6.579,142.878,26.113,68.806,64.08,7.616,0.574,296.443,195.158
Malaysia,MYS,2006,26417909,426608936099,170.166,6.441,145.402,26.626,62.325,69.546,8.136,0.556,306.76,196.376
Malaysia,MYS,2007,26998383,458125848157,175.454,6.499,157.304,29.938,68.827,65.438,7.872,0.557,325.805,201.454
Malaysia,MYS,2008,27570052,485245105845,192.847,6.995,171.874,38.037,70.211,72.633,8.416,0.602,360.445,219.831
Malaysia,MYS,2009,28124779,483081319364,192.123,6.831,164.962,46.595,68.612,65.443,7.93,0.61,393.082,219.564
Malaysia,MYS,2010,28655772,525056610488,199.346,6.957,186.887,55.34,73.374,60.807,7.059,0.598,386.12,224.388
Malaysia,MYS,2011,29162034,557469657636,203.453,6.977,200.001,55.546,71.752,64.783,7.766,0.59,442.215,227.813
Malaysia,MYS,2012,29662835,587985572583,212.994,7.18,222.532,59.87,74.28,66.289,8.111,0.609,448.654,237.795
Malaysia,MYS,2013,30174269,615585637854,241.671,8.009,251.038,57.989,87.213,82.274,8.793,0.685,512.12,266.458
Malaysia,MYS,2014,30696133,652563833807,245.053,7.983,253.409,57.87,88.718,82.562,9.468,0.691,506.073,270.528
Malaysia,MYS,2015,31232796,685237676618,235.942,7.554,235.857,66.754,76.189,77.211,8.673,0.666,439.685,262.109
Malaysia,MYS,2016,31789692,715730748101,237.294,7.464,242.868,71.524,77.291,73.524,9.126,0.67,399.247,264.291
Malaysia,MYS,2017,32355642,757336192678,244.457,7.555,246.361,78.957,80.88,70.427,8.776,0.68,389.246,271.735
Malaysia,MYS,2018,32910963,794013962862,262.647,7.981,265.965,84.59,80.676,84.26,9.064,0.715,389.989,290.076
Malaysia,MYS,2019,33440590,829053844392,277.673,8.303,275.232,80.139,94.751,89.764,9.121,0.749,392.269,305.069
Malaysia,MYS,2020,33889554,783174020832,262.159,7.736,262.96,94.073,68.495,83.744,11.292,0.746,368.905,288.548
Malaysia,MYS,2021,34282404,807389756202,273.332,7.973,274.132,87.493,73.027,97.598,11.308,0.741,386.138,299.47
Malaysia,MYS,2022,34695494,877584198429,281.884,8.125,283.799,89.215,71.195,107.201,11.247,0.751,383.867,308.686
Malaysia,MYS,2023,35126295,,276.297,7.866,286.508,92.571,77.318,90.465,13.136,0.725,376.353,303.717
Malaysia,MYS,2024,35557670,,290.224,8.162,,97.57,79.098,95.277,15.4,0.752,388.685,317.191
Maldives,MDV,1990,224772,,0.169,0.75,,,0.169,,0.0,0.001,0.211,0.211
Maldives,MDV,1991,231810,,0.154,0.664,,,0.154,,0.0,0.001,0.197,0.197
Maldives,MDV,1992,238559,,0.231,0.968,,,0.231,,0.0,0.001,0.276,0.276
Maldives,MDV,1993,244893,,0.194,0.793,,,0.194,,0.0,0.001,0.241,0.241
Maldives,MDV,1994,250831,,0.198,0.789,,,0.198,,0.0,0.001,0.25,0.25
Maldives,MDV,1995,256660,,0.249,0.971,,,0.249,,0.0,0.001,0.304,0.304
Maldives,MDV,1996,262354,,0.289,1.103,,,0.289,,0.0,0.001,0.346,0.346
Maldives,MDV,1997,267711,,0.33,1.232,,,0.33,,0.0,0.001,0.387,0.387
Maldives,MDV,1998,272734,,0.3,1.102,,,0.3,,0.0,0.001,0.361,0.361
Maldives,MDV,1999,277423,,0.421,1.519,,,0.421,,0.0,0.002,0.484,0.484
Maldives,MDV,2000,282025,,0.451,1.598,,,0.451,,0.0,0.002,0.522,0.522
Maldives,MDV,2001,286778,,0.462,1.61,,,0.462,,0.0,0.002,0.533,0.533
Maldives,MDV,2002,291631,,0.59,2.023,,,0.59,,0.0,0.002,0.668,0.668
Maldives,MDV,2003,296497,,0.509,1.718,,,0.509,,0.0,0.002,0.589,0.589
Maldives,MDV,2004,301416,,0.663,2.2,,,0.663,,0.0,0.002,0.752,0.751
Maldives,MDV,2005,306429,,0.601,1.961,,,0.601,,0.0,0.002,0.69,0.69
Maldives,MDV,2006,313866,,0.744,2.37,,,0.744,,0.0,0.002,0.844,0.843
Maldives,MDV,2007,324489,,0.78,2.405,,,0.78,,0.0,0.002,0.888,0.886
Maldives,MDV,2008,336178,,0.839,2.496,,,0.839,,0.0,0.003,0.953,0.953
Maldives,MDV,2009,348282,,0.883,2.535,,,0.883,,0.0,0.003,1.002,1.002
Maldives,MDV,2010,360802,,0.931,2.579,,,0.931,,0.0,0.003,1.058,1.057
Maldives,MDV,2011,373683,,0.986,2.638,,,0.986,,0.0,0.003,1.118,1.117
Maldives,MDV,2012,386821,,1.11,2.87,,,1.11,,0.0,0.003,1.257,1.255
Maldives,MDV,2013,400077,,1.096,2.738,,,1.096,,0.0,0.003,1.249,1.248
Maldives,MDV,2014,413623,,1.319,3.189,,,1.319,,0.0,0.004,1.49,1.489
Maldives,MDV,2015,428165,,1.282,2.995,,,1.282,,0.0,0.004,1.444,1.442
Maldives,MDV,2016,443316,,1.433,3.232,,,1.433,,0.0,0.004,1.602,1.6
Maldives,MDV,2017,458297,,1.513,3.302,,,1.513,,0.0,0.004,1.689,1.686
Maldives,MDV,2018,473106,,1.737,3.671,,,1.737,,0.0,0.005,1.922,1.92
Maldives,MDV,2019,487737,,1.993,4.087,,,1.993,,0.0,0.005,2.19,2.189
Maldives,MDV,2020,502127,,1.678,3.342,,,1.678,,0.0,0.005,1.881,1.879
Maldives,MDV,2021,516163,,1.997,3.869,,,1.997,,0.0,0.005,2.208,2.206
Maldives,MDV,2022,524116,,2.216,4.228,,,2.216,,0.0,0.006,2.434,2.433
Maldives,MDV,2023,526009,,2.205,4.193,,,2.205,,0.0,0.006,2.429,2.428
Maldives,MDV,2024,527801,,2.306,4.369,,,2.306,,0.0,0.006,2.537,2.537
Mali,MLI,1990,9178826,9628796516,0.422,0.046,,,0.414,,0.008,0.002,21.479,1.967
Mali,MLI,1991,9362885,10269524230,0.426,0.045,,,0.418,,0.008,0.002,25.754,1.992
Mali,MLI,1992,9553540,9995131433,0.463,0.048,,,0.454,,0.008,0.002,61.661,1.986
Mali,MLI,1993,9754786,10249532964,0.503,0.052,,,0.495,,0.008,0.002,51.165,2.018
Mali,MLI,1994,9967035,10520791586,0.548,0.055,,,0.542,,0.006,0.002,49.191,2.206
Mali,MLI,1995,10185368,10736646746,0.595,0.058,,,0.59,,0.005,0.003,84.697,2.304
Mali,MLI,1996,10407274,11389964147,0.646,0.062,,,0.641,,0.005,0.003,59.152,2.378
Mali,MLI,1997,10646499,11793168043,0.723,0.068,,,0.711,,0.012,0.003,44.72,2.319
Mali,MLI,1998,10919577,12008585843,0.931,0.085,,,0.931,,0.0,0.004,34.758,2.754
Mali,MLI,1999,11227420,12634193722,0.971,0.086,,,0.971,,0.0,0.004,33.128,2.911
Mali,MLI,2000,11559291,12490372339,1.066,0.092,,,1.066,,0.0,0.004,35.037,2.95
Mali,MLI,2001,11912162,14257391001,1.161,0.098,,,1.161,,0.0,0.005,49.723,3.121
Mali,MLI,2002,12288051,14544531770,1.209,0.098,,,1.209,,0.0,0.005,77.108,3.169
Mali,MLI,2003,12684951,15730792757,1.246,0.098,,,1.246,,,0.005,42.694,3.255
Mali,MLI,2004,13102415,15828925288,1.414,0.108,,,1.414,,,0.005,57.837,3.578
Mali,MLI,2005,13538648,16700213321,1.458,0.108,,,1.458,,,0.005,43.639,3.685
Mali,MLI,2006,13990143,17320423242,1.535,0.11,,,1.535,,,0.005,41.057,3.811
Mali,MLI,2007,14457776,17779653731,1.784,0.123,,,1.784,,,0.006,46.177,4.093
Mali,MLI,2008,14940786,18486110807,1.957,0.131,,,1.957,,,0.006,47.288,4.339
Mali,MLI,2009,15435536,19186286887,1.887,0.122,,,1.887,,,0.006,44.398,4.301
Mali,MLI,2010,15945201,20054729287,2.088,0.131,,,2.088,,,0.006,45.291,4.567
Mali,MLI,2011,16469054,20518694824,2.279,0.138,,,2.279,,0.0,0.007,47.088,4.793
Mali,MLI,2012,16957039,20347159384,2.437,0.144,,,2.437,,0.0,0.007,49.717,4.952
Mali,MLI,2013,17459619,20814126326,2.743,0.157,,,2.572,,0.171,0.008,50.507,5.387
Mali,MLI,2014,18020267,22288805151,3.139,0.174,,,2.884,,0.256,0.009,51.519,5.801
Mali,MLI,2015,18593022,23664472662,3.399,0.183,,,3.155,,0.244,0.01,57.66,6.376
Mali,MLI,2016,19191298,25049317347,4.286,0.223,,,4.034,,0.252,0.012,59.736,7.429
Mali,MLI,2017,19813016,26378184458,4.767,0.241,,,4.507,,0.26,0.013,61.292,8.015
Mali,MLI,2018,20442031,27630093375,5.198,0.254,,,4.811,,0.387,0.014,62.951,8.445
Mali,MLI,2019,21068405,28946666484,5.594,0.266,,,5.207,,0.387,0.015,63.609,8.325
Mali,MLI,2020,21713837,28586570096,6.33,0.292,,,5.749,,0.581,0.018,67.676,9.269
Mali,MLI,2021,22388637,29459890071,7.393,0.33,,,6.734,,0.659,0.02,63.085,11.229
Mali,MLI,2022,23072641,30551085997,7.02,0.304,,,6.322,,0.697,0.019,62.847,10.917
Mali,MLI,2023,23769130,,6.743,0.284,,,6.046,,0.697,0.018,64.07,10.69
Mali,MLI,2024,24478597,,6.979,0.285,,,6.281,,0.697,0.018,65.657,11.466
Malta,MLT,1990,367913,4761399641,2.427,6.598,3.263,0.71,1.716,0.0,0.0,0.011,2.613,2.506
Malta,MLT,1991,371335,5017928103,2.272,6.118,3.124,0.575,1.695,0.0,0.0,0.01,2.462,2.352
Malta,MLT,1992,374805,5251067551,2.294,6.119,3.271,0.485,1.807,0.0,0.0,0.01,2.497,2.375
Malta,MLT,1993,378222,5496706096,2.886,7.629,3.531,0.71,2.174,0.0,0.0,0.013,3.097,2.976
Malta,MLT,1994,381467,5813472890,2.658,6.969,3.529,0.483,2.174,0.0,0.0,0.012,2.853,2.751
Malta,MLT,1995,384559,6198303778,2.452,6.377,3.802,0.123,2.327,0.0,0.0,0.01,2.643,2.549
Malta,MLT,1996,387627,6430283255,2.534,6.537,3.491,0.0,2.532,0.0,0.0,0.01,2.71,2.627
Malta,MLT,1997,390687,6769141339,2.556,6.543,3.3,0.0,2.554,0.0,0.0,0.01,2.734,2.653
Malta,MLT,1998,393782,7118691053,2.525,6.412,3.899,0.0,2.524,0.0,0.0,0.01,2.7,2.626
Malta,MLT,1999,396897,7456060205,2.573,6.482,4.599,0.0,2.572,0.0,0.0,0.01,2.755,2.675
Malta,MLT,2000,399905,7963752394,2.468,6.172,6.216,0.0,2.468,0.0,0.0,0.01,2.679,2.57
Malta,MLT,2001,402788,8019470830,2.737,6.794,6.592,0.0,2.736,0.0,0.0,0.011,2.94,2.844
Malta,MLT,2002,405571,8259626928,2.747,6.774,6.765,0.0,2.747,0.0,0.0,0.01,2.958,2.854
Malta,MLT,2003,408236,8473515195,2.961,7.253,4.877,0.0,2.96,0.0,0.0,0.011,3.17,3.074
Malta,MLT,2004,410800,8512522890,2.849,6.935,4.547,0.0,2.849,0.0,0.0,0.01,3.047,2.963
Malta,MLT,2005,413324,8839849182,2.65,6.411,3.642,0.0,2.649,0.0,0.0,0.009,2.868,2.778
Malta,MLT,2006,415463,9004655302,2.655,6.391,4.009,0.0,2.655,0.0,0.0,0.009,2.889,2.798
Malta,MLT,2007,417201,9368888474,2.728,6.538,5.128,0.0,2.727,0.0,0.0,0.009,2.97,2.88
Malta,MLT,2008,418969,9685986656,2.721,6.495,6.852,0.0,2.721,0.0,0.0,0.008,2.974,2.883
Malta,MLT,2009,420800,9450779381,2.561,6.086,5.642,0.0,2.56,0.0,0.0,0.008,2.846,2.736
Malta,MLT,2010,422654,9788869399,2.619,6.197,7.269,0.0,2.618,0.0,0.0,0.008,2.896,2.806
Malta,MLT,2011,424635,9930574943,2.608,6.142,9.56,0.0,2.607,0.0,0.0,0.008,2.892,2.817
Malta,MLT,2012,426616,10339580228,2.749,6.444,8.995,0.0,2.748,0.0,0.0,0.008,2.944,2.868
Malta,MLT,2013,428457,10905471410,2.43,5.671,7.288,0.0,2.427,0.0,0.0,0.007,2.62,2.543
Malta,MLT,2014,434494,11737898948,2.417,5.564,8.697,0.0,2.414,0.0,0.0,0.007,2.608,2.533
Malta,MLT,2015,444978,12865695938,1.697,3.815,11.173,0.0,1.695,0.0,0.0,0.005,1.902,1.822
Malta,MLT,2016,455276,13300698899,1.376,3.022,15.452,0.0,1.374,0.0,0.0,0.004,1.583,1.508
Malta,MLT,2017,467902,14746505042,1.537,3.285,12.961,0.0,0.984,0.552,0.0,0.004,1.744,1.674
Malta,MLT,2018,484560,15659758064,1.548,3.194,16.92,0.0,0.866,0.681,0.0,0.004,1.747,1.676
Malta,MLT,2019,504017,16757308198,1.649,3.272,15.868,0.0,0.94,0.708,0.0,0.004,1.844,1.784
Malta,MLT,2020,518212,15314071319,1.601,3.089,13.55,0.0,0.864,0.736,0.0,0.005,1.79,1.73
Malta,MLT,2021,524383,17122043843,1.611,3.073,16.25,0.0,0.872,0.739,0.0,0.004,1.802,1.742
Malta,MLT,2022,528194,18295132993,1.774,3.359,16.119,0.0,1.026,0.747,0.0,0.005,1.961,1.905
Malta,MLT,2023,532964,,1.768,3.317,14.296,0.0,0.985,0.782,0.0,0.005,1.952,1.898
Malta,MLT,2024,539612,,1.729,3.204,,0.0,1.002,0.727,0.0,0.004,1.91,1.857
Marshall Islands,MHL,1990,44648,,,,,,,,,,,
Marshall Islands,MHL,1991,45587,,,,,,,,,,,
Marshall Islands,MHL,1992,46406,,0.077,1.658,,,0.077,,0.0,0.0,,
Marshall Islands,MHL,1993,47112,,0.081,1.711,,,0.081,,0.0,0.0,,
Marshall Islands,MHL,1994,47731,,0.084,1.766,,,0.084,,0.0,0.0,,
Marshall Islands,MHL,1995,48283,,0.088,1.821,,,0.088,,0.0,0.0,,
Marshall Islands,MHL,1996,48795,,0.092,1.877,,,0.092,,0.0,0.0,,
Marshall Islands,MHL,1997,49277,,0.092,1.859,,,0.092,,0.0,0.0,,
Marshall Islands,MHL,1998,49732,,0.092,1.842,,,0.092,,0.0,0.0,,
Marshall Islands,MHL,1999,50221,,0.092,1.824,,,0.092,,0.0,0.0,,
Marshall Islands,MHL,2000,50721,,0.099,1.95,,,0.099,,0.0,0.0,,
Marshall Islands,MHL,2001,51137,,0.103,2.006,,,0.103,,0.0,0.0,,
Marshall Islands,MHL,2002,51441,,0.11,2.137,,,0.11,,0.0,0.0,,
Marshall Islands,MHL,2003,51657,,0.11,2.128,,,0.11,,0.0,0.0,,
Marshall Islands,MHL,2004,51803,,0.114,2.193,,,0.114,,0.0,0.0,,
Marshall Islands,MHL,2005,51928,,0.114,2.187,,,0.114,,0.0,0.0,,
Marshall Islands,MHL,2006,52011,,0.121,2.325,,,0.121,,0.0,0.0,,
Marshall Islands,MHL,2007,52050,,0.128,2.464,,,0.128,,0.0,0.0,,
Marshall Islands,MHL,2008,52049,,0.128,2.464,,,0.128,,0.0,0.0,,
Marshall Islands,MHL,2009,52036,,0.132,2.535,,,0.132,,0.0,0.0,,
Marshall Islands,MHL,2010,52064,,0.136,2.604,,,0.136,,0.0,0.0,,
Marshall Islands,MHL,2011,51927,,0.136,2.611,,,0.136,,0.0,0.0,,
Marshall Islands,MHL,2012,51438,,0.136,2.636,,,0.136,,0.0,0.0,,
Marshall Islands,MHL,2013,50696,,0.139,2.746,,,0.139,,0.0,0.0,,
Marshall Islands,MHL,2014,49815,,0.139,2.795,,,0.139,,0.0,0.0,,
Marshall Islands,MHL,2015,48823,,0.143,2.927,,,0.143,,0.0,0.0,,
Marshall Islands,MHL,2016,47730,,0.143,2.994,,,0.143,,0.0,0.0,,
Marshall Islands,MHL,2017,46544,,0.147,3.149,,,0.147,,0.0,0.0,,
Marshall Islands,MHL,2018,45307,,0.147,3.235,,,0.147,,0.0,0.0,,
Marshall Islands,MHL,2019,44030,,0.147,3.329,,,0.147,,0.0,0.0,,
Marshall Islands,MHL,2020,42728,,0.147,3.43,,,0.147,,0.0,0.0,,
Marshall Islands,MHL,2021,41387,,0.147,3.541,,,0.147,,0.0,0.0,,
Marshall Islands,MHL,2022,40094,,0.148,3.702,,,0.148,,0.0,0.0,,
Marshall Islands,MHL,2023,38849,,0.148,3.802,,,0.148,,0.0,0.0,,
Marshall Islands,MHL,2024,37572,,0.154,4.112,,,0.154,,0.0,0.0,,
Mauritania,MRT,1990,1951881,2908675000,0.854,0.437,,0.015,0.839,,0.0,0.004,9.375,1.609
Mauritania,MRT,1991,2009739,3053303240,0.868,0.432,,0.015,0.854,,0.0,0.004,9.666,1.654
Mauritania,MRT,1992,2088143,3186885725,0.905,0.433,,0.015,0.89,,0.0,0.004,9.687,1.739
Mauritania,MRT,1993,2174333,3536022015,0.927,0.426,,0.015,0.912,,0.0,0.004,10.062,1.78
Mauritania,MRT,1994,2249462,3783132604,0.959,0.427,,0.015,0.945,,0.0,0.004,9.446,1.843
Mauritania,MRT,1995,2312027,3768651979,1.015,0.439,,0.011,1.004,,0.0,0.004,9.304,1.933
Mauritania,MRT,1996,2358193,4253698601,1.063,0.451,,0.007,1.055,,0.0,0.004,9.7,2.007
Mauritania,MRT,1997,2411316,4166595327,1.077,0.447,,0.004,1.074,,0.0,0.004,9.989,2.036
Mauritania,MRT,1998,2474650,4371026651,1.074,0.434,,0.004,1.07,,0.0,0.004,10.399,2.071
Mauritania,MRT,1999,2541700,4762456974,1.096,0.431,,0.0,1.096,,0.0,0.004,11.054,2.226
Mauritania,MRT,2000,2613450,4838789905,1.114,0.426,,0.0,1.114,,0.0,0.004,11.666,2.247
Mauritania,MRT,2001,2678766,5040767611,1.172,0.438,,,1.172,,0.0,0.005,11.844,2.329
Mauritania,MRT,2002,2738659,5178324094,1.249,0.456,,,1.249,,0.0,0.005,11.624,2.462
Mauritania,MRT,2003,2802050,5603753283,1.286,0.459,,,1.286,,0.0,0.005,11.859,2.567
Mauritania,MRT,2004,2868671,6050710140,1.385,0.483,,,1.385,,0.0,0.005,11.902,2.742
Mauritania,MRT,2005,2939060,6728916707,1.434,0.488,,,1.433,,0.0,0.005,12.169,2.858
Mauritania,MRT,2006,3013659,8166141817,1.55,0.514,,,1.422,,0.0,0.005,12.622,3.03
Mauritania,MRT,2007,3093065,8570478345,1.758,0.568,,,1.638,,0.0,0.006,12.862,3.187
Mauritania,MRT,2008,3183276,8846256694,1.831,0.575,,,1.77,,0.0,0.006,12.513,3.276
Mauritania,MRT,2009,3284454,8935093258,2.012,0.613,,,1.96,,0.0,0.006,12.965,3.504
Mauritania,MRT,2010,3390968,9559709837,2.094,0.617,,,2.045,,0.0,0.006,13.247,3.611
Mauritania,MRT,2011,3502813,10187328000,2.227,0.636,,,2.151,,0.0,0.006,13.55,3.764
Mauritania,MRT,2012,3619035,10792467000,2.448,0.676,,,2.345,,0.0,0.007,13.79,4.023
Mauritania,MRT,2013,3734324,11410722000,2.169,0.581,,,2.063,,0.0,0.006,13.657,3.772
Mauritania,MRT,2014,3848511,12165303000,2.563,0.666,,,2.495,,0.0,0.007,14.414,4.202
Mauritania,MRT,2015,3965959,12316128000,3.002,0.757,,,2.924,,0.0,0.008,15.072,4.661
Mauritania,MRT,2016,4086655,12416318727,2.624,0.642,,,2.532,,0.0,0.007,14.99,4.315
Mauritania,MRT,2017,4210603,13137043588,3.581,0.851,,,3.506,,0.0,0.01,16.741,5.308
Mauritania,MRT,2018,4337685,13699199188,4.444,1.025,,,4.444,,0.0,0.012,17.189,6.187
Mauritania,MRT,2019,4467714,14424796068,4.613,1.033,,,4.613,,0.0,0.012,17.075,6.44
Mauritania,MRT,2020,4600136,14289417678,4.782,1.039,,,4.782,,0.0,0.014,17.242,6.65
Mauritania,MRT,2021,4734874,14638845766,4.5,0.95,,,4.5,,0.0,0.012,17.045,6.361
Mauritania,MRT,2022,4875644,15674544913,5.267,1.08,,,5.267,,0.0,0.014,17.965,7.172
Mauritania,MRT,2023,5022442,,5.037,1.003,,,5.037,,0.0,0.013,18.023,6.966
Mauritania,MRT,2024,5169403,,5.239,1.013,,,5.233,,0.0,0.014,18.201,7.19
Mauritius,MUS,1990,1089033,12196699680,1.462,1.342,1.963,0.198,1.264,,0.0,0.006,2.147,1.991
Mauritius,MUS,1991,1103050,12478462632,1.521,1.379,2.033,0.175,1.345,,0.0,0.007,2.2,2.051
Mauritius,MUS,1992,1117676,13020302423,1.707,1.528,2.286,0.191,1.517,,0.0,0.008,2.407,2.245
Mauritius,MUS,1993,1132397,13435064889,1.773,1.566,2.359,0.168,1.605,,0.0,0.008,2.462,2.314
Mauritius,MUS,1994,1146559,13759079701,1.623,1.416,2.378,0.092,1.532,,0.0,0.007,2.317,2.162
Mauritius,MUS,1995,1159824,14115290935,1.828,1.576,2.532,0.168,1.66,,0.0,0.008,2.544,2.38
Mauritius,MUS,1996,1172390,14579957121,1.949,1.663,2.625,0.11,1.839,,0.0,0.008,2.687,2.503
Mauritius,MUS,1997,1184304,15156261651,1.997,1.686,2.862,0.121,1.876,,0.0,0.008,2.715,2.561
Mauritius,MUS,1998,1195111,15794127997,2.169,1.815,3.019,0.161,2.008,,0.0,0.009,2.884,2.739
Mauritius,MUS,1999,1205903,15922518933,2.426,2.011,2.977,0.322,2.103,,0.0,0.01,3.162,2.977
Mauritius,MUS,2000,1216632,16933370565,2.689,2.211,4.611,0.594,2.096,,0.0,0.011,3.639,3.26
Mauritius,MUS,2001,1225807,17203931989,2.862,2.334,4.529,0.689,2.173,,0.0,0.011,3.643,3.444
Mauritius,MUS,2002,1234090,17186721600,2.884,2.337,4.75,0.736,2.147,,0.0,0.011,3.625,3.46
Mauritius,MUS,2003,1242094,17869390349,3.059,2.463,5.154,0.751,2.308,,0.0,0.011,3.806,3.646
Mauritius,MUS,2004,1249799,18313509621,3.089,2.471,5.485,0.667,2.422,,0.0,0.011,4.159,3.684
Mauritius,MUS,2005,1257215,18306765429,3.294,2.62,5.116,0.851,2.443,,0.0,0.011,4.103,3.889
Mauritius,MUS,2006,1263785,18846649433,3.627,2.87,5.679,1.136,2.492,,0.0,0.012,4.394,4.229
Mauritius,MUS,2007,1269522,19573401107,3.686,2.903,5.7,1.323,2.363,,0.0,0.012,4.437,4.286
Mauritius,MUS,2008,1274635,20249055784,3.767,2.955,6.279,1.543,2.224,,0.0,0.012,4.503,4.372
Mauritius,MUS,2009,1278976,20448211941,3.708,2.899,5.631,1.411,2.297,,0.0,0.012,4.498,4.317
Mauritius,MUS,2010,1282710,20850923367,3.913,3.051,5.669,1.572,2.341,,0.0,0.012,4.65,4.53
Mauritius,MUS,2011,1286270,21190874379,3.917,3.045,5.951,1.506,2.411,,0.0,0.011,4.656,4.535
Mauritius,MUS,2012,1289174,21931705213,3.964,3.075,5.847,1.587,2.378,,0.0,0.011,4.73,4.584
Mauritius,MUS,2013,1290988,22668609990,4.067,3.15,6.129,1.671,2.396,,0.0,0.012,5.471,4.684
Mauritius,MUS,2014,1292006,23536142578,4.206,3.256,6.436,1.735,2.471,,0.0,0.012,5.242,4.832
Mauritius,MUS,2015,1292283,24404852680,4.21,3.258,5.958,1.685,2.524,,0.0,0.012,5.153,4.839
Mauritius,MUS,2016,1291807,25347373765,4.342,3.361,6.431,1.715,2.627,,0.0,0.012,5.23,4.978
Mauritius,MUS,2017,1290654,26345551590,4.54,3.517,6.967,1.788,2.752,,0.0,0.013,5.392,5.172
Mauritius,MUS,2018,1288836,27401224769,4.455,3.457,7.3,1.696,2.759,,0.0,0.012,5.28,5.09
Mauritius,MUS,2019,1286269,28193387492,4.525,3.518,7.328,1.561,2.964,,0.0,0.012,5.293,5.164
Mauritius,MUS,2020,1283231,24077716198,3.8,2.961,6.675,1.552,2.248,,0.0,0.011,4.586,4.425
Mauritius,MUS,2021,1279628,24920195118,3.968,3.101,7.343,1.731,2.237,,0.0,0.011,4.76,4.598
Mauritius,MUS,2022,1276134,26988574640,4.317,3.383,7.728,1.362,2.955,,0.0,0.012,5.096,4.952
Mauritius,MUS,2023,1273591,,4.588,3.602,7.913,1.575,3.013,,0.0,0.012,5.362,5.226
Mauritius,MUS,2024,1271171,,4.674,3.677,,1.608,3.066,,0.0,0.012,5.437,5.31
Mexico,MEX,1990,82820170,823577476195,316.746,3.825,325.467,15.895,235.642,52.923,10.439,1.393,662.303,375.038
Mexico,MEX,1991,84430565,865148747123,329.831,3.907,343.052,15.51,246.535,55.268,10.649,1.421,615.138,389.928
Mexico,MEX,1992,86044806,902108311201,332.453,3.864,350.954,14.81,248.717,55.612,11.425,1.476,589.453,392.888
Mexico,MEX,1993,87653817,925343285645,337.722,3.853,357.881,18.203,249.797,55.066,12.044,1.485,590.37,400.465
Mexico,MEX,1994,89259202,972991932169,351.534,3.938,370.047,20.247,258.052,56.902,13.526,1.53,610.362,415.395
Mexico,MEX,1995,90862449,916478942218,330.905,3.642,329.8,22.266,237.244,56.92,10.796,1.407,586.199,397.445
Mexico,MEX,1996,92452700,971219776949,341.544,3.694,345.816,25.194,236.845,62.746,12.052,1.409,590.155,412.175
Mexico,MEX,1997,94021204,1045710706219,362.466,3.855,382.304,25.575,252.204,65.772,12.689,1.487,626.194,438.523
Mexico,MEX,1998,95575242,1105636637948,381.102,3.987,407.337,26.267,264.274,71.088,13.206,1.569,650.56,459.412
Mexico,MEX,1999,97115710,1156619631372,386.036,3.975,419.872,26.0,271.403,69.803,13.671,1.554,642.297,462.945
Mexico,MEX,2000,98625553,1241194674661,391.435,3.969,457.079,26.696,263.874,81.202,14.281,1.534,652.32,468.042
Mexico,MEX,2001,100099101,1251502726420,407.485,4.071,461.543,30.638,275.577,82.887,13.813,1.586,653.466,482.324
Mexico,MEX,2002,101548627,1275458026881,410.301,4.04,462.29,34.701,265.359,92.171,14.343,1.562,650.365,483.786
Mexico,MEX,2003,102978517,1306677417369,435.969,4.234,469.225,42.458,273.195,101.903,14.439,1.577,675.456,512.94
Mexico,MEX,2004,104394131,1373060298988,438.588,4.201,491.093,37.882,276.736,105.647,15.135,1.533,668.875,515.391
Mexico,MEX,2005,105811504,1427140428046,463.436,4.38,512.88,46.811,291.123,105.516,16.462,1.566,692.625,542.283
Mexico,MEX,2006,107253666,1510732401129,474.523,4.424,529.629,50.289,284.691,117.938,17.593,1.551,709.629,556.295
Mexico,MEX,2007,108774356,1572479287017,473.595,4.354,522.551,45.84,286.649,117.274,18.82,1.504,698.851,557.315
Mexico,MEX,2008,110374286,1607479004533,472.981,4.285,529.087,40.784,288.397,118.567,18.512,1.476,693.87,559.868
Mexico,MEX,2009,111999720,1543820957956,460.29,4.11,508.488,40.813,272.739,123.432,17.739,1.461,674.108,544.354
Mexico,MEX,2010,113623898,1638271507559,456.409,4.017,524.828,51.054,259.679,124.122,16.857,1.37,670.53,539.84
Mexico,MEX,2011,115243503,1716088331953,483.302,4.194,564.995,56.041,272.512,130.707,17.668,1.402,697.774,569.001
Mexico,MEX,2012,116818208,1774999946047,501.492,4.293,579.791,49.226,290.158,135.727,18.331,1.435,711.128,586.541
Mexico,MEX,2013,118343572,1803059285337,495.412,4.186,589.616,49.977,277.692,142.276,17.367,1.404,707.327,581.3
Mexico,MEX,2014,119784265,1854551091374,484.045,4.041,586.205,48.944,269.275,138.503,18.19,1.365,695.661,569.395
Mexico,MEX,2015,121072310,1916008739051,479.434,3.96,572.353,44.114,258.874,147.977,19.074,1.354,684.176,565.085
Mexico,MEX,2016,122251344,1961906742138,478.828,3.917,572.01,47.621,251.592,151.455,19.637,1.353,652.94,565.385
Mexico,MEX,2017,123400052,2007719438156,464.407,3.763,560.79,48.533,245.838,143.25,19.662,1.291,644.26,550.943
Mexico,MEX,2018,124573713,2051539127317,468.421,3.76,571.2,47.317,228.846,165.521,19.376,1.275,640.318,554.723
Mexico,MEX,2019,125762978,2047701179708,468.236,3.723,562.917,45.272,238.024,157.099,19.411,1.263,698.522,554.987
Mexico,MEX,2020,126799053,1880176557054,428.937,3.383,502.051,33.705,204.103,160.949,19.338,1.22,635.45,515.552
Mexico,MEX,2021,127648151,1973141022977,446.838,3.501,539.119,29.22,219.979,165.84,19.561,1.212,630.706,533.09
Mexico,MEX,2022,128613116,2033437602787,453.799,3.528,557.573,34.75,229.839,159.765,18.79,1.209,631.024,541.972
Mexico,MEX,2023,129739761,,458.254,3.532,564.969,39.6,217.452,172.077,18.802,1.203,633.49,548.305
Mexico,MEX,2024,130861001,,460.988,3.523,,40.178,219.371,171.627,19.048,1.194,635.719,551.308
Micronesia (country),FSM,1990,100904,,,,,,,,,,0.001,0.005
Micronesia (country),FSM,1991,102764,,,,,,,,,,0.046,0.005
Micronesia (country),FSM,1992,104823,,0.136,1.293,,,0.136,,0.0,0.001,0.185,0.141
Micronesia (country),FSM,1993,107082,,0.143,1.334,,,0.143,,0.0,0.001,0.194,0.148
Micronesia (country),FSM,1994,109090,,0.154,1.411,,,0.154,,0.0,0.001,0.206,0.159
Micronesia (country),FSM,1995,110244,,0.176,1.595,,,0.176,,0.0,0.001,0.23,0.181
Micronesia (country),FSM,1996,110723,,0.183,1.655,,,0.183,,0.0,0.001,0.238,0.189
Micronesia (country),FSM,1997,111088,,0.194,1.748,,,0.194,,0.0,0.001,0.25,0.2
Micronesia (country),FSM,1998,111394,,0.205,1.842,,,0.205,,0.0,0.001,0.261,0.211
Micronesia (country),FSM,1999,111693,,0.191,1.706,,,0.191,,0.0,0.001,0.248,0.196
Micronesia (country),FSM,2000,112067,,0.18,1.602,,,0.18,,0.0,0.001,0.237,0.185
Micronesia (country),FSM,2001,112378,,0.165,1.467,,,0.165,,0.0,0.001,0.222,0.17
Micronesia (country),FSM,2002,112464,,0.15,1.336,,,0.15,,0.0,0.001,0.208,0.156
Micronesia (country),FSM,2003,112298,,0.161,1.436,,,0.161,,0.0,0.001,0.22,0.167
Micronesia (country),FSM,2004,111939,,0.143,1.277,,,0.143,,0.0,0.0,0.201,0.148
Micronesia (country),FSM,2005,111420,,0.114,1.019,,,0.114,,0.0,0.0,0.172,0.119
Micronesia (country),FSM,2006,110739,,0.114,1.026,,,0.114,,0.0,0.0,0.172,0.119
Micronesia (country),FSM,2007,109896,,0.128,1.167,,,0.128,,0.0,0.0,0.188,0.133
Micronesia (country),FSM,2008,108947,,0.114,1.043,,,0.114,,0.0,0.0,0.172,0.119
Micronesia (country),FSM,2009,107968,,0.147,1.357,,,0.147,,0.0,0.0,0.207,0.152
Micronesia (country),FSM,2010,107559,,0.103,0.954,,,0.103,,0.0,0.0,0.163,0.108
Micronesia (country),FSM,2011,107712,,0.117,1.089,,,0.117,,0.0,0.0,0.176,0.122
Micronesia (country),FSM,2012,107908,,0.128,1.188,,,0.128,,0.0,0.0,0.179,0.133
Micronesia (country),FSM,2013,108133,,0.136,1.254,,,0.136,,0.0,0.0,0.187,0.141
Micronesia (country),FSM,2014,108407,,0.139,1.284,,,0.139,,0.0,0.0,0.191,0.144
Micronesia (country),FSM,2015,108727,,0.143,1.314,,,0.143,,0.0,0.0,0.195,0.148
Micronesia (country),FSM,2016,109088,,0.143,1.31,,,0.143,,0.0,0.0,0.195,0.148
Micronesia (country),FSM,2017,109495,,0.143,1.305,,,0.143,,0.0,0.0,0.195,0.148
Micronesia (country),FSM,2018,109925,,0.143,1.3,,,0.143,,0.0,0.0,0.195,0.148
Micronesia (country),FSM,2019,110293,,0.143,1.296,,,0.143,,0.0,0.0,0.198,0.148
Micronesia (country),FSM,2020,110930,,0.143,1.288,,,0.143,,0.0,0.0,0.196,0.148
Micronesia (country),FSM,2021,111635,,0.143,1.28,,,0.143,,0.0,0.0,0.198,0.148
Micronesia (country),FSM,2022,112122,,0.145,1.291,,,0.145,,0.0,0.0,0.2,0.15
Micronesia (country),FSM,2023,112646,,0.144,1.279,,,0.144,,0.0,0.0,0.2,0.15
Micronesia (country),FSM,2024,113171,,0.151,1.331,,,0.151,,0.0,0.0,0.207,0.156
Moldova,MDA,1990,4451150,43214990000,36.505,8.201,,7.453,19.467,8.446,0.972,0.161,42.367,38.144
Moldova,MDA,1991,4456609,35018363780,29.618,6.646,,6.484,15.079,6.997,0.901,0.128,34.964,31.126
Moldova,MDA,1992,4455714,24417045830,20.978,4.708,,4.011,9.499,6.993,0.474,0.093,25.334,22.389
Moldova,MDA,1993,4448241,23693282988,15.846,3.562,,3.836,6.386,5.218,0.406,0.07,19.705,17.21
Moldova,MDA,1994,4434457,16084200840,12.427,2.802,,3.697,3.378,5.023,0.328,0.054,16.67,13.725
Moldova,MDA,1995,4414216,15569831884,11.405,2.584,,2.246,3.052,5.859,0.249,0.048,15.482,12.665
Moldova,MDA,1996,4387653,14391438093,11.687,2.664,,1.982,2.81,6.701,0.193,0.048,15.556,12.894
Moldova,MDA,1997,4355537,14366532241,7.301,1.676,,0.997,2.568,3.466,0.27,0.03,10.51,8.47
Moldova,MDA,1998,4318713,13191426007,6.444,1.492,,0.983,2.126,3.12,0.215,0.027,8.869,7.552
Moldova,MDA,1999,4278220,12519934662,4.685,1.095,,0.447,1.419,2.607,0.211,0.019,6.836,5.743
Moldova,MDA,2000,4234969,12554043876,3.573,0.844,,0.366,1.282,1.751,0.173,0.014,5.534,4.612
Moldova,MDA,2001,4189769,13087722618,3.787,0.904,,0.26,1.433,1.92,0.174,0.015,5.948,4.825
Moldova,MDA,2002,4142937,13857813762,4.052,0.978,,0.278,1.63,1.924,0.219,0.015,6.185,5.134
Moldova,MDA,2003,4095418,14513550202,4.404,1.075,,0.337,1.766,2.056,0.246,0.016,6.527,5.518
Moldova,MDA,2004,4046672,15302841155,4.613,1.14,,0.319,1.909,2.103,0.283,0.016,6.573,5.736
Moldova,MDA,2005,3988668,16157452511,4.938,1.238,,0.286,1.921,2.365,0.365,0.017,6.861,6.069
Moldova,MDA,2006,3921320,16628252777,5.03,1.283,,0.344,1.869,2.36,0.457,0.016,6.872,6.175
Moldova,MDA,2007,3851397,16819758019,4.979,1.293,,0.169,1.931,2.176,0.703,0.016,6.797,6.117
Moldova,MDA,2008,3779503,17815141666,5.19,1.373,,0.326,2.034,2.041,0.79,0.016,6.733,6.345
Moldova,MDA,2009,3706212,16449234621,4.54,1.225,,0.348,1.975,1.876,0.341,0.014,6.21,5.685
Moldova,MDA,2010,3631990,17299250407,4.831,1.33,,0.326,2.173,1.982,0.35,0.014,6.725,6.188
Moldova,MDA,2011,3557278,18145357193,4.945,1.39,,0.333,2.268,1.916,0.427,0.014,6.99,6.325
Moldova,MDA,2012,3482629,18038303680,4.766,1.368,,0.414,2.085,1.825,0.442,0.014,5.084,6.15
Moldova,MDA,2013,3408741,19669685322,4.899,1.437,,0.553,2.147,1.722,0.477,0.014,5.694,6.302
Moldova,MDA,2014,3342715,20653170404,4.755,1.423,,0.363,2.176,1.751,0.465,0.013,5.782,6.176
Moldova,MDA,2015,3287168,20583362405,4.785,1.456,,0.37,2.29,1.682,0.443,0.014,5.768,6.215
Moldova,MDA,2016,3237798,21490882450,4.907,1.516,,0.282,2.464,1.727,0.434,0.014,6.137,6.373
Moldova,MDA,2017,3193500,22393497127,5.09,1.594,,0.403,2.554,1.726,0.408,0.014,5.83,6.608
Moldova,MDA,2018,3153779,23311634910,5.351,1.697,,0.293,2.667,1.876,0.515,0.015,6.605,6.869
Moldova,MDA,2019,3112561,24150849841,5.378,1.728,,0.367,2.75,1.734,0.528,0.015,6.498,6.862
Moldova,MDA,2020,3069135,22146328756,5.113,1.666,,0.286,2.59,1.766,0.471,0.015,6.549,6.634
Moldova,MDA,2021,3023780,25234640526,5.76,1.905,,0.337,2.891,2.019,0.513,0.016,7.49,7.398
Moldova,MDA,2022,3039986,23827554273,5.173,1.702,,0.236,3.089,1.44,0.409,0.014,6.558,6.865
Moldova,MDA,2023,3067072,,5.329,1.738,,0.217,3.174,1.36,0.578,0.014,6.757,7.037
Moldova,MDA,2024,3034967,,5.327,1.755,,0.246,3.139,1.363,0.578,0.014,6.697,7.121
Monaco,MCO,1990,30382,,,,,,,,,,,
Monaco,MCO,1991,30654,,,,,,,,,,,
Monaco,MCO,1992,30909,,,,,,,,,,,
Monaco,MCO,1993,31165,,,,,,,,,,,
Monaco,MCO,1994,31398,,,,,,,,,,,
Monaco,MCO,1995,31636,,,,,,,,,,,
Monaco,MCO,1996,31859,,,,,,,,,,,
Monaco,MCO,1997,32090,,,,,,,,,,,
Monaco,MCO,1998,32289,,,,,,,,,,,
Monaco,MCO,1999,32435,,,,,,,,,,,
Monaco,MCO,2000,32477,,,,,,,,,,,
Monaco,MCO,2001,32466,,,,,,,,,,,
Monaco,MCO,2002,32441,,,,,,,,,,,
Monaco,MCO,2003,32396,,,,,,,,,,,
Monaco,MCO,2004,32329,,,,,,,,,,,
Monaco,MCO,2005,32235,,,,,,,,,,,
Monaco,MCO,2006,32083,,,,,,,,,,,
Monaco,MCO,2007,31859,,,,,,,,,,,
Monaco,MCO,2008,31862,,,,,,,,,,,
Monaco,MCO,2009,32390,,,,,,,,,,,
Monaco,MCO,2010,33188,,,,,,,,,,,
Monaco,MCO,2011,33968,,,,,,,,,,,
Monaco,MCO,2012,34738,,,,,,,,,,,
Monaco,MCO,2013,35476,,,,,,,,,,,
Monaco,MCO,2014,36155,,,,,,,,,,,
Monaco,MCO,2015,36785,,,,,,,,,,,
Monaco,MCO,2016,37301,,,,,,,,,,,
Monaco,MCO,2017,37700,,,,,,,,,,,
Monaco,MCO,2018,38179,,,,,,,,,,,
Monaco,MCO,2019,38131,,,,,,,,,,,
Monaco,MCO,2020,38074,,,,,,,,,,,
Monaco,MCO,2021,38548,,,,,,,,,,,
Monaco,MCO,2022,38950,,,,,,,,,,,
Monaco,MCO,2023,38979,,,,,,,,,,,
Monaco,MCO,2024,38657,,,,,,,,,,,
Mongolia,MNG,1990,2164578,4502883000,9.791,4.523,8.916,7.306,2.356,,0.129,0.043,49.884,11.122
Mongolia,MNG,1991,2202772,4287970064,11.96,5.429,8.731,10.171,1.704,,0.085,0.052,51.687,14.047
Mongolia,MNG,1992,2239130,4068637517,10.943,4.887,9.139,9.194,1.7,,0.05,0.049,42.968,12.801
Mongolia,MNG,1993,2273515,4139237763,9.193,4.044,6.041,7.592,1.575,,0.026,0.04,37.223,10.82
Mongolia,MNG,1994,2305743,4442844414,7.865,3.411,5.835,6.8,1.033,,0.031,0.034,34.464,9.34
Mongolia,MNG,1995,2335717,4952892782,7.837,3.355,5.948,6.841,0.956,,0.04,0.033,35.454,9.3
Mongolia,MNG,1996,2363469,5318281056,7.935,3.358,7.154,6.83,1.066,,0.039,0.033,83.431,8.764
Mongolia,MNG,1997,2389133,5799570113,7.615,3.187,6.294,6.525,1.048,,0.042,0.031,90.2,8.413
Mongolia,MNG,1998,2412793,6297035099,7.622,3.159,6.622,6.434,1.147,,0.041,0.031,64.543,8.405
Mongolia,MNG,1999,2434041,6816929799,7.488,3.076,7.276,6.298,1.15,,0.039,0.03,59.854,8.291
Mongolia,MNG,2000,2455182,7225650413,7.432,3.027,7.386,6.137,1.261,,0.034,0.029,59.039,8.298
Mongolia,MNG,2001,2477704,7799420655,7.804,3.15,7.862,6.356,1.422,,0.025,0.03,51.073,8.69
Mongolia,MNG,2002,2500074,8569503317,8.197,3.279,8.149,6.775,1.367,,0.055,0.031,32.882,9.15
Mongolia,MNG,2003,2521809,9616040556,7.935,3.146,8.445,6.383,1.491,,0.061,0.029,24.201,8.917
Mongolia,MNG,2004,2542801,11156311740,8.501,3.343,8.656,6.793,1.652,,0.056,0.03,23.274,9.506
Mongolia,MNG,2005,2563466,12547451302,8.515,3.322,8.937,6.811,1.63,,0.073,0.029,29.241,11.198
Mongolia,MNG,2006,2584761,14288905306,9.281,3.591,9.7,7.372,1.821,,0.088,0.03,31.95,12.405
Mongolia,MNG,2007,2607976,16520107221,11.958,4.585,12.384,9.57,2.275,,0.112,0.038,35.666,15.679
Mongolia,MNG,2008,2634431,18865759800,11.918,4.524,13.245,9.337,2.458,,0.123,0.037,38.408,15.939
Mongolia,MNG,2009,2665333,19534582355,13.03,4.889,13.656,10.648,2.283,,0.1,0.041,41.668,19.363
Mongolia,MNG,2010,2701739,21791068014,13.772,5.098,14.924,11.18,2.421,,0.172,0.041,45.14,25.425
Mongolia,MNG,2011,2745183,26811268000,21.368,7.784,23.805,18.206,3.005,,0.157,0.062,55.826,36.112
Mongolia,MNG,2012,2795463,30114910000,34.996,12.519,35.855,31.394,3.433,,0.157,0.1,68.076,48.048
Mongolia,MNG,2013,2851887,33619040000,43.478,15.245,43.678,39.791,3.576,,0.096,0.123,77.095,55.899
Mongolia,MNG,2014,2913041,36271699000,29.63,10.171,29.286,26.014,3.408,,0.182,0.084,66.198,42.451
Mongolia,MNG,2015,2976528,37107214000,23.279,7.821,23.495,19.694,3.367,,0.182,0.066,59.679,33.966
Mongolia,MNG,2016,3040815,37322351698,25.629,8.428,23.635,22.533,2.888,,0.192,0.072,68.574,41.206
Mongolia,MNG,2017,3104371,39053686549,34.139,10.997,30.169,30.074,3.759,,0.3,0.095,81.784,53.137
Mongolia,MNG,2018,3167714,41646694213,45.319,14.307,40.783,40.945,3.957,,0.414,0.123,90.733,65.535
Mongolia,MNG,2019,3232118,43979841080,47.119,14.578,41.577,41.638,4.994,,0.487,0.127,96.915,68.33
Mongolia,MNG,2020,3290786,41975349786,42.478,12.908,37.543,36.992,4.961,,0.525,0.121,88.088,61.099
Mongolia,MNG,2021,3339676,42662390805,35.972,10.771,33.557,30.594,4.804,,0.574,0.098,81.53,53.452
Mongolia,MNG,2022,3386015,44809463232,40.443,11.944,36.486,34.691,5.15,,0.603,0.108,84.561,54.684
Mongolia,MNG,2023,3431938,,44.184,12.874,36.605,38.456,5.125,,0.603,0.116,102.833,72.276
Mongolia,MNG,2024,3475541,,44.694,12.86,,38.731,5.36,,0.603,0.116,98.21,67.438
Montenegro,MNE,1990,620507,3852049384,2.209,3.56,,1.618,0.587,,,0.01,2.676,2.616
Montenegro,MNE,1991,623564,3585538585,1.563,2.506,,1.031,0.529,,,0.007,1.653,1.927
Montenegro,MNE,1992,626030,2862750332,1.671,2.67,,1.345,0.326,,,0.007,1.736,2.04
Montenegro,MNE,1993,628107,1856250947,1.458,2.321,,1.219,0.238,,,0.006,1.26,1.773
Montenegro,MNE,1994,629890,1915098721,1.416,2.248,,1.199,0.217,,,0.006,1.717,1.718
Montenegro,MNE,1995,631386,2226638536,1.496,2.369,,1.265,0.231,,,0.006,1.535,1.841
Montenegro,MNE,1996,632625,2909671906,1.75,2.766,,1.278,0.471,,,0.007,1.99,2.171
Montenegro,MNE,1997,633539,3194862294,1.881,2.969,,1.252,0.629,,,0.008,2.13,2.306
Montenegro,MNE,1998,634099,3442987998,1.98,3.123,,1.424,0.557,,,0.008,1.726,2.404
Montenegro,MNE,1999,634280,3205303470,1.365,2.153,,1.092,0.274,,,0.005,1.074,1.728
Montenegro,MNE,2000,634198,3766655741,1.516,2.39,,1.256,0.26,,,0.006,1.339,1.932
Montenegro,MNE,2001,634001,4003584918,1.627,2.566,,1.167,0.46,,,0.006,1.179,2.094
Montenegro,MNE,2002,633767,4290323123,1.74,2.746,,1.213,0.528,,,0.007,1.35,2.167
Montenegro,MNE,2003,633563,4622735968,1.863,2.941,,1.278,0.586,,,0.007,1.984,2.263
Montenegro,MNE,2004,633756,5084311894,2.034,3.21,,1.344,0.69,,,0.007,2.268,2.424
Montenegro,MNE,2005,634059,5587145362,1.934,3.05,,1.134,0.801,,,0.007,0.514,2.303
Montenegro,MNE,2006,633876,6395709656,2.063,3.254,,1.257,0.806,,,0.007,0.876,2.411
Montenegro,MNE,2007,633388,7462959925,2.056,3.245,,1.024,1.031,,,0.007,1.329,2.465
Montenegro,MNE,2008,632855,8414771352,2.605,4.116,,1.512,1.093,,,0.008,1.724,3.001
Montenegro,MNE,2009,632445,8371377925,1.682,2.659,,0.817,0.865,,,0.005,0.482,2.062
Montenegro,MNE,2010,632088,9033097807,2.422,3.832,,1.623,0.799,,,0.007,1.13,2.826
Montenegro,MNE,2011,632689,9801452189,2.407,3.805,,1.677,0.73,,,0.007,1.193,2.818
Montenegro,MNE,2012,633546,9593079942,2.213,3.493,,1.506,0.707,,,0.006,0.569,2.604
Montenegro,MNE,2013,633199,9985414363,2.151,3.397,,1.451,0.7,,,0.006,0.669,2.548
Montenegro,MNE,2014,631377,10205667487,2.107,3.337,,1.418,0.689,,,0.006,0.491,2.491
Montenegro,MNE,2015,628145,10689584516,2.239,3.564,,1.495,0.744,,,0.006,0.806,2.659
Montenegro,MNE,2016,624246,10988665274,2.015,3.228,,1.183,0.832,,,0.006,0.503,2.454
Montenegro,MNE,2017,620112,11487747356,2.103,3.392,,1.202,0.901,,,0.006,0.532,2.559
Montenegro,MNE,2018,615798,12049855060,2.404,3.903,,1.425,0.978,,,0.007,1.836,2.86
Montenegro,MNE,2019,611671,12539436047,2.477,4.049,,1.455,1.022,,,0.007,1.821,2.946
Montenegro,MNE,2020,607934,10620037519,2.404,3.954,,1.513,0.89,,,0.007,1.767,2.85
Montenegro,MNE,2021,603854,12005261164,2.411,3.993,,1.326,1.085,,,0.007,1.551,2.844
Montenegro,MNE,2022,614649,12774399882,2.495,4.06,,1.409,1.087,,,0.007,1.466,2.932
Montenegro,MNE,2023,633553,,2.407,3.799,,1.334,1.073,,,0.006,1.304,2.835
Montenegro,MNE,2024,638481,,2.376,3.722,,1.286,1.09,,,0.006,1.221,2.791
Montserrat,MSR,1990,10700,,0.029,2.739,,,0.029,,0.0,0.0,,
Montserrat,MSR,1991,10464,,0.029,2.801,,,0.029,,0.0,0.0,,
Montserrat,MSR,1992,10013,,0.029,2.927,,,0.029,,0.0,0.0,,
Montserrat,MSR,1993,9454,,0.029,3.1,,,0.029,,0.0,0.0,,
Montserrat,MSR,1994,8867,,0.033,3.719,,,0.033,,0.0,0.0,,
Montserrat,MSR,1995,8257,,0.033,3.994,,,0.033,,0.0,0.0,,
Montserrat,MSR,1996,7626,,0.037,4.805,,,0.037,,0.0,0.0,,
Montserrat,MSR,1997,6979,,0.033,4.725,,,0.033,,0.0,0.0,,
Montserrat,MSR,1998,6321,,0.029,4.637,,,0.029,,0.0,0.0,,
Montserrat,MSR,1999,5685,,0.037,6.445,,,0.037,,0.0,0.0,,
Montserrat,MSR,2000,5053,,0.026,5.076,,,0.026,,0.0,0.0,,
Montserrat,MSR,2001,4616,,0.026,5.556,,,0.026,,0.0,0.0,,
Montserrat,MSR,2002,4500,,0.044,9.771,,,0.044,,0.0,0.0,,
Montserrat,MSR,2003,4515,,0.037,8.115,,,0.037,,0.0,0.0,,
Montserrat,MSR,2004,4541,,0.048,10.489,,,0.048,,0.0,0.0,,
Montserrat,MSR,2005,4574,,0.04,8.812,,,0.04,,0.0,0.0,,
Montserrat,MSR,2006,4606,,0.04,8.75,,,0.04,,0.0,0.0,,
Montserrat,MSR,2007,4649,,0.04,8.669,,,0.04,,0.0,0.0,,
Montserrat,MSR,2008,4700,,0.044,9.355,,,0.044,,0.0,0.0,,
Montserrat,MSR,2009,4759,,0.044,9.239,,,0.044,,0.0,0.0,,
Montserrat,MSR,2010,4819,,0.059,12.165,,,0.059,,0.0,0.0,,
Montserrat,MSR,2011,4846,,0.037,7.561,,,0.037,,0.0,0.0,,
Montserrat,MSR,2012,4822,,0.04,8.358,,,0.04,,0.0,0.0,,
Montserrat,MSR,2013,4774,,0.051,10.745,,,0.051,,0.0,0.0,,
Montserrat,MSR,2014,4738,,0.044,9.28,,,0.044,,0.0,0.0,,
Montserrat,MSR,2015,4693,,0.051,10.93,,,0.051,,0.0,0.0,,
Montserrat,MSR,2016,4665,,0.029,6.283,,,0.029,,0.0,0.0,,
Montserrat,MSR,2017,4624,,0.026,5.547,,,0.026,,0.0,0.0,,
Montserrat,MSR,2018,4595,,0.029,6.379,,,0.029,,0.0,0.0,,
Montserrat,MSR,2019,4564,,0.026,5.62,,,0.026,,0.0,0.0,,
Montserrat,MSR,2020,4532,,0.022,4.851,,,0.022,,0.0,0.0,,
Montserrat,MSR,2021,4505,,0.022,4.88,,,0.022,,0.0,0.0,,
Montserrat,MSR,2022,4476,,0.026,5.73,,,0.026,,0.0,0.0,,
Montserrat,MSR,2023,4440,,0.026,5.765,,,0.026,,0.0,0.0,,
Montserrat,MSR,2024,4414,,0.027,6.022,,,0.027,,0.0,0.0,,
Morocco,MAR,1990,24375558,102154759492,22.298,0.915,29.608,4.221,16.125,0.11,1.842,0.098,56.695,32.102
Morocco,MAR,1991,24799016,109740063063,23.688,0.955,29.796,4.874,16.227,0.073,2.514,0.102,62.065,33.901
Morocco,MAR,1992,25212469,107664067531,24.737,0.981,34.287,4.184,17.76,0.048,2.745,0.11,59.471,35.246
Morocco,MAR,1993,25614586,107072637645,26.782,1.046,33.866,4.763,19.24,0.048,2.732,0.118,61.778,37.547
Morocco,MAR,1994,26000824,118651280111,28.124,1.082,34.684,5.309,20.057,0.044,2.714,0.122,57.488,39.44
Morocco,MAR,1995,26399431,112285412713,28.75,1.089,35.57,6.314,19.693,0.026,2.718,0.122,61.829,40.237
Morocco,MAR,1996,26808109,126007526018,29.525,1.101,33.309,8.051,18.663,0.033,2.778,0.122,59.024,41.392
Morocco,MAR,1997,27213340,123891488018,29.978,1.102,32.939,7.682,19.197,0.066,3.032,0.123,61.331,41.985
Morocco,MAR,1998,27621638,132709015459,30.881,1.118,34.348,8.57,19.159,0.066,3.086,0.127,56.618,43.207
Morocco,MAR,1999,28027188,134068868267,31.989,1.141,37.814,8.299,20.5,0.077,3.113,0.129,58.02,44.496
Morocco,MAR,2000,28423439,136639290851,33.199,1.168,37.996,10.028,19.756,0.088,3.326,0.13,55.467,45.913
Morocco,MAR,2001,28814646,146692867628,36.809,1.277,41.212,12.774,19.872,0.084,4.079,0.143,61.019,49.886
Morocco,MAR,2002,29198146,151385794465,37.31,1.278,43.574,13.106,19.987,0.084,4.132,0.142,78.84,50.736
Morocco,MAR,2003,29571415,160559931983,36.57,1.237,40.614,12.234,20.071,0.081,4.184,0.132,63.601,50.38
Morocco,MAR,2004,29953021,168466885680,42.226,1.41,46.831,13.689,24.043,0.099,4.395,0.148,67.345,56.944
Morocco,MAR,2005,30358145,174390745088,44.661,1.471,48.836,14.084,25.344,0.868,4.364,0.151,68.406,59.709
Morocco,MAR,2006,30771179,188101125607,46.249,1.503,50.97,14.699,25.983,1.095,4.472,0.151,71.848,61.75
Morocco,MAR,2007,31186468,195286744421,48.913,1.568,55.364,15.078,27.588,1.242,5.004,0.155,75.141,64.882
Morocco,MAR,2008,31606769,207385199268,51.372,1.625,61.166,14.122,30.681,1.114,5.455,0.16,78.575,67.571
Morocco,MAR,2009,32030779,216763299753,50.86,1.588,57.054,13.168,30.884,1.209,5.598,0.161,78.41,67.474
Morocco,MAR,2010,32467009,225643836837,54.365,1.674,58.878,13.223,34.478,1.304,5.359,0.163,85.549,71.512
Morocco,MAR,2011,32912585,238103276789,54.868,1.667,62.872,11.465,36.574,1.638,5.191,0.159,93.908,72.597
Morocco,MAR,2012,33355246,245270189355,56.954,1.707,62.875,11.462,37.258,2.396,5.838,0.163,95.939,75.172
Morocco,MAR,2013,33787573,256393198875,56.606,1.675,61.83,11.212,36.973,2.349,6.073,0.16,88.73,75.372
Morocco,MAR,2014,34204784,263251716082,57.175,1.672,61.264,15.3,34.458,2.246,5.171,0.161,88.313,76.256
Morocco,MAR,2015,34607590,274689990243,58.499,1.69,61.557,16.847,34.079,2.323,5.25,0.165,110.011,78.162
Morocco,MAR,2016,35023459,276121131010,58.457,1.669,66.106,16.235,34.654,2.363,5.205,0.165,105.941,78.54
Morocco,MAR,2017,35446395,290087315215,61.104,1.724,66.74,16.875,36.828,2.345,5.055,0.17,99.028,81.733
Morocco,MAR,2018,35839760,298981397583,62.315,1.739,68.514,19.519,35.792,2.114,4.889,0.17,89.469,83.435
Morocco,MAR,2019,36210907,307624970074,68.743,1.898,72.678,25.263,36.479,2.004,4.997,0.185,113.186,90.407
Morocco,MAR,2020,36584208,285515953096,64.542,1.764,67.739,25.355,33.152,1.557,4.478,0.184,103.542,86.535
Morocco,MAR,2021,36954443,308157391278,70.275,1.902,74.391,26.592,36.986,1.557,5.14,0.191,107.683,92.825
Morocco,MAR,2022,37329068,311654947615,69.779,1.869,71.386,26.936,37.812,0.438,4.593,0.186,103.258,92.732
Morocco,MAR,2023,37712516,,68.961,1.829,69.914,25.266,37.534,1.781,4.38,0.181,101.961,92.351
Morocco,MAR,2024,38081176,,69.062,1.814,,22.983,39.902,1.798,4.38,0.179,101.847,92.896
Mozambique,MOZ,1990,13094535,22495834078,1.025,0.078,1.62,0.154,0.839,,0.032,0.005,47.289,6.236
Mozambique,MOZ,1991,13352091,22102096456,0.941,0.071,1.496,0.165,0.744,,0.033,0.004,47.118,5.983
Mozambique,MOZ,1992,13613314,19279761969,1.027,0.075,1.603,0.158,0.857,0.0,0.012,0.005,43.834,6.044
Mozambique,MOZ,1993,14051203,19284149798,1.14,0.081,1.703,0.158,0.974,0.0,0.008,0.005,47.162,5.996
Mozambique,MOZ,1994,15033852,18783666165,1.098,0.073,1.692,0.158,0.916,0.0,0.024,0.005,52.628,6.434
Mozambique,MOZ,1995,15960530,17625138412,1.131,0.071,1.758,0.15,0.956,0.0,0.024,0.005,55.664,6.563
Mozambique,MOZ,1996,16492484,20572895284,1.092,0.066,1.235,0.066,0.953,0.0,0.073,0.005,61.662,6.608
Mozambique,MOZ,1997,16949988,20995038319,1.17,0.069,1.375,0.066,1.015,0.0,0.089,0.005,60.869,5.213
Mozambique,MOZ,1998,17340463,21637918333,1.112,0.064,1.364,0.0,1.026,0.0,0.086,0.005,63.883,7.112
Mozambique,MOZ,1999,17734499,21504902826,1.168,0.066,1.64,0.0,1.081,0.0,0.087,0.005,61.772,6.72
Mozambique,MOZ,2000,18129652,20141918616,1.322,0.073,4.156,0.0,1.213,0.0,0.109,0.005,65.936,7.114
Mozambique,MOZ,2001,18537735,20943673338,1.554,0.084,4.672,0.0,1.444,0.004,0.107,0.006,84.124,7.881
Mozambique,MOZ,2002,18958338,21025370393,1.537,0.081,4.573,0.0,1.337,0.004,0.197,0.006,78.736,7.766
Mozambique,MOZ,2003,19392477,20673806269,1.856,0.096,5.422,0.0,1.612,0.004,0.24,0.007,79.212,8.706
Mozambique,MOZ,2004,19840312,20561725686,1.864,0.094,5.457,0.0,1.638,0.007,0.219,0.007,90.293,8.811
Mozambique,MOZ,2005,20304577,20658231192,1.77,0.087,6.176,0.0,1.436,0.139,0.194,0.006,79.415,9.125
Mozambique,MOZ,2006,20787088,20951970966,1.916,0.092,5.971,0.0,1.517,0.161,0.238,0.006,85.43,9.248
Mozambique,MOZ,2007,21287638,20803537606,2.189,0.103,7.084,0.026,1.836,0.07,0.257,0.007,88.262,9.06
Mozambique,MOZ,2008,21819037,20553356220,2.18,0.1,8.358,0.026,1.751,0.117,0.286,0.007,87.335,8.924
Mozambique,MOZ,2009,22391751,20249940482,2.439,0.109,8.133,0.026,1.964,0.15,0.299,0.008,82.562,8.858
Mozambique,MOZ,2010,22999234,20039610112,2.638,0.115,7.833,0.026,2.117,0.154,0.341,0.008,77.111,9.554
Mozambique,MOZ,2011,23649045,19919625683,3.107,0.131,10.431,0.125,2.426,0.183,0.373,0.009,74.18,13.937
Mozambique,MOZ,2012,24337849,21365393250,3.052,0.125,10.085,0.04,2.313,0.172,0.453,0.009,74.013,15.756
Mozambique,MOZ,2013,25051613,22853277292,3.579,0.143,15.057,0.037,2.675,0.355,0.506,0.01,76.559,17.089
Mozambique,MOZ,2014,25788473,24544192952,8.118,0.315,19.677,0.821,5.364,1.326,0.586,0.023,82.291,22.047
Mozambique,MOZ,2015,26547576,26194296097,6.731,0.254,16.124,0.433,3.934,1.741,0.614,0.019,70.352,20.618
Mozambique,MOZ,2016,27337107,27195969056,8.548,0.313,15.628,0.051,6.009,1.535,0.948,0.024,64.794,22.429
Mozambique,MOZ,2017,28166397,28213368238,6.905,0.245,12.614,0.026,4.335,1.612,0.911,0.019,63.158,23.447
Mozambique,MOZ,2018,29018647,29185036688,7.01,0.242,12.495,0.062,4.388,1.617,0.93,0.019,60.675,25.95
Mozambique,MOZ,2019,29884378,29860675429,7.097,0.237,12.951,0.044,4.276,1.729,1.046,0.019,53.61,23.42
Mozambique,MOZ,2020,30783685,29502646219,6.34,0.206,12.172,0.077,3.556,1.661,1.046,0.018,48.448,21.11
Mozambique,MOZ,2021,31707798,30189464161,7.722,0.244,13.788,0.026,4.847,1.803,1.046,0.021,52.084,24.39
Mozambique,MOZ,2022,32656242,31441725629,9.296,0.285,14.822,0.033,5.206,2.145,1.085,0.025,61.351,27.412
Mozambique,MOZ,2023,33635163,,9.093,0.27,14.428,0.038,5.308,2.21,1.085,0.024,60.163,26.766
Mozambique,MOZ,2024,34631767,,8.613,0.249,,0.039,5.402,1.941,1.085,0.022,60.429,27.136
Myanmar,MMR,1990,39817253,49171474105,4.236,0.106,,0.275,2.045,1.74,0.169,0.019,130.178,12.027
Myanmar,MMR,1991,40394159,48063924892,4.137,0.102,,0.289,2.019,1.641,0.18,0.018,133.332,11.856
Myanmar,MMR,1992,40950342,51891171124,4.842,0.118,,0.121,2.906,1.616,0.189,0.022,144.809,13.015
Myanmar,MMR,1993,41502423,54198379043,5.303,0.128,,0.051,3.081,1.993,0.162,0.023,142.745,12.807
Myanmar,MMR,1994,42055150,57338246186,6.174,0.147,,0.04,3.451,2.492,0.191,0.027,157.138,13.691
Myanmar,MMR,1995,42605343,60452844316,6.893,0.162,,0.066,3.829,2.788,0.209,0.029,158.194,14.623
Myanmar,MMR,1996,43154858,63378625652,7.188,0.167,,0.048,3.909,3.026,0.204,0.03,160.502,14.863
Myanmar,MMR,1997,43708802,65935166316,7.42,0.17,,0.051,3.889,3.27,0.209,0.03,157.168,15.215
Myanmar,MMR,1998,44257793,68698886620,8.046,0.182,,0.055,4.673,3.15,0.147,0.033,175.913,16.01
Myanmar,MMR,1999,44787727,75075477916,8.934,0.199,,0.366,5.423,2.979,0.136,0.036,196.309,16.77
Myanmar,MMR,2000,45290850,84093543935,10.219,0.226,,1.359,5.91,2.741,0.158,0.04,201.062,18.285
Myanmar,MMR,2001,45771140,92175090616,8.856,0.193,,1.565,4.869,2.224,0.152,0.034,191.043,17.061
Myanmar,MMR,2002,46232656,101591501239,9.328,0.202,,1.235,5.544,2.301,0.188,0.036,193.107,17.674
Myanmar,MMR,2003,46667191,113781428684,9.997,0.214,,0.601,6.051,3.057,0.227,0.036,202.067,19.45
Myanmar,MMR,2004,47068779,127115611447,12.565,0.267,,0.729,6.41,5.157,0.206,0.044,218.825,22.253
Myanmar,MMR,2005,47438362,142039114248,11.548,0.243,,0.586,5.247,5.456,0.214,0.039,242.824,20.831
Myanmar,MMR,2006,47785141,158028614076,12.817,0.268,,0.952,5.458,6.135,0.223,0.042,274.747,22.122
Myanmar,MMR,2007,48125047,174123352808,12.845,0.267,,0.821,5.566,6.167,0.234,0.041,283.017,22.82
Myanmar,MMR,2008,48390790,177512910900,9.772,0.202,,0.649,5.163,3.649,0.258,0.03,269.348,19.259
Myanmar,MMR,2009,48660458,183291522878,10.211,0.21,,0.608,3.867,5.425,0.256,0.032,250.692,20.214
Myanmar,MMR,2010,49024376,189724140707,13.125,0.268,,1.231,7.495,4.141,0.204,0.039,243.075,23.261
Myanmar,MMR,2011,49419825,197359087812,15.122,0.306,,1.663,7.667,5.495,0.203,0.044,236.616,25.16
Myanmar,MMR,2012,49837451,210159799971,11.826,0.237,,1.704,6.062,3.577,0.348,0.034,225.059,22.114
Myanmar,MMR,2013,50262658,226760324221,12.715,0.253,,1.143,6.782,4.203,0.429,0.036,225.069,23.013
Myanmar,MMR,2014,50681635,245354667120,15.849,0.313,,1.158,9.226,4.829,0.503,0.045,224.377,26.561
Myanmar,MMR,2015,51089060,263690038660,21.88,0.428,,0.923,9.622,10.849,0.377,0.062,232.81,32.801
Myanmar,MMR,2016,51495701,280587266112,21.144,0.411,,1.125,10.897,8.079,0.962,0.06,235.985,32.031
Myanmar,MMR,2017,51894939,296721043920,23.633,0.455,,1.55,11.459,8.465,2.091,0.066,238.191,34.973
Myanmar,MMR,2018,52272250,315726037240,34.017,0.651,,3.25,20.888,8.116,1.717,0.093,206.099,45.278
Myanmar,MMR,2019,52640718,337037542855,33.617,0.639,,3.931,19.716,7.98,1.946,0.091,196.532,45.272
Myanmar,MMR,2020,53016525,347785669977,34.588,0.652,,4.327,19.225,8.698,2.29,0.098,198.818,46.518
Myanmar,MMR,2021,53387103,285399881185,29.285,0.549,,2.88,14.762,9.046,2.557,0.079,192.775,40.989
Myanmar,MMR,2022,53756791,291025085135,31.639,0.589,,2.924,16.577,9.023,3.091,0.084,192.112,43.173
Myanmar,MMR,2023,54133800,,31.793,0.587,,3.241,16.498,8.942,3.091,0.083,187.912,43.52
Myanmar,MMR,2024,54500086,,31.603,0.58,,3.264,17.253,7.976,3.091,0.082,185.32,43.238
Namibia,NAM,1990,1369309,7363138831,,,0.0,,,,0.0,,8.992,0.376
Namibia,NAM,1991,1415689,7919428821,1.044,0.738,1.044,0.04,1.004,,0.0,0.004,10.655,1.377
Namibia,NAM,1992,1461324,8581727967,1.14,0.78,1.14,0.033,1.107,,0.0,0.005,12.526,1.48
Namibia,NAM,1993,1508698,8429492929,1.374,0.911,1.374,0.238,1.136,,0.0,0.006,14.393,1.736
Namibia,NAM,1994,1556315,9059011736,1.557,1.001,1.557,0.264,1.293,,0.0,0.007,15.253,1.927
Namibia,NAM,1995,1602181,9444539646,1.619,1.011,1.619,0.044,1.576,,0.0,0.007,12.531,2.002
Namibia,NAM,1996,1646107,9761025681,1.718,1.044,1.718,0.037,1.682,,0.0,0.007,12.098,2.163
Namibia,NAM,1997,1689274,10187928589,1.814,1.074,1.814,0.029,1.784,,0.0,0.007,11.832,2.264
Namibia,NAM,1998,1732747,10539117428,1.865,1.076,1.865,0.029,1.836,,0.0,0.008,12.376,2.325
Namibia,NAM,1999,1776371,10909782994,1.74,0.98,1.74,0.015,1.726,,0.0,0.007,12.307,2.219
Namibia,NAM,2000,1818650,11306497296,1.718,0.945,1.632,0.037,1.682,,0.0,0.007,13.281,2.306
Namibia,NAM,2001,1857059,11455708939,2.231,1.202,2.151,0.103,2.129,,0.0,0.009,13.223,2.842
Namibia,NAM,2002,1889976,12021866961,1.971,1.043,1.823,0.077,1.894,,0.0,0.008,12.228,2.572
Namibia,NAM,2003,1917469,12213390181,2.092,1.091,1.914,0.103,1.99,,0.0,0.008,12.783,2.71
Namibia,NAM,2004,1942087,13656396271,2.239,1.153,2.194,0.117,2.121,,0.0,0.008,13.413,2.956
Namibia,NAM,2005,1966581,14023333339,2.532,1.287,2.52,0.092,2.44,,0.0,0.009,14.303,3.253
Namibia,NAM,2006,1991890,15035738461,2.524,1.267,2.275,0.216,2.308,,0.0,0.008,15.707,3.259
Namibia,NAM,2007,2018607,15866803390,2.327,1.153,2.497,0.095,2.231,,0.0,0.007,14.854,3.101
Namibia,NAM,2008,2047059,16311345821,2.858,1.396,3.364,0.275,2.583,,0.0,0.009,14.197,3.751
Namibia,NAM,2009,2077400,16383138236,2.66,1.28,2.913,0.187,2.473,,0.0,0.008,17.21,3.574
Namibia,NAM,2010,2109815,17398594185,2.788,1.322,9.316,0.191,2.598,,0.0,0.008,16.687,3.701
Namibia,NAM,2011,2146331,18309342330,2.786,1.298,9.205,0.132,2.506,,0.148,0.008,21.91,3.693
Namibia,NAM,2012,2194656,19236166518,3.194,1.455,9.135,0.158,2.814,,0.223,0.009,23.52,4.136
Namibia,NAM,2013,2252505,20316276333,3.004,1.334,9.476,0.132,2.601,,0.27,0.009,15.735,3.937
Namibia,NAM,2014,2312143,21554146363,3.099,1.34,11.267,0.062,2.734,,0.303,0.009,15.159,4.082
Namibia,NAM,2015,2374305,22473214767,3.394,1.429,10.777,0.084,2.979,,0.33,0.01,15.39,4.447
Namibia,NAM,2016,2439219,22480856444,3.582,1.469,11.328,0.132,3.188,,0.263,0.01,16.154,4.648
Namibia,NAM,2017,2506854,22249978012,3.59,1.432,9.275,0.154,3.03,,0.406,0.01,16.287,4.689
Namibia,NAM,2018,2577327,22485828408,3.635,1.41,9.188,0.099,3.053,,0.484,0.01,15.514,4.783
Namibia,NAM,2019,2650499,22297166631,3.73,1.407,9.344,0.132,3.078,,0.52,0.01,14.913,5.016
Namibia,NAM,2020,2728760,20505368156,3.44,1.261,8.791,0.146,2.826,,0.469,0.01,17.911,4.805
Namibia,NAM,2021,2810552,21049990407,3.608,1.284,9.81,0.125,2.979,,0.504,0.01,19.184,5.049
Namibia,NAM,2022,2889668,21858730428,3.414,1.181,9.763,0.029,2.917,,0.468,0.009,17.36,5.033
Namibia,NAM,2023,2963102,,3.443,1.162,9.646,0.028,2.947,,0.468,0.009,17.093,5.077
Namibia,NAM,2024,3030127,,3.469,1.145,,0.029,2.972,,0.468,0.009,17.756,5.223
Nauru,NRU,1990,9645,,0.125,12.916,,,0.125,,0.0,0.001,0.127,0.125
Nauru,NRU,1991,9873,,0.125,12.618,,,0.125,,0.0,0.001,0.127,0.125
Nauru,NRU,1992,10042,,0.121,12.041,,,0.121,,0.0,0.001,0.123,0.122
Nauru,NRU,1993,10123,,0.114,11.22,,,0.114,,0.0,0.0,0.116,0.114
Nauru,NRU,1994,10163,,0.11,10.816,,,0.11,,0.0,0.0,0.112,0.111
Nauru,NRU,1995,10187,,0.106,10.431,,,0.106,,0.0,0.0,0.108,0.107
Nauru,NRU,1996,10206,,0.103,10.052,,,0.103,,0.0,0.0,0.105,0.103
Nauru,NRU,1997,10218,,0.103,10.04,,,0.103,,0.0,0.0,0.105,0.103
Nauru,NRU,1998,10220,,0.099,9.68,,,0.099,,0.0,0.0,0.101,0.1
Nauru,NRU,1999,10207,,0.092,8.974,,,0.092,,0.0,0.0,0.094,0.092
Nauru,NRU,2000,10187,,0.088,8.632,,,0.088,,0.0,0.0,0.09,0.089
Nauru,NRU,2001,10147,,0.081,7.944,,,0.081,,0.0,0.0,0.083,0.081
Nauru,NRU,2002,10105,,0.077,7.614,,,0.077,,0.0,0.0,0.079,0.078
Nauru,NRU,2003,10086,,0.066,6.539,,,0.066,,0.0,0.0,0.068,0.067
Nauru,NRU,2004,10084,,0.062,6.177,,,0.062,,0.0,0.0,0.064,0.063
Nauru,NRU,2005,10071,,0.062,6.185,,,0.062,,0.0,0.0,0.064,0.063
Nauru,NRU,2006,10061,,0.044,4.37,,,0.044,,0.0,0.0,0.046,0.045
Nauru,NRU,2007,10042,,0.04,4.014,,,0.04,,0.0,0.0,0.042,0.041
Nauru,NRU,2008,10032,,0.04,4.018,,,0.04,,0.0,0.0,0.042,0.041
Nauru,NRU,2009,10041,,0.04,4.014,,,0.04,,0.0,0.0,0.043,0.041
Nauru,NRU,2010,10067,,0.044,4.368,,,0.044,,0.0,0.0,0.046,0.045
Nauru,NRU,2011,10116,,0.04,3.984,,,0.04,,0.0,0.0,0.043,0.041
Nauru,NRU,2012,10289,,0.04,3.917,,,0.04,,0.0,0.0,0.043,0.041
Nauru,NRU,2013,10539,,0.048,4.52,,,0.048,,0.0,0.0,0.05,0.048
Nauru,NRU,2014,10766,,0.051,4.765,,,0.051,,0.0,0.0,0.054,0.052
Nauru,NRU,2015,10975,,0.055,5.008,,,0.055,,0.0,0.0,0.057,0.056
Nauru,NRU,2016,11173,,0.051,4.591,,,0.051,,0.0,0.0,0.054,0.052
Nauru,NRU,2017,11351,,0.055,4.842,,,0.055,,0.0,0.0,0.057,0.056
Nauru,NRU,2018,11499,,0.055,4.78,,,0.055,,0.0,0.0,0.057,0.056
Nauru,NRU,2019,11609,,0.051,4.419,,,0.051,,0.0,0.0,0.054,0.052
Nauru,NRU,2020,11665,,0.055,4.712,,,0.055,,0.0,0.0,0.057,0.056
Nauru,NRU,2021,11727,,0.055,4.687,,,0.055,,0.0,0.0,0.057,0.056
Nauru,NRU,2022,11822,,0.059,4.989,,,0.059,,0.0,0.0,0.061,0.06
Nauru,NRU,2023,11900,,0.059,4.933,,,0.059,,0.0,0.0,0.061,0.06
Nauru,NRU,2024,11968,,0.061,5.13,,,0.061,,0.0,0.0,0.064,0.062
Nepal,NPL,1990,19524579,24523435000,0.721,0.037,1.141,0.18,0.498,,0.044,0.003,42.102,5.052
Nepal,NPL,1991,20036507,26059005352,1.026,0.051,1.495,0.3,0.671,,0.055,0.004,42.221,5.475
Nepal,NPL,1992,20609708,27087697622,1.233,0.06,1.695,0.281,0.855,,0.097,0.005,42.985,5.747
Nepal,NPL,1993,21180158,28089918800,1.397,0.066,1.867,0.311,0.975,,0.111,0.006,42.652,6.034
Nepal,NPL,1994,21717483,30349286375,1.619,0.075,2.09,0.341,1.15,,0.128,0.007,44.916,6.429
Nepal,NPL,1995,22245443,31356698922,2.309,0.104,2.74,0.744,1.433,,0.132,0.01,44.669,7.241
Nepal,NPL,1996,22741867,32961840342,2.353,0.103,2.926,0.744,1.484,,0.125,0.01,44.304,7.343
Nepal,NPL,1997,23219458,34660347793,2.641,0.114,3.104,0.81,1.74,,0.091,0.011,44.473,7.713
Nepal,NPL,1998,23680358,35610081787,2.223,0.094,2.089,0.305,1.806,,0.113,0.009,49.33,7.396
Nepal,NPL,1999,24125201,37151145536,3.191,0.132,3.032,1.11,1.964,,0.117,0.013,47.45,8.472
Nepal,NPL,2000,24546509,39381724035,3.037,0.124,2.664,0.978,1.938,,0.121,0.012,48.461,8.515
Nepal,NPL,2001,24946755,41523111510,3.236,0.13,3.85,1.118,2.004,,0.114,0.013,47.668,8.84
Nepal,NPL,2002,25328989,41501458057,2.596,0.103,3.52,0.52,1.96,,0.116,0.01,46.809,8.282
Nepal,NPL,2003,25688762,43073954586,2.81,0.109,2.274,0.663,2.03,,0.117,0.01,48.588,8.711
Nepal,NPL,2004,26016652,45033771388,2.582,0.099,4.241,0.586,1.883,,0.113,0.009,47.559,8.528
Nepal,NPL,2005,26309462,46375899545,2.987,0.114,4.558,0.939,1.933,,0.114,0.01,48.904,9.047
Nepal,NPL,2006,26565430,48016624917,2.456,0.092,4.51,0.59,1.751,,0.115,0.008,47.008,8.591
Nepal,NPL,2007,26788498,49595508764,2.57,0.096,5.045,0.747,1.707,,0.115,0.008,47.928,8.796
Nepal,NPL,2008,26990036,52545963062,3.355,0.124,6.472,0.747,2.495,,0.113,0.01,48.751,9.722
Nepal,NPL,2009,27173035,54837737569,4.126,0.152,3.384,0.703,2.965,,0.458,0.013,49.03,10.607
Nepal,NPL,2010,27341955,57388251486,4.828,0.177,4.185,1.103,3.206,,0.519,0.014,50.959,11.404
Nepal,NPL,2011,27464499,59280309000,5.217,0.19,4.579,1.114,3.309,,0.794,0.015,49.929,11.904
Nepal,NPL,2012,27534916,62106290000,5.47,0.199,4.734,0.832,3.613,,1.026,0.016,47.458,11.627
Nepal,NPL,2013,27589997,64655772000,6.218,0.225,5.37,1.041,4.034,,1.143,0.018,47.879,12.86
Nepal,NPL,2014,27672373,68540931000,7.588,0.274,6.283,1.836,4.569,,1.183,0.021,48.658,14.281
Nepal,NPL,2015,27823631,70404490000,6.905,0.248,5.721,2.201,3.212,,1.492,0.02,48.977,13.61
Nepal,NPL,2016,27955471,70942615519,10.088,0.361,8.768,2.616,5.24,,2.232,0.029,53.482,17.083
Nepal,NPL,2017,28011258,77349484140,12.422,0.443,10.814,2.987,6.363,,3.072,0.035,54.687,19.436
Nepal,NPL,2018,28079688,83234791901,14.039,0.5,36.782,3.692,6.912,,3.435,0.038,55.273,21.146
Nepal,NPL,2019,28414066,88775779267,12.75,0.449,34.783,3.909,5.078,,3.763,0.034,54.235,19.908
Nepal,NPL,2020,28966580,86672124340,15.631,0.54,36.033,5.292,7.19,,3.148,0.044,57.58,22.953
Nepal,NPL,2021,29475016,90865461899,15.486,0.525,41.194,4.524,7.528,,3.435,0.042,57.379,23.003
Nepal,NPL,2022,29715435,95965910597,17.609,0.593,46.199,7.163,8.156,,2.29,0.047,58.562,25.078
Nepal,NPL,2023,29694614,,18.348,0.618,47.279,7.94,8.118,,2.29,0.048,59.093,25.91
Nepal,NPL,2024,29651054,,18.776,0.633,,7.997,8.489,,2.29,0.049,58.839,26.468
Netherlands,NLD,1990,15030886,411390791201,163.033,10.847,174.565,36.094,49.437,75.023,0.416,0.717,220.072,191.979
Netherlands,NLD,1991,15155093,423942311236,171.469,11.314,174.476,34.259,50.816,83.913,0.498,0.739,229.124,200.613
Netherlands,NLD,1992,15276787,433663917114,171.277,11.212,188.217,34.467,51.931,82.528,0.449,0.761,228.596,200.258
Netherlands,NLD,1993,15389718,441708287208,171.185,11.123,181.91,33.314,51.942,83.614,0.458,0.752,228.137,200.154
Netherlands,NLD,1994,15485453,457377474101,171.952,11.104,181.158,36.511,52.455,80.557,0.463,0.748,228.342,200.228
Netherlands,NLD,1995,15565034,474451023067,173.482,11.146,182.661,35.865,53.171,82.168,0.428,0.738,228.976,200.782
Netherlands,NLD,1996,15640032,494206817608,182.543,11.671,191.418,34.642,54.527,91.306,0.316,0.753,238.703,209.492
Netherlands,NLD,1997,15723621,518458402185,175.466,11.159,186.7,33.759,54.24,85.289,0.376,0.72,228.198,201.038
Netherlands,NLD,1998,15827109,545041076356,176.396,11.145,185.71,34.435,55.605,84.315,0.432,0.726,229.973,201.325
Netherlands,NLD,1999,15940183,575899135456,171.053,10.731,135.567,30.481,56.175,82.463,0.517,0.689,222.416,194.492
Netherlands,NLD,2000,16058757,603803040978,172.154,10.72,133.635,31.789,56.084,82.368,0.469,0.675,220.901,194.751
Netherlands,NLD,2001,16182705,620170874924,177.464,10.966,131.553,34.235,56.735,84.587,0.478,0.691,225.195,199.024
Netherlands,NLD,2002,16288060,624424625610,176.738,10.851,149.527,34.726,55.279,83.939,0.489,0.673,223.77,197.553
Netherlands,NLD,2003,16366914,629811489833,180.169,11.008,175.707,36.055,56.653,84.789,0.434,0.652,228.595,201.62
Netherlands,NLD,2004,16425562,646331449347,182.09,11.086,184.685,35.516,56.829,87.1,0.446,0.636,231.636,203.49
Netherlands,NLD,2005,16465707,664118269501,178.13,10.818,203.659,34.157,56.811,84.417,0.421,0.602,227.757,197.79
Netherlands,NLD,2006,16493851,691453801614,173.279,10.506,212.709,32.946,55.41,82.233,0.4,0.566,223.169,194.666
Netherlands,NLD,2007,16531360,721200009128,173.028,10.467,184.816,35.541,54.747,79.979,0.403,0.549,220.701,193.045
Netherlands,NLD,2008,16597259,737705013303,175.904,10.598,198.511,34.516,55.119,83.699,0.399,0.549,217.686,189.722
Netherlands,NLD,2009,16684148,713986817901,170.433,10.215,186.812,31.75,52.015,84.076,0.416,0.541,211.88,183.591
Netherlands,NLD,2010,16771232,728193221597,182.479,10.88,210.921,33.055,52.661,94.173,0.348,0.548,222.691,195.518
Netherlands,NLD,2011,16851061,744614396708,169.346,10.05,200.892,32.093,52.533,82.199,0.351,0.491,208.04,181.94
Netherlands,NLD,2012,16915191,736942199791,165.752,9.799,176.91,34.336,50.443,78.574,0.308,0.474,205.055,178.108
Netherlands,NLD,2013,16967066,735982982299,164.925,9.72,178.43,34.682,48.444,79.184,0.274,0.468,203.779,176.961
Netherlands,NLD,2014,17030085,746458868661,157.503,9.249,165.09,38.172,47.304,69.378,0.282,0.444,196.54,168.984
Netherlands,NLD,2015,17107429,761083250759,163.958,9.584,160.66,45.539,47.298,68.561,0.249,0.463,203.611,174.785
Netherlands,NLD,2016,17204693,777764090323,164.812,9.579,169.128,42.642,47.761,71.762,0.239,0.466,204.847,176.383
Netherlands,NLD,2017,17315376,800404023156,162.296,9.373,165.73,38.511,47.637,73.349,0.298,0.451,200.622,173.888
Netherlands,NLD,2018,17421285,819300805024,158.264,9.085,165.477,35.112,47.787,72.736,0.22,0.431,195.007,170.141
Netherlands,NLD,2019,17537505,835323029559,152.727,8.709,162.638,27.576,47.835,75.065,0.006,0.412,188.466,163.838
Netherlands,NLD,2020,17636732,802861622095,136.974,7.766,146.852,19.402,42.415,73.125,0.0,0.39,171.522,147.346
Netherlands,NLD,2021,17730565,841906706612,139.886,7.89,159.289,24.983,42.795,69.826,0.0,0.379,174.048,150.321
Netherlands,NLD,2022,17904421,879609110665,127.503,7.121,157.379,24.317,43.775,57.125,0.0,0.34,161.079,137.658
Netherlands,NLD,2023,18092526,,117.016,6.468,150.148,17.237,44.07,53.688,0.0,0.307,150.093,126.878
Netherlands,NLD,2024,18228740,,114.785,6.297,,18.605,40.521,53.669,0.0,0.297,147.205,124.357
New Caledonia,NCL,1990,176468,,1.576,8.933,,0.436,1.114,,0.026,0.007,,
New Caledonia,NCL,1991,181251,,1.759,9.703,,0.465,1.257,,0.037,0.008,,
New Caledonia,NCL,1992,186084,,1.575,8.466,,0.322,1.216,,0.037,0.007,,
New Caledonia,NCL,1993,190858,,1.832,9.598,,0.419,1.377,,0.037,0.008,,
New Caledonia,NCL,1994,195626,,1.975,10.095,,0.535,1.403,,0.037,0.009,,
New Caledonia,NCL,1995,200392,,2.067,10.313,,0.495,1.532,,0.041,0.009,,
New Caledonia,NCL,1996,205048,,2.184,10.651,,0.667,1.477,,0.04,0.009,,
New Caledonia,NCL,1997,209568,,1.817,8.672,,0.3,1.477,,0.04,0.007,,
New Caledonia,NCL,1998,214062,,1.81,8.456,,0.319,1.491,,0.0,0.007,,
New Caledonia,NCL,1999,218532,,2.056,9.406,,0.293,1.762,,0.0,0.008,,
New Caledonia,NCL,2000,223110,,2.224,9.968,,0.652,1.532,,0.04,0.009,,
New Caledonia,NCL,2001,227714,,1.877,8.241,,0.663,1.176,,0.037,0.007,,
New Caledonia,NCL,2002,232239,,2.392,10.301,,0.707,1.645,,0.04,0.009,,
New Caledonia,NCL,2003,236684,,2.726,11.516,,0.802,1.883,,0.04,0.01,,
New Caledonia,NCL,2004,240865,,2.515,10.441,,0.719,1.75,,0.045,0.009,,
New Caledonia,NCL,2005,244391,,2.806,11.482,,0.666,2.093,,0.047,0.009,,
New Caledonia,NCL,2006,247557,,2.71,10.948,,0.725,1.938,,0.047,0.009,,
New Caledonia,NCL,2007,250730,,2.927,11.673,,0.627,2.253,,0.047,0.009,,
New Caledonia,NCL,2008,253831,,2.848,11.22,,0.641,2.154,,0.052,0.009,,
New Caledonia,NCL,2009,257261,,3.036,11.8,,0.859,2.125,0.0,0.053,0.01,,
New Caledonia,NCL,2010,261580,,3.658,13.983,,1.31,2.287,0.0,0.061,0.011,,
New Caledonia,NCL,2011,266550,,3.694,13.86,,1.361,2.278,0.0,0.055,0.011,,
New Caledonia,NCL,2012,271640,,3.706,13.641,,1.359,2.3,0.0,0.047,0.011,,
New Caledonia,NCL,2013,276832,,3.97,14.341,,1.382,2.543,0.0,0.045,0.011,,
New Caledonia,NCL,2014,281233,,5.009,17.811,,1.939,3.029,0.0,0.04,0.014,,
New Caledonia,NCL,2015,283179,,4.877,17.222,,2.041,2.794,0.0,0.043,0.014,,
New Caledonia,NCL,2016,283432,,5.482,19.341,,2.634,2.805,0.0,0.043,0.015,,
New Caledonia,NCL,2017,283554,,5.584,19.692,,2.975,2.569,0.0,0.04,0.016,,
New Caledonia,NCL,2018,283551,,5.913,20.853,,3.057,2.823,0.0,0.033,0.016,,
New Caledonia,NCL,2019,283616,,5.673,20.002,,3.041,2.602,0.0,0.029,0.015,,
New Caledonia,NCL,2020,284187,,5.109,17.978,,2.714,2.367,0.0,0.028,0.015,,
New Caledonia,NCL,2021,285227,,4.537,15.906,,2.293,2.218,0.0,0.026,0.012,,
New Caledonia,NCL,2022,287130,,5.116,17.816,,2.762,2.327,0.0,0.026,0.014,,
New Caledonia,NCL,2023,289879,,5.068,17.483,,2.616,2.425,0.0,0.026,0.013,,
New Caledonia,NCL,2024,292655,,5.287,18.064,,2.843,2.417,,0.026,0.014,,
New Zealand,NZL,1990,3396981,74483238000,25.49,7.504,27.161,4.657,12.229,7.131,0.449,0.112,83.066,31.728
New Zealand,NZL,1991,3480933,74961224062,26.17,7.518,27.295,4.508,12.118,7.943,0.438,0.113,83.314,32.629
New Zealand,NZL,1992,3532246,75624106462,28.154,7.971,28.605,4.929,13.128,8.413,0.477,0.125,84.469,34.697
New Zealand,NZL,1993,3573609,79461848563,27.746,7.764,28.589,4.897,12.998,8.159,0.489,0.122,82.467,34.609
New Zealand,NZL,1994,3621030,84890067977,27.885,7.701,29.408,4.636,13.936,7.604,0.497,0.121,85.465,34.865
New Zealand,NZL,1995,3674434,88724280201,27.989,7.617,30.655,4.64,14.589,7.007,0.539,0.119,83.531,34.981
New Zealand,NZL,1996,3729383,92246848029,29.288,7.853,31.637,4.595,14.754,8.099,0.51,0.121,82.985,36.471
New Zealand,NZL,1997,3776950,95195281693,31.261,8.277,33.796,4.946,15.064,9.267,0.532,0.128,86.884,38.658
New Zealand,NZL,1998,3811376,96170421359,29.837,7.828,31.276,4.53,15.336,7.989,0.489,0.123,87.726,37.163
New Zealand,NZL,1999,3835561,100616403871,31.443,8.198,34.204,4.63,15.632,9.163,0.532,0.127,92.458,38.847
New Zealand,NZL,2000,3857576,104942102861,32.221,8.353,32.988,4.419,16.302,9.481,0.531,0.126,94.332,39.736
New Zealand,NZL,2001,3891763,107226686179,34.356,8.828,34.342,5.422,16.427,10.44,0.535,0.134,113.841,42.035
New Zealand,NZL,2002,3951116,112775904669,34.519,8.737,34.991,5.432,17.165,9.856,0.551,0.131,103.565,42.238
New Zealand,NZL,2003,4022585,118221542739,36.22,9.004,39.989,7.752,17.952,8.52,0.534,0.131,100.015,43.682
New Zealand,NZL,2004,4083912,123732222489,35.806,8.768,41.194,8.025,18.325,7.253,0.488,0.125,91.453,43.437
New Zealand,NZL,2005,4135002,127087212440,37.401,9.045,43.985,8.931,18.516,7.564,0.577,0.126,87.993,45.163
New Zealand,NZL,2006,4181943,130823651084,37.304,8.92,42.573,8.808,18.648,7.547,0.545,0.122,97.23,45.328
New Zealand,NZL,2007,4223270,136252900902,36.383,8.615,43.174,6.739,18.858,8.251,0.687,0.116,90.758,44.333
New Zealand,NZL,2008,4261819,135932629621,37.485,8.796,43.208,8.298,18.726,7.801,0.639,0.117,99.046,45.006
New Zealand,NZL,2009,4304304,136500728040,34.594,8.037,37.268,6.33,18.001,7.446,0.586,0.11,89.136,42.148
New Zealand,NZL,2010,4347766,139478805582,34.787,8.001,38.208,5.472,18.081,8.369,0.557,0.104,86.615,42.539
New Zealand,NZL,2011,4382699,142521900112,34.241,7.813,39.13,5.548,18.28,7.614,0.529,0.099,89.168,41.976
New Zealand,NZL,2012,4411682,146280651356,35.918,8.142,41.029,6.867,18.026,8.329,0.569,0.103,90.014,43.331
New Zealand,NZL,2013,4453857,149512485774,35.219,7.908,40.637,6.028,18.42,8.359,0.586,0.1,91.84,42.162
New Zealand,NZL,2014,4522976,154422989929,35.399,7.827,40.943,5.458,18.724,8.579,0.619,0.1,90.762,42.49
New Zealand,NZL,2015,4614035,160782215776,35.805,7.76,40.21,5.486,19.251,8.311,0.621,0.101,89.1,42.816
New Zealand,NZL,2016,4714768,167418113760,34.135,7.24,40.398,4.481,19.363,7.893,0.486,0.096,88.441,41.32
New Zealand,NZL,2017,4812749,174187918857,35.661,7.41,40.68,4.687,20.227,8.519,0.444,0.099,91.003,42.946
New Zealand,NZL,2018,4900840,181445758308,35.687,7.282,41.573,5.267,20.41,7.897,0.418,0.097,91.423,43.167
New Zealand,NZL,2019,4989410,187274507980,36.711,7.358,42.045,5.618,20.778,8.245,0.411,0.099,91.233,43.871
New Zealand,NZL,2020,5069895,184971347287,34.109,6.728,41.309,5.34,18.997,7.954,0.379,0.097,91.363,40.993
New Zealand,NZL,2021,5107694,196312458906,34.597,6.773,43.763,6.191,19.733,6.968,0.37,0.094,89.263,41.451
New Zealand,NZL,2022,5131731,200602760076,31.966,6.229,42.568,4.302,19.258,6.427,0.408,0.085,84.071,38.792
New Zealand,NZL,2023,5172837,,31.56,6.101,41.396,3.863,19.363,6.671,0.379,0.083,82.225,38.392
New Zealand,NZL,2024,5213942,,32.479,6.229,,5.865,18.869,5.887,0.379,0.084,81.925,39.176
Nicaragua,NIC,1990,4162566,8348404000,2.043,0.491,2.342,,1.949,,0.093,0.009,39.193,3.287
Nicaragua,NIC,1991,4259636,8483399893,1.984,0.466,2.35,,1.883,,0.101,0.009,39.1,3.261
Nicaragua,NIC,1992,4357031,8668809931,2.37,0.544,2.9,,2.253,,0.117,0.011,44.994,3.663
Nicaragua,NIC,1993,4453733,8788659513,2.28,0.512,2.718,,2.173,,0.107,0.01,50.211,3.605
Nicaragua,NIC,1994,4549317,9239788720,2.514,0.553,2.877,,2.385,,0.129,0.011,85.406,3.866
Nicaragua,NIC,1995,4642933,9966535313,2.751,0.592,3.068,,2.616,,0.134,0.012,90.508,4.141
Nicaragua,NIC,1996,4729979,10785595274,2.842,0.601,3.137,,2.693,,0.149,0.012,95.583,4.253
Nicaragua,NIC,1997,4809574,11415412840,3.108,0.646,3.389,,2.953,,0.155,0.013,90.549,4.565
Nicaragua,NIC,1998,4883659,12049925222,3.386,0.693,3.782,,3.232,,0.154,0.014,93.881,4.872
Nicaragua,NIC,1999,4954021,13130550582,3.59,0.725,4.16,,3.448,,0.142,0.014,99.499,5.112
Nicaragua,NIC,2000,5022636,13909591678,3.71,0.739,4.361,,3.495,,0.214,0.015,96.131,5.26
Nicaragua,NIC,2001,5087827,14579899402,3.909,0.768,4.588,,3.704,,0.205,0.015,88.313,5.456
Nicaragua,NIC,2002,5149914,14954188068,3.976,0.772,4.57,,3.759,,0.216,0.015,82.097,5.522
Nicaragua,NIC,2003,5210970,15599450900,4.31,0.827,5.118,,3.964,,0.346,0.016,83.184,5.849
Nicaragua,NIC,2004,5272909,16722815302,4.362,0.827,5.319,,4.162,,0.2,0.015,70.184,5.915
Nicaragua,NIC,2005,5342108,17753885555,4.253,0.796,5.189,,4.052,,0.201,0.014,59.651,5.855
Nicaragua,NIC,2006,5418857,18819405708,4.407,0.813,5.715,,4.203,,0.204,0.014,58.08,6.051
Nicaragua,NIC,2007,5497247,20171035929,4.54,0.826,6.09,,4.338,,0.202,0.014,51.945,6.218
Nicaragua,NIC,2008,5576597,21118480099,4.353,0.781,5.858,,4.155,,0.198,0.014,44.237,6.057
Nicaragua,NIC,2009,5656602,20900358446,4.432,0.784,5.577,,4.236,,0.197,0.014,44.473,6.141
Nicaragua,NIC,2010,5737451,21950676457,4.453,0.776,5.434,,4.232,,0.221,0.013,43.823,6.205
Nicaragua,NIC,2011,5819051,23734874000,4.789,0.823,5.595,,4.532,,0.256,0.014,41.342,6.578
Nicaragua,NIC,2012,5901290,25065728000,4.534,0.768,5.825,,4.309,,0.225,0.013,39.784,6.367
Nicaragua,NIC,2013,5983852,26206803000,4.586,0.766,6.205,,4.353,,0.233,0.013,37.15,6.463
Nicaragua,NIC,2014,6066493,27402565000,4.72,0.778,6.593,,4.47,,0.25,0.013,34.752,6.641
Nicaragua,NIC,2015,6149417,28748328000,5.408,0.879,7.67,,5.144,,0.264,0.015,40.271,7.351
Nicaragua,NIC,2016,6232664,29929662026,5.379,0.863,7.764,,5.1,,0.278,0.015,40.256,7.363
Nicaragua,NIC,2017,6316235,31179621906,5.441,0.861,7.576,,5.163,,0.278,0.015,40.928,7.466
Nicaragua,NIC,2018,6400074,30002714290,5.178,0.809,7.195,,4.935,,0.243,0.014,36.714,7.213
Nicaragua,NIC,2019,6483660,29133575354,5.208,0.803,7.033,,5.001,,0.207,0.014,36.235,7.268
Nicaragua,NIC,2020,6565267,28619004754,4.641,0.707,6.098,,4.459,,0.182,0.013,34.292,6.726
Nicaragua,NIC,2021,6644745,31580275032,5.133,0.772,6.816,,4.95,,0.183,0.014,34.8,7.238
Nicaragua,NIC,2022,6730662,32764782125,5.131,0.762,6.999,,4.942,,0.189,0.014,36.7,7.265
Nicaragua,NIC,2023,6823619,,5.428,0.796,7.173,,5.239,,0.189,0.014,37.57,7.633
Nicaragua,NIC,2024,6916136,,5.63,0.814,,,5.441,,0.189,0.015,38.641,7.849
Niger,NER,1990,8286066,6837988542,0.599,0.072,,0.224,0.37,,0.005,0.003,54.624,1.704
Niger,NER,1991,8546900,6989575096,0.566,0.066,,0.226,0.335,,0.006,0.002,62.953,1.704
Niger,NER,1992,8817633,6527731522,0.521,0.059,,0.194,0.319,,0.008,0.002,46.92,1.692
Niger,NER,1993,9100789,6612264624,0.602,0.066,,0.227,0.366,,0.009,0.003,42.108,1.812
Niger,NER,1994,9398266,6867284266,0.577,0.061,,0.226,0.342,,0.009,0.003,58.36,1.831
Niger,NER,1995,9714537,6415921691,0.558,0.057,,0.249,0.3,,0.008,0.002,47.399,1.851
Niger,NER,1996,10044848,6731376519,0.639,0.064,,0.262,0.368,,0.009,0.003,39.976,1.983
Niger,NER,1997,10383977,6759223607,0.648,0.062,,0.236,0.402,,0.01,0.003,35.437,2.191
Niger,NER,1998,10741416,7611872294,0.696,0.065,,0.262,0.423,,0.011,0.003,33.455,2.296
Niger,NER,1999,11117414,7681517627,0.682,0.061,,0.245,0.425,,0.011,0.003,31.077,2.334
Niger,NER,2000,11509634,7478107136,0.683,0.059,,0.23,0.445,,0.009,0.003,28.987,1.986
Niger,NER,2001,11920648,8079568499,0.646,0.054,,0.237,0.397,,0.012,0.003,27.421,1.997
Niger,NER,2002,12349150,8506710068,0.685,0.055,,0.265,0.409,,0.011,0.003,28.441,2.088
Niger,NER,2003,12796979,9108500707,0.744,0.058,,0.273,0.459,,0.011,0.003,27.915,2.202
Niger,NER,2004,13265843,9044074242,0.795,0.06,,0.35,0.442,,0.004,0.003,25.262,2.31
Niger,NER,2005,13756192,9809322645,0.691,0.05,,0.255,0.43,,0.006,0.002,23.899,2.267
Niger,NER,2006,14268583,10382568329,0.671,0.047,,0.265,0.398,,0.008,0.002,34.703,2.298
Niger,NER,2007,14803604,10716181753,0.706,0.048,,0.232,0.464,,0.01,0.002,28.837,2.396
Niger,NER,2008,15361921,11762875984,0.792,0.052,,0.269,0.512,,0.012,0.002,25.761,2.545
Niger,NER,2009,15943673,11700248745,0.952,0.06,,0.278,0.667,,0.007,0.003,28.368,2.775
Niger,NER,2010,16548833,12694118605,1.16,0.07,,0.33,0.828,,0.002,0.003,38.973,3.055
Niger,NER,2011,17176286,12994344552,1.313,0.076,,0.37,0.923,,0.02,0.004,50.587,3.166
Niger,NER,2012,17836770,14364207370,1.852,0.104,,0.385,1.348,,0.019,0.005,57.764,3.956
Niger,NER,2013,18519899,15127089342,2.078,0.112,,0.341,1.539,,0.019,0.006,49.568,4.515
Niger,NER,2014,19215917,16132130068,2.256,0.117,,0.388,1.678,,0.019,0.006,53.603,4.772
Niger,NER,2015,19939496,16840818422,2.199,0.11,,0.326,1.756,,0.019,0.006,59.583,4.773
Niger,NER,2016,20685758,17807651308,2.142,0.104,,0.356,1.681,,0.018,0.006,60.557,4.831
Niger,NER,2017,21435449,18698209711,2.243,0.105,,0.337,1.814,,0.018,0.006,56.175,5.047
Niger,NER,2018,22188074,20008393727,1.803,0.081,,0.326,1.385,,0.031,0.005,51.624,4.693
Niger,NER,2019,22947765,21237507069,2.513,0.11,,0.326,2.026,0.073,0.032,0.007,49.621,5.529
Niger,NER,2020,23717615,21991440513,3.04,0.128,,0.356,2.505,0.077,0.032,0.009,49.732,6.207
Niger,NER,2021,24502145,22299096291,2.588,0.106,,0.154,2.188,0.117,0.036,0.007,48.749,5.874
Niger,NER,2022,25311978,24776754234,3.201,0.126,,0.315,2.68,0.099,0.036,0.009,50.744,6.559
Niger,NER,2023,26159863,,3.133,0.12,,0.366,2.563,0.098,0.036,0.008,51.424,6.548
Niger,NER,2024,27032417,,3.17,0.117,,0.3,2.663,0.106,0.036,0.008,52.135,6.716
Nigeria,NGA,1990,97120926,171278462601,38.786,0.399,36.877,0.165,29.777,7.478,1.365,0.171,369.206,207.446
Nigeria,NGA,1991,99720161,174067595995,41.841,0.42,38.772,0.191,31.184,9.12,1.347,0.18,410.529,217.823
Nigeria,NGA,1992,102372779,181866334418,46.162,0.451,42.615,0.139,35.102,9.592,1.329,0.205,422.346,238.206
Nigeria,NGA,1993,105122075,188893712697,44.705,0.425,42.551,0.022,33.006,10.478,1.198,0.197,460.077,242.083
Nigeria,NGA,1994,107935717,193990909901,80.36,0.745,77.162,0.066,23.528,10.269,0.97,0.35,586.822,307.192
Nigeria,NGA,1995,110819430,202397614701,84.23,0.76,75.375,0.051,22.239,10.066,0.947,0.358,561.835,334.068
Nigeria,NGA,1996,113754783,215950344813,97.767,0.859,88.988,0.022,25.531,10.201,0.913,0.403,581.685,390.573
Nigeria,NGA,1997,116754790,227883174622,95.649,0.819,87.26,0.026,29.294,10.666,0.891,0.392,573.095,364.686
Nigeria,NGA,1998,119846261,239844515802,86.338,0.72,86.148,0.033,25.589,11.029,0.941,0.355,568.102,332.263
Nigeria,NGA,1999,123047324,247535177447,84.838,0.689,63.584,0.044,26.923,11.608,0.858,0.342,513.201,318.669
Nigeria,NGA,2000,126382490,268133056679,96.831,0.766,49.579,0.158,31.54,13.179,0.845,0.38,561.807,355.869
Nigeria,NGA,2001,129862594,293371700731,100.218,0.772,70.637,0.154,37.204,11.608,0.846,0.39,532.807,358.844
Nigeria,NGA,2002,133471995,344836483316,89.906,0.674,71.263,0.136,37.573,11.889,0.808,0.342,460.567,305.706
Nigeria,NGA,2003,137202646,387284228400,100.03,0.729,75.776,0.15,34.203,20.097,0.773,0.362,493.729,340.322
Nigeria,NGA,2004,141057045,438814816180,94.962,0.673,80.496,0.15,30.847,20.507,0.912,0.332,480.39,328.825
Nigeria,NGA,2005,145017256,481797619872,101.666,0.701,89.845,0.172,39.793,20.631,1.112,0.343,464.284,327.369
Nigeria,NGA,2006,149077335,527631752471,90.097,0.604,65.904,0.213,31.979,21.618,1.252,0.294,435.284,298.135
Nigeria,NGA,2007,153267254,581001445796,82.17,0.536,76.544,0.3,27.26,22.233,1.811,0.261,404.156,276.912
Nigeria,NGA,2008,157595014,638908028616,86.489,0.549,82.579,0.641,33.499,20.653,2.507,0.27,434.029,276.727
Nigeria,NGA,2009,162049466,709931188516,77.031,0.475,93.443,0.641,27.253,18.053,3.104,0.244,337.385,262.466
Nigeria,NGA,2010,166642888,809999411809,112.05,0.672,113.889,0.641,58.741,20.196,3.941,0.336,371.411,304.59
Nigeria,NGA,2011,171379602,871103799000,126.115,0.736,120.636,0.678,69.442,28.003,4.682,0.366,378.468,326.701
Nigeria,NGA,2012,176200627,908380661120,110.125,0.625,103.878,0.901,55.858,28.872,6.403,0.315,361.051,313.832
Nigeria,NGA,2013,181049440,957382666012,117.401,0.648,132.287,1.129,62.251,28.63,7.83,0.333,360.019,310.709
Nigeria,NGA,2014,185896917,1017790765613,123.971,0.667,138.471,1.129,66.604,32.676,7.736,0.35,372.515,319.723
Nigeria,NGA,2015,190671883,1044789628210,110.525,0.58,128.391,1.183,54.11,32.448,8.386,0.312,362.702,304.524
Nigeria,NGA,2016,195443698,1027896680223,116.396,0.596,125.332,1.238,60.54,34.434,6.886,0.329,364.156,297.816
Nigeria,NGA,2017,200254580,1036180414988,112.54,0.562,118.612,1.07,58.476,32.416,6.203,0.313,377.183,297.264
Nigeria,NGA,2018,204938752,1056103594567,106.786,0.521,113.885,1.253,48.436,34.34,8.583,0.291,384.295,296.024
Nigeria,NGA,2019,209485637,1079426893318,127.859,0.61,132.294,1.268,68.002,35.106,8.895,0.345,408.817,324.135
Nigeria,NGA,2020,213996185,1060059201469,124.899,0.584,137.178,1.499,64.36,35.293,10.222,0.355,398.501,299.4
Nigeria,NGA,2021,218529286,1098721596994,147.777,0.676,157.127,3.049,82.841,38.114,11.314,0.401,405.614,315.685
Nigeria,NGA,2022,223150906,1134448580250,131.441,0.589,139.598,3.199,69.383,37.936,10.924,0.35,383.888,290.524
Nigeria,NGA,2023,227882949,,129.376,0.568,133.284,3.72,66.347,37.507,10.924,0.34,389.876,293.145
Nigeria,NGA,2024,232679482,,135.824,0.584,,3.049,68.935,40.734,10.924,0.352,384.682,284.002
Niue,NIU,1990,2506,,0.007,2.924,,,0.007,,0.0,0.0,0.013,0.007
Niue,NIU,1991,2476,,0.007,2.96,,,0.007,,0.0,0.0,0.013,0.007
Niue,NIU,1992,2443,,0.007,3.0,,,0.007,,0.0,0.0,0.012,0.007
Niue,NIU,1993,2403,,0.007,3.05,,,0.007,,0.0,0.0,0.012,0.007
Niue,NIU,1994,2362,,0.007,3.102,,,0.007,,0.0,0.0,0.011,0.007
Niue,NIU,1995,2326,,0.004,1.575,,,0.004,,0.0,0.0,0.007,0.004
Niue,NIU,1996,2290,,0.004,1.6,,,0.004,,0.0,0.0,0.007,0.004
Niue,NIU,1997,2242,,0.004,1.634,,,0.004,,0.0,0.0,0.006,0.004
Niue,NIU,1998,2187,,0.007,3.351,,,0.007,,0.0,0.0,0.01,0.007
Niue,NIU,1999,2138,,0.007,3.428,,,0.007,,0.0,0.0,0.01,0.007
Niue,NIU,2000,2068,,0.007,3.544,,,0.007,,0.0,0.0,0.01,0.007
Niue,NIU,2001,2007,,0.007,3.651,,,0.007,,0.0,0.0,0.009,0.007
Niue,NIU,2002,1965,,0.007,3.729,,,0.007,,0.0,0.0,0.009,0.007
Niue,NIU,2003,1928,,0.004,1.9,,,0.004,,0.0,0.0,0.005,0.004
Niue,NIU,2004,1891,,0.004,1.938,,,0.004,,0.0,0.0,0.005,0.004
Niue,NIU,2005,1849,,0.004,1.982,,,0.004,,0.0,0.0,0.006,0.004
Niue,NIU,2006,1818,,0.004,2.015,,,0.004,,0.0,0.0,0.007,0.004
Niue,NIU,2007,1810,,0.004,2.024,,,0.004,,0.0,0.0,0.007,0.004
Niue,NIU,2008,1805,,0.007,4.06,,,0.007,,0.0,0.0,0.011,0.007
Niue,NIU,2009,1801,,0.004,2.034,,,0.004,,0.0,0.0,0.007,0.004
Niue,NIU,2010,1786,,0.004,2.052,,,0.004,,0.0,0.0,0.007,0.004
Niue,NIU,2011,1776,,0.004,2.063,,,0.004,,0.0,0.0,0.006,0.004
Niue,NIU,2012,1784,,0.004,2.054,,,0.004,,0.0,0.0,0.006,0.004
Niue,NIU,2013,1786,,0.007,4.103,,,0.007,,0.0,0.0,0.01,0.007
Niue,NIU,2014,1792,,0.007,4.089,,,0.007,,0.0,0.0,0.01,0.007
Niue,NIU,2015,1803,,0.007,4.064,,,0.007,,0.0,0.0,0.01,0.007
Niue,NIU,2016,1806,,0.007,4.058,,,0.007,,0.0,0.0,0.01,0.007
Niue,NIU,2017,1803,,0.007,4.064,,,0.007,,0.0,0.0,0.009,0.007
Niue,NIU,2018,1805,,0.007,4.06,,,0.007,,0.0,0.0,0.009,0.007
Niue,NIU,2019,1814,,0.007,4.04,,,0.007,,0.0,0.0,0.009,0.007
Niue,NIU,2020,1822,,0.007,4.022,,,0.007,,0.0,0.0,0.009,0.007
Niue,NIU,2021,1836,,0.007,3.991,,,0.007,,0.0,0.0,0.009,0.007
Niue,NIU,2022,1844,,0.007,3.974,,,0.007,,0.0,0.0,0.009,0.007
Niue,NIU,2023,1841,,0.007,3.961,,,0.007,,0.0,0.0,0.008,0.007
Niue,NIU,2024,1841,,0.008,4.143,,,0.008,,0.0,0.0,0.009,0.008
North Korea,PRK,1990,21112134,50223946260,118.383,5.607,,107.78,8.105,,2.498,0.521,162.166,144.314
North Korea,PRK,1991,21428637,48202054341,112.819,5.265,,104.549,6.167,,2.104,0.486,154.917,138.1
North Korea,PRK,1992,21750912,44917408392,97.985,4.505,,91.036,5.02,,1.93,0.435,138.469,122.249
North Korea,PRK,1993,22073354,43046073181,89.585,4.059,,83.473,4.496,,1.616,0.394,140.809,112.837
North Korea,PRK,1994,22393967,42085991707,81.584,3.643,,76.79,3.037,,1.756,0.355,121.769,103.842
North Korea,PRK,1995,22669307,40146511697,76.085,3.356,,70.338,4.038,,1.71,0.324,109.698,97.219
North Korea,PRK,1996,22895753,38689712954,66.292,2.895,,60.405,4.353,,1.534,0.274,100.372,87.766
North Korea,PRK,1997,23110836,36018760289,63.679,2.755,,59.291,3.037,,1.35,0.261,97.688,84.215
North Korea,PRK,1998,23311570,35521586609,58.749,2.52,,53.487,3.99,,1.272,0.242,92.05,77.365
North Korea,PRK,1999,23497594,37610923377,64.143,2.73,,59.881,2.609,,1.654,0.258,98.781,83.85
North Korea,PRK,2000,23665909,37758035363,69.165,2.923,,64.175,3.136,,1.854,0.271,103.783,89.728
North Korea,PRK,2001,23815364,39161385107,71.668,3.009,,66.11,3.488,,2.07,0.279,106.555,92.66
North Korea,PRK,2002,23943975,39634147135,68.642,2.867,,63.021,3.495,,2.125,0.261,102.425,89.033
North Korea,PRK,2003,24090382,40352082900,70.143,2.912,,64.534,3.404,,2.205,0.254,105.485,90.744
North Korea,PRK,2004,24254946,41171424607,71.722,2.957,,66.066,3.426,,2.231,0.251,113.673,93.123
North Korea,PRK,2005,24396434,42708227011,75.01,3.075,,69.796,2.876,,2.338,0.253,115.0,97.855
North Korea,PRK,2006,24524508,42264169568,76.17,3.106,,71.572,2.195,,2.403,0.249,115.676,99.292
North Korea,PRK,2007,24646384,41765545354,63.478,2.576,,58.496,2.623,,2.359,0.202,107.57,84.211
North Korea,PRK,2008,24764620,43163303891,70.326,2.84,,65.19,2.686,,2.45,0.219,112.58,92.058
North Korea,PRK,2009,24878338,42791212438,67.66,2.72,,62.732,2.59,,2.338,0.215,109.211,89.033
North Korea,PRK,2010,24987257,42605438930,65.355,2.616,,60.39,2.568,,2.397,0.196,102.435,86.892
North Korea,PRK,2011,25097877,42961431310,47.867,1.907,,42.785,2.642,,2.44,0.139,85.354,68.531
North Korea,PRK,2012,25211737,43545173971,46.755,1.854,,41.792,2.532,,2.431,0.134,82.792,67.04
North Korea,PRK,2013,25329456,44033758330,36.144,1.427,,30.888,2.733,,2.523,0.102,71.79,56.72
North Korea,PRK,2014,25451263,44518471841,39.825,1.565,,34.668,2.609,,2.547,0.112,74.785,60.753
North Korea,PRK,2015,25575355,44032955306,31.278,1.223,,25.736,2.986,,2.556,0.088,65.958,51.826
North Korea,PRK,2016,25698325,45739740287,34.236,1.332,,28.337,3.199,,2.701,0.097,69.691,56.547
North Korea,PRK,2017,25817710,44160501992,69.708,2.7,,64.168,2.931,,2.609,0.194,104.232,91.026
North Korea,PRK,2018,25931153,42349472757,62.608,2.414,,57.477,2.906,,2.226,0.17,94.215,81.476
North Korea,PRK,2019,26037633,42499100315,69.512,2.67,,64.201,3.173,,2.139,0.187,102.291,89.981
North Korea,PRK,2020,26136312,40572892149,65.577,2.509,,60.353,3.052,,2.171,0.187,97.202,85.223
North Korea,PRK,2021,26232530,40550428396,53.97,2.057,,49.219,2.477,,2.274,0.146,82.487,71.172
North Korea,PRK,2022,26328843,40488847458,56.289,2.138,,51.19,2.599,,2.5,0.15,86.171,73.9
North Korea,PRK,2023,26418196,,62.025,2.348,,56.746,2.587,,2.692,0.163,90.733,79.091
North Korea,PRK,2024,26498832,,62.55,2.36,,57.153,2.705,,2.692,0.162,89.797,78.297
North Macedonia,MKD,1990,2063690,17074264103,11.098,5.378,,5.829,5.253,,,0.049,14.277,12.165
North Macedonia,MKD,1991,2056002,16091738511,7.789,3.788,,3.419,4.36,,,0.034,37.89,8.825
North Macedonia,MKD,1992,2032516,15099004830,8.394,4.13,,5.24,3.155,,,0.037,22.279,9.493
North Macedonia,MKD,1993,2006853,14032388036,7.599,3.787,,5.255,2.344,,,0.033,16.61,8.71
North Macedonia,MKD,1994,1992669,13843334272,7.903,3.966,,5.47,2.433,,,0.034,15.625,8.987
North Macedonia,MKD,1995,1998531,13754792054,7.925,3.966,,5.643,2.283,,,0.034,15.042,9.001
North Macedonia,MKD,1996,2012553,13985282522,9.416,4.679,,5.844,3.572,,,0.039,15.707,10.516
North Macedonia,MKD,1997,2025764,14249362170,8.446,4.169,,5.467,2.979,,,0.035,14.16,9.522
North Macedonia,MKD,1998,2037575,14789521174,9.647,4.735,,6.873,2.734,0.04,,0.04,15.139,10.721
North Macedonia,MKD,1999,2048088,15508166039,8.783,4.288,,6.021,2.685,0.077,,0.035,13.03,9.84
North Macedonia,MKD,2000,2057254,16307994486,8.468,4.116,,5.527,2.816,0.125,,0.033,13.874,9.515
North Macedonia,MKD,2001,2066300,15872667390,8.292,4.013,,5.828,2.298,0.165,,0.032,14.244,9.333
North Macedonia,MKD,2002,2074482,16017432272,7.837,3.778,,5.104,2.561,0.172,,0.03,12.247,8.865
North Macedonia,MKD,2003,2081417,16466000239,8.533,4.1,,5.854,2.529,0.15,,0.031,12.021,9.591
North Macedonia,MKD,2004,2086581,17324217189,8.229,3.944,,5.496,2.598,0.136,,0.029,11.738,9.271
North Macedonia,MKD,2005,2089809,18219129334,8.596,4.113,,5.771,2.682,0.143,,0.029,11.379,9.66
North Macedonia,MKD,2006,2089232,19227779553,8.651,4.141,,5.632,2.865,0.154,,0.028,10.935,9.717
North Macedonia,MKD,2007,2081972,20547244002,9.013,4.329,,5.722,3.097,0.194,,0.029,11.47,10.082
North Macedonia,MKD,2008,2070837,21752220835,8.936,4.315,,5.936,2.777,0.224,,0.028,10.971,10.025
North Macedonia,MKD,2009,2060601,21758909955,8.248,4.002,,5.278,2.822,0.147,,0.026,12.593,9.312
North Macedonia,MKD,2010,2051510,22583127369,8.182,3.988,,5.223,2.739,0.22,,0.025,11.147,9.25
North Macedonia,MKD,2011,2040445,23201482935,8.823,4.324,,5.818,2.752,0.253,,0.026,16.142,9.942
North Macedonia,MKD,2012,2027288,23095684802,8.457,4.171,,5.522,2.675,0.26,,0.024,13.356,9.613
North Macedonia,MKD,2013,2013280,23771197646,7.452,3.702,,4.557,2.599,0.297,,0.021,11.34,8.573
North Macedonia,MKD,2014,1997842,24633991465,7.167,3.587,,4.32,2.594,0.253,,0.02,10.803,8.206
North Macedonia,MKD,2015,1980366,25583815729,6.72,3.393,,3.752,2.737,0.231,,0.019,10.171,7.742
North Macedonia,MKD,2016,1961268,26312536822,6.606,3.368,,3.433,2.81,0.363,,0.019,9.654,7.6
North Macedonia,MKD,2017,1940877,26597107306,7.09,3.653,,3.812,2.813,0.465,,0.02,9.967,8.118
North Macedonia,MKD,2018,1919730,27363281668,6.654,3.466,,3.408,2.77,0.476,,0.018,9.365,7.656
North Macedonia,MKD,2019,1897643,28433274864,7.625,4.018,,4.051,3.017,0.557,,0.021,9.953,8.658
North Macedonia,MKD,2020,1872021,27100243788,6.98,3.729,,3.459,2.88,0.641,,0.02,9.29,8.02
North Macedonia,MKD,2021,1851109,28165634846,6.518,3.521,,2.55,3.155,0.813,,0.018,8.567,7.547
North Macedonia,MKD,2022,1840236,28770256385,7.352,3.995,,3.323,3.479,0.55,,0.02,9.18,8.417
North Macedonia,MKD,2023,1831800,,7.338,4.006,,3.183,3.46,0.695,,0.019,8.972,8.417
North Macedonia,MKD,2024,1823011,,6.62,3.631,,2.454,3.511,0.655,,0.017,8.076,7.703
Norway,NOR,1990,4241440,124859200464,35.009,8.254,,3.687,20.249,7.499,0.634,0.154,48.839,42.294
Norway,NOR,1991,4261618,132697585836,33.466,7.853,,3.263,19.449,7.826,0.592,0.144,46.703,40.6
Norway,NOR,1992,4286255,141648316012,34.402,8.026,,3.292,19.749,8.334,0.653,0.153,47.49,41.061
Norway,NOR,1993,4311864,150177267961,35.948,8.337,,3.7,20.13,8.719,0.838,0.158,50.186,42.881
Norway,NOR,1994,4336467,162645039026,37.863,8.731,,4.067,20.876,9.423,0.845,0.165,56.573,45.141
Norway,NOR,1995,4358991,174592147085,38.469,8.825,,4.138,21.313,9.396,0.875,0.164,55.789,45.893
Norway,NOR,1996,4381137,189011166346,41.54,9.482,,4.139,23.388,10.118,0.863,0.171,56.481,49.075
Norway,NOR,1997,4404988,205129717023,41.644,9.454,,4.212,23.045,10.553,0.922,0.171,56.559,49.303
Norway,NOR,1998,4431308,216978667712,41.838,9.441,,4.417,23.751,9.862,0.9,0.172,56.174,49.403
Norway,NOR,1999,4461789,228192617125,42.609,9.55,,4.402,24.282,9.615,0.892,0.172,57.015,50.115
Norway,NOR,2000,4490864,242751277829,42.131,9.381,,4.324,22.346,11.042,0.89,0.165,56.559,49.857
Norway,NOR,2001,4513650,255455331302,43.519,9.642,,3.939,23.33,12.131,0.853,0.169,58.866,52.038
Norway,NOR,2002,4538016,267081351259,42.571,9.381,,3.434,23.322,12.302,0.875,0.162,58.147,51.496
Norway,NOR,2003,4564666,277856282106,43.919,9.622,48.507,3.284,24.382,13.021,0.904,0.159,60.623,53.66
Norway,NOR,2004,4591739,297743119876,44.257,9.638,52.343,3.67,24.047,13.595,0.716,0.155,61.09,54.122
Norway,NOR,2005,4623120,314940774381,43.279,9.361,50.654,3.319,23.64,13.426,0.78,0.146,59.828,52.377
Norway,NOR,2006,4660487,332457531096,43.859,9.411,56.636,2.747,24.743,13.6,0.805,0.143,60.815,53.31
Norway,NOR,2007,4709017,352692911227,45.605,9.685,61.4,3.11,24.389,13.92,0.869,0.145,63.453,55.69
Norway,NOR,2008,4768097,364943654963,44.692,9.373,57.46,3.23,23.62,14.09,0.833,0.139,62.303,54.303
Norway,NOR,2009,4828625,370113292846,43.098,8.926,55.744,2.322,23.144,14.793,0.842,0.137,60.05,51.997
Norway,NOR,2010,4889160,383760934305,45.659,9.339,60.764,3.053,24.535,15.053,0.754,0.137,62.985,54.638
Norway,NOR,2011,4952969,399420041611,44.775,9.04,56.21,3.202,24.308,14.368,0.749,0.13,61.415,53.328
Norway,NOR,2012,5018453,410276121127,44.258,8.819,52.914,3.175,24.279,14.086,0.725,0.127,59.857,51.557
Norway,NOR,2013,5080126,414445317738,44.539,8.767,53.486,3.242,24.539,13.909,0.731,0.126,60.652,51.881
Norway,NOR,2014,5137397,422933730082,44.975,8.754,52.705,3.473,24.091,14.651,0.727,0.127,61.336,52.224
Norway,NOR,2015,5189777,430788988142,45.523,8.772,54.765,3.362,23.893,15.516,0.672,0.129,62.446,52.874
Norway,NOR,2016,5235974,435806553454,44.708,8.539,49.226,3.479,23.38,15.152,0.684,0.126,61.784,51.892
Norway,NOR,2017,5276807,446543702505,44.197,8.376,49.121,3.581,22.723,15.498,0.766,0.123,61.7,51.287
Norway,NOR,2018,5311751,450245217440,44.472,8.372,48.661,3.466,23.347,15.335,0.73,0.121,62.067,51.704
Norway,NOR,2019,5347733,455304831150,42.866,8.016,48.297,3.485,22.084,15.057,0.722,0.116,60.492,49.709
Norway,NOR,2020,5379275,449485260525,41.275,7.673,46.648,3.539,21.328,14.318,0.725,0.117,58.882,48.232
Norway,NOR,2021,5408082,467007972731,41.058,7.592,42.23,3.639,22.07,13.397,0.699,0.111,59.637,48.274
Norway,NOR,2022,5456796,482328451592,40.833,7.483,34.89,3.68,22.164,12.923,0.71,0.109,59.696,47.972
Norway,NOR,2023,5519167,,38.869,7.043,38.97,3.752,21.22,11.422,0.594,0.102,57.889,46.035
Norway,NOR,2024,5576656,,37.183,6.668,,3.851,20.837,10.047,0.594,0.096,56.189,44.496
Oman,OMN,1990,1763957,18309502487,11.285,6.398,12.338,0.0,5.232,4.203,0.48,0.05,29.883,29.186
Oman,OMN,1991,1851476,20523449762,11.658,6.297,13.139,0.0,5.494,4.458,0.476,0.05,34.35,33.6
Oman,OMN,1992,1938240,23477627483,11.956,6.168,13.462,0.0,4.043,6.256,0.462,0.053,32.569,31.825
Oman,OMN,1993,2021677,26328163578,13.291,6.574,15.072,0.0,4.085,7.588,0.475,0.058,32.658,31.878
Oman,OMN,1994,2081839,28891343065,17.466,8.39,18.695,0.0,5.276,8.416,0.568,0.076,37.12,36.3
Oman,OMN,1995,2120531,32313285852,18.816,8.873,19.661,0.0,7.678,6.876,0.555,0.08,40.822,39.977
Oman,OMN,1996,2156925,35842067925,18.197,8.437,18.662,0.0,7.273,6.383,0.592,0.075,41.393,40.531
Oman,OMN,1997,2190726,41346951900,18.145,8.282,18.294,0.0,5.518,7.497,0.591,0.074,43.91,43.01
Oman,OMN,1998,2222492,46306004470,18.543,8.343,19.794,0.0,5.363,8.839,0.621,0.076,41.137,40.165
Oman,OMN,1999,2252910,50522589652,22.076,9.799,17.6,0.0,7.738,9.754,0.565,0.089,46.225,45.193
Oman,OMN,2000,2282139,58124187550,23.984,10.51,15.637,0.0,8.163,11.029,0.573,0.094,49.575,48.577
Oman,OMN,2001,2310223,64949142360,22.512,9.744,16.346,0.0,5.251,12.134,0.626,0.088,49.719,48.705
Oman,OMN,2002,2337144,68131998222,26.979,11.544,18.992,0.0,6.226,15.314,0.768,0.103,54.763,53.781
Oman,OMN,2003,2363801,69978417960,34.563,14.622,38.207,0.0,11.12,16.818,1.116,0.125,65.446,64.47
Oman,OMN,2004,2404822,74745449481,29.247,12.162,28.975,0.001,7.504,15.37,1.156,0.102,58.777,57.805
Oman,OMN,2005,2459808,80936605625,31.835,12.942,29.612,0.004,6.87,18.892,1.171,0.108,60.442,59.391
Oman,OMN,2006,2514794,90553430362,40.45,16.085,39.227,0.0,14.029,20.625,1.557,0.132,66.74,65.632
Oman,OMN,2007,2570175,100681198254,45.308,17.629,45.096,0.003,18.148,21.717,1.642,0.144,69.936,68.776
Oman,OMN,2008,2626536,115217924982,47.436,18.06,49.397,0.009,13.275,28.689,1.674,0.148,72.353,71.095
Oman,OMN,2009,2684665,127016653137,44.504,16.577,50.202,0.025,10.53,28.729,1.664,0.141,68.922,67.681
Oman,OMN,2010,2757450,135198273857,51.429,18.651,53.079,0.029,12.109,34.106,1.865,0.154,75.773,74.449
Oman,OMN,2011,3076762,132756531310,57.305,18.625,57.496,0.027,12.45,39.117,2.063,0.166,82.554,81.234
Oman,OMN,2012,3547104,144522749866,63.105,17.791,67.337,0.014,14.983,41.637,2.499,0.181,89.557,88.221
Oman,OMN,2013,3833915,152076951430,65.587,17.107,71.533,0.021,13.168,45.635,2.335,0.186,93.445,91.808
Oman,OMN,2014,4002444,154041791696,66.19,16.537,73.064,0.015,14.275,44.965,2.06,0.187,94.467,92.69
Oman,OMN,2015,4184898,161770059399,67.883,16.221,76.902,0.214,12.703,48.251,2.141,0.192,97.406,95.619
Oman,OMN,2016,4390880,169932976616,66.24,15.086,74.332,0.186,10.941,48.255,2.302,0.187,96.905,94.965
Oman,OMN,2017,4537397,170449577065,66.344,14.622,75.389,0.166,11.828,47.496,1.963,0.184,96.63,94.663
Oman,OMN,2018,4597878,172643265345,70.678,15.372,77.843,0.111,12.599,51.296,2.169,0.192,101.273,99.334
Oman,OMN,2019,4591248,170692383655,72.035,15.69,78.59,0.191,12.324,52.344,2.229,0.194,102.65,100.706
Oman,OMN,2020,4522502,165230251016,71.845,15.886,78.752,0.329,10.069,54.171,2.545,0.204,102.133,100.187
Oman,OMN,2021,4500429,170025212745,75.041,16.674,81.218,0.165,11.147,56.451,2.625,0.204,106.103,104.044
Oman,OMN,2022,4730229,177355008173,77.994,16.488,81.191,0.024,12.725,58.523,2.827,0.208,111.458,109.367
Oman,OMN,2023,5049267,,79.811,15.806,83.36,0.018,12.765,60.649,2.827,0.21,113.278,111.157
Oman,OMN,2024,5281542,,82.662,15.651,,0.023,12.435,63.552,2.827,0.214,117.089,114.923
Pakistan,PAK,1990,116155584,290069526062,67.827,0.584,69.172,8.53,33.128,23.117,3.052,0.298,182.571,97.397
Pakistan,PAK,1991,120060409,311483364597,67.477,0.562,68.311,8.024,32.311,23.983,3.159,0.291,183.223,94.871
Pakistan,PAK,1992,123546855,327814343506,72.015,0.583,72.696,8.361,34.971,25.515,3.168,0.32,198.285,101.581
Pakistan,PAK,1993,127020117,338978430026,77.176,0.608,77.9,8.464,38.384,26.949,3.379,0.339,205.561,107.321
Pakistan,PAK,1994,130748076,356454516834,84.018,0.643,85.127,9.208,42.986,28.539,3.286,0.366,218.127,115.284
Pakistan,PAK,1995,134582255,376967615526,83.614,0.621,85.232,8.332,43.693,28.11,3.479,0.356,222.678,116.186
Pakistan,PAK,1996,138557089,391435181933,93.542,0.675,95.055,9.358,50.178,30.404,3.602,0.386,244.298,126.923
Pakistan,PAK,1997,142531801,402359547116,93.788,0.658,94.915,8.574,49.358,32.218,3.639,0.385,248.349,127.721
Pakistan,PAK,1998,146522354,419024845538,96.741,0.66,97.113,8.182,52.58,32.384,3.595,0.398,252.755,132.374
Pakistan,PAK,1999,150565381,440333180316,99.389,0.66,101.217,8.592,52.448,34.476,3.873,0.4,256.205,135.08
Pakistan,PAK,2000,154879124,459798536606,103.94,0.671,106.65,8.192,55.39,36.368,3.989,0.407,268.154,140.977
Pakistan,PAK,2001,159270910,477964444881,105.401,0.662,108.182,8.042,55.088,37.856,4.414,0.41,267.98,142.459
Pakistan,PAK,2002,163222552,504824722487,110.566,0.677,116.523,7.742,53.659,44.77,4.395,0.421,277.709,149.458
Pakistan,PAK,2003,167110250,543920300431,113.142,0.677,120.568,8.841,44.217,54.912,5.171,0.409,277.715,153.509
Pakistan,PAK,2004,171285999,592025705114,124.637,0.728,140.241,11.923,46.331,60.778,5.604,0.436,290.965,166.336
Pakistan,PAK,2005,175453212,641139042718,129.947,0.741,146.737,11.446,48.365,63.497,6.639,0.439,304.571,172.661
Pakistan,PAK,2006,179682690,685965623310,137.912,0.768,154.776,12.051,54.216,63.757,7.887,0.451,321.016,182.31
Pakistan,PAK,2007,184493231,719253757580,148.349,0.804,165.201,16.067,57.866,64.952,9.465,0.471,328.961,193.171
Pakistan,PAK,2008,189499112,746912719652,147.901,0.78,164.875,12.887,58.93,65.756,10.33,0.461,336.25,192.722
Pakistan,PAK,2009,194376535,774880575078,148.355,0.763,162.541,11.446,58.311,66.987,11.611,0.471,344.851,193.786
Pakistan,PAK,2010,199239048,805491514683,147.504,0.74,162.25,11.021,62.145,63.123,11.214,0.443,355.834,193.983
Pakistan,PAK,2011,203746069,845096928750,149.488,0.734,165.284,12.003,60.504,65.959,11.022,0.434,363.645,195.515
Pakistan,PAK,2012,207667129,878485024934,150.555,0.725,167.85,10.369,63.616,64.177,11.391,0.431,367.366,197.575
Pakistan,PAK,2013,211073979,918328534363,148.183,0.702,165.372,10.318,61.042,63.721,11.962,0.42,371.964,196.982
Pakistan,PAK,2014,214264649,961516822345,150.81,0.704,170.976,13.117,60.428,64.202,12.198,0.425,378.128,201.03
Pakistan,PAK,2015,217290884,1010825281718,144.896,0.667,171.63,12.506,54.382,64.407,12.704,0.409,387.85,196.064
Pakistan,PAK,2016,220138863,1061146810870,176.741,0.803,211.188,22.614,74.33,64.522,14.46,0.499,425.984,229.287
Pakistan,PAK,2017,223273974,1117267177186,211.981,0.949,243.599,37.259,83.47,75.724,14.846,0.589,465.362,266.206
Pakistan,PAK,2018,226928893,1165406508457,203.5,0.897,232.948,46.21,66.654,74.561,15.5,0.554,455.021,259.716
Pakistan,PAK,2019,230800908,1172330212219,190.826,0.827,219.373,44.715,61.867,68.337,15.444,0.515,454.955,246.181
Pakistan,PAK,2020,235001745,1202026422230,215.51,0.917,240.62,52.01,80.077,66.395,16.573,0.613,482.812,273.798
Pakistan,PAK,2021,239477805,1278204948031,243.552,1.017,273.001,62.292,94.018,67.872,18.929,0.661,518.171,303.777
Pakistan,PAK,2022,243700667,1318834969356,211.97,0.87,245.344,59.54,73.32,61.74,16.918,0.565,489.885,273.278
Pakistan,PAK,2023,247504505,,186.861,0.755,220.106,51.092,58.21,61.176,15.957,0.491,473.707,250.326
Pakistan,PAK,2024,251269160,,179.8,0.716,,45.25,59.735,59.945,14.402,0.466,473.777,245.199
Palau,PLW,1990,15282,,0.234,15.345,,,0.234,,0.0,0.001,0.15,
Palau,PLW,1991,15635,,0.234,14.998,,,0.234,,0.0,0.001,0.149,
Palau,PLW,1992,16017,,0.194,12.124,,,0.194,,0.0,0.001,0.331,
Palau,PLW,1993,16397,,0.194,11.843,,,0.194,,0.0,0.001,0.334,
Palau,PLW,1994,16796,,0.198,11.78,,,0.198,,0.0,0.001,0.406,
Palau,PLW,1995,17217,,0.194,11.279,,,0.194,,0.0,0.001,0.353,
Palau,PLW,1996,17683,,0.198,11.189,,,0.198,,0.0,0.001,0.345,
Palau,PLW,1997,18126,,0.198,10.916,,,0.198,,0.0,0.001,0.322,
Palau,PLW,1998,18548,,0.202,10.865,,,0.202,,0.0,0.001,0.309,
Palau,PLW,1999,18926,,0.202,10.648,,,0.202,,0.0,0.001,0.326,
Palau,PLW,2000,19206,,0.209,10.874,,,0.209,,0.0,0.001,0.289,
Palau,PLW,2001,19379,,0.213,10.966,,,0.213,,0.0,0.001,0.29,
Palau,PLW,2002,19527,,0.213,10.883,,,0.213,,0.0,0.001,0.253,
Palau,PLW,2003,19683,,0.213,10.797,,,0.213,,0.0,0.001,0.257,
Palau,PLW,2004,19841,,0.213,10.711,,,0.213,,0.0,0.001,0.26,
Palau,PLW,2005,19837,,0.224,11.267,,,0.224,,0.0,0.001,0.3,
Palau,PLW,2006,19616,,0.227,11.581,,,0.227,,0.0,0.001,0.302,
Palau,PLW,2007,19324,,0.253,13.083,,,0.253,,0.0,0.001,0.31,
Palau,PLW,2008,19031,,0.205,10.782,,,0.205,,0.0,0.001,0.264,
Palau,PLW,2009,18736,,0.194,10.365,,,0.194,,0.0,0.001,0.269,
Palau,PLW,2010,18420,,0.209,11.338,,,0.209,,0.0,0.001,0.269,
Palau,PLW,2011,18099,,0.213,11.742,,,0.213,,0.0,0.001,0.266,
Palau,PLW,2012,17791,,0.224,12.563,,,0.224,,0.0,0.001,0.345,0.343
Palau,PLW,2013,17670,,0.227,12.856,,,0.227,,0.0,0.001,0.287,0.285
Palau,PLW,2014,17740,,0.22,12.392,,,0.22,,0.0,0.001,0.277,0.276
Palau,PLW,2015,17791,,0.202,11.327,,,0.202,,0.0,0.001,0.262,0.261
Palau,PLW,2016,17824,,0.209,11.717,,,0.209,,0.0,0.001,0.268,0.267
Palau,PLW,2017,17838,,0.216,12.119,,,0.216,,0.0,0.001,0.278,0.277
Palau,PLW,2018,17843,,0.213,11.91,,,0.213,,0.0,0.001,0.272,0.27
Palau,PLW,2019,17821,,0.216,12.13,,,0.216,,0.0,0.001,0.278,0.276
Palau,PLW,2020,17817,,0.209,11.722,,,0.209,,0.0,0.001,0.272,0.27
Palau,PLW,2021,17809,,0.213,11.933,,,0.213,,0.0,0.001,0.276,0.274
Palau,PLW,2022,17784,,0.217,12.215,,,0.217,,0.0,0.001,0.284,0.282
Palau,PLW,2023,17751,,0.216,12.18,,,0.216,,0.0,0.001,0.281,0.279
Palau,PLW,2024,17719,,0.226,12.76,,,0.226,,0.0,0.001,0.294,0.292
Palestine,PSE,1990,2139065,10144810000,0.861,0.403,,,0.861,,0.0,0.004,,
Palestine,PSE,1991,2228955,9454877455,0.883,0.396,,,0.883,,0.0,0.004,,
Palestine,PSE,1992,2324698,11394776250,0.912,0.392,,,0.912,,0.0,0.004,,
Palestine,PSE,1993,2425066,12261093169,0.934,0.385,,,0.934,,0.0,0.004,,
Palestine,PSE,1994,2529164,13843761534,0.964,0.381,,,0.964,,0.0,0.004,,
Palestine,PSE,1995,2636554,14426654108,0.945,0.359,,,0.945,,0.0,0.004,,
Palestine,PSE,1996,2746830,14210402096,1.037,0.377,,,1.037,,0.0,0.004,,
Palestine,PSE,1997,2859581,15853595460,0.865,0.302,,,0.865,,0.0,0.004,,
Palestine,PSE,1998,2962895,17641238398,1.458,0.492,,,1.458,,0.0,0.006,,
Palestine,PSE,1999,3056256,18589120867,1.367,0.447,,,1.367,,0.0,0.006,,
Palestine,PSE,2000,3151800,16535485180,1.66,0.527,,,1.66,,0.0,0.007,,
Palestine,PSE,2001,3242286,14595986667,1.345,0.415,,,1.345,,0.0,0.005,,
Palestine,PSE,2002,3322369,12429343876,1.154,0.347,,,1.154,,0.0,0.004,,
Palestine,PSE,2003,3398071,13784762233,1.275,0.375,,,1.275,,0.0,0.005,,
Palestine,PSE,2004,3475178,14801525695,2.191,0.63,,,2.191,,0.0,0.008,,
Palestine,PSE,2005,3557406,15962719146,2.737,0.769,,,2.737,,0.0,0.009,,
Palestine,PSE,2006,3645096,14923434404,2.268,0.622,,,2.268,,0.0,0.007,,
Palestine,PSE,2007,3736694,15482101098,2.327,0.623,,,2.327,,0.0,0.007,,
Palestine,PSE,2008,3829039,15978427884,2.052,0.536,,,2.052,,0.0,0.006,,
Palestine,PSE,2009,3921245,16895251586,2.088,0.533,,,2.088,,0.0,0.007,,
Palestine,PSE,2010,4016918,17771111593,2.034,0.506,,,2.034,,0.0,0.006,,
Palestine,PSE,2011,4115912,19437411000,2.246,0.546,,,2.246,,0.0,0.007,,
Palestine,PSE,2012,4215318,20660752000,2.195,0.521,,,2.195,,0.0,0.006,,
Palestine,PSE,2013,4315263,21115612000,2.437,0.565,,,2.437,,0.0,0.007,,
Palestine,PSE,2014,4415887,21084591000,2.836,0.642,,,2.836,,0.0,0.008,,
Palestine,PSE,2015,4521564,21808077000,3.001,0.664,,,3.001,,0.0,0.008,,
Palestine,PSE,2016,4632743,23665914839,3.235,0.698,,,3.235,,0.0,0.009,,
Palestine,PSE,2017,4742747,23886477912,3.265,0.688,,,3.265,,0.0,0.009,,
Palestine,PSE,2018,4850593,24082206405,2.957,0.61,,,2.957,,0.0,0.008,,
Palestine,PSE,2019,4957773,24410373377,3.265,0.658,,,3.265,,0.0,0.009,,
Palestine,PSE,2020,5069692,21647493143,3.327,0.656,,,3.327,,0.0,0.009,,
Palestine,PSE,2021,5185341,23165411997,3.635,0.701,,,3.635,,0.0,0.01,,
Palestine,PSE,2022,5305274,24076501614,4.702,0.886,,,4.702,,0.0,0.013,,
Palestine,PSE,2023,5409201,,4.755,0.879,,,4.755,,0.0,0.012,,
Palestine,PSE,2024,5495447,,4.78,0.87,,,4.78,,0.0,0.012,,
Panama,PAN,1990,2455588,17035767000,2.618,1.066,2.742,0.092,2.411,,0.115,0.012,19.952,3.397
Panama,PAN,1991,2508273,18696766794,3.089,1.231,2.819,0.128,2.847,,0.114,0.013,21.132,3.906
Panama,PAN,1992,2561342,20281943424,4.098,1.6,3.281,0.128,3.876,,0.093,0.018,17.424,4.965
Panama,PAN,1993,2615099,21447805218,3.749,1.434,3.196,0.139,3.4,,0.21,0.016,15.914,4.648
Panama,PAN,1994,2669545,22126487628,4.136,1.549,3.401,0.143,3.77,,0.223,0.018,19.7,5.057
Panama,PAN,1995,2724555,22570156089,3.608,1.324,3.216,0.095,3.294,,0.219,0.015,18.803,4.547
Panama,PAN,1996,2780228,23274084902,4.397,1.581,3.674,0.264,3.906,,0.227,0.018,19.328,5.391
Panama,PAN,1997,2836702,24846156289,4.572,1.612,3.955,0.15,4.18,,0.242,0.019,23.223,5.607
Panama,PAN,1998,2893918,26740256885,5.835,2.016,4.433,0.158,5.423,,0.255,0.024,35.712,6.94
Panama,PAN,1999,2951820,27866809468,5.552,1.881,4.703,0.158,5.14,,0.254,0.022,45.191,6.686
Panama,PAN,2000,3010376,28706485449,5.636,1.872,4.415,0.158,5.166,,0.312,0.022,27.469,6.684
Panama,PAN,2001,3069545,28943056968,6.909,2.251,4.918,0.169,6.438,,0.303,0.027,25.574,7.98
Panama,PAN,2002,3129343,29668000666,5.71,1.825,4.526,0.121,5.383,,0.206,0.022,22.516,6.791
Panama,PAN,2003,3189813,31009621095,5.929,1.859,1.747,,5.72,,0.209,0.021,21.833,7.05
Panama,PAN,2004,3251158,33428600750,5.505,1.693,1.901,,5.28,,0.225,0.019,19.963,6.647
Panama,PAN,2005,3313024,35933065263,6.742,2.035,0.869,,6.54,,0.202,0.023,19.28,7.917
Panama,PAN,2006,3375024,39099565107,7.282,2.158,,,7.097,,0.185,0.024,23.592,8.499
Panama,PAN,2007,3437490,43958183203,7.134,2.075,0.28,,6.929,,0.205,0.023,21.081,8.388
Panama,PAN,2008,3500646,47885663330,6.809,1.945,,,6.603,,0.207,0.021,23.995,8.1
Panama,PAN,2009,3564383,48772972500,8.051,2.259,1.053,,7.797,,0.254,0.026,33.209,9.394
Panama,PAN,2010,3628537,51741885375,9.06,2.497,1.068,0.0,8.482,,0.578,0.027,25.157,10.442
Panama,PAN,2011,3693509,57996520000,9.899,2.68,0.17,0.553,8.636,,0.71,0.029,19.827,11.339
Panama,PAN,2012,3759261,63359010000,9.54,2.538,0.621,0.755,8.013,,0.772,0.027,21.812,11.028
Panama,PAN,2013,3825333,67546261000,10.274,2.686,2.566,0.795,8.687,,0.791,0.029,22.485,11.799
Panama,PAN,2014,3892100,71636840000,10.689,2.746,3.718,0.821,9.075,,0.792,0.03,21.4,12.255
Panama,PAN,2015,3960034,75784011000,10.652,2.69,4.542,0.828,9.083,,0.741,0.03,21.264,12.265
Panama,PAN,2016,4029085,79454188125,10.334,2.565,,0.733,8.867,,0.734,0.029,21.243,11.999
Panama,PAN,2017,4098704,83812229677,9.568,2.334,19.608,0.205,8.596,,0.767,0.027,20.441,11.267
Panama,PAN,2018,4167860,86820962356,9.121,2.188,19.105,0.51,7.434,0.535,0.643,0.025,18.609,10.836
Panama,PAN,2019,4234698,89670319909,12.449,2.94,18.749,2.096,8.134,1.663,0.555,0.034,21.328,14.224
Panama,PAN,2020,4293258,73827064971,6.557,1.527,18.314,2.253,3.133,0.898,0.274,0.019,17.234,8.302
Panama,PAN,2021,4345410,85518149482,10.145,2.335,19.623,2.147,6.434,1.07,0.494,0.028,19.522,11.953
Panama,PAN,2022,4400775,94762119668,11.707,2.66,19.515,2.093,8.567,0.507,0.541,0.031,20.565,13.559
Panama,PAN,2023,4458758,,13.002,2.916,19.517,2.456,9.082,0.923,0.541,0.034,21.531,14.908
Panama,PAN,2024,4515576,,12.664,2.805,,1.754,9.432,0.937,0.541,0.033,21.152,14.593
Papua New Guinea,PNG,1990,3896482,,2.154,0.553,,0.004,2.001,0.15,0.0,0.009,32.024,3.633
Papua New Guinea,PNG,1991,4021840,,2.173,0.54,,0.004,2.019,0.15,0.0,0.009,24.992,3.736
Papua New Guinea,PNG,1992,4166702,,2.191,0.526,,0.004,2.037,0.15,0.0,0.01,27.423,3.884
Papua New Guinea,PNG,1993,4320880,,2.195,0.508,,0.004,2.037,0.154,0.0,0.01,28.574,3.948
Papua New Guinea,PNG,1994,4480210,,2.186,0.488,,0.004,2.012,0.165,0.0,0.01,31.824,3.921
Papua New Guinea,PNG,1995,4644282,,2.052,0.442,,0.004,1.858,0.19,0.0,0.009,52.417,3.803
Papua New Guinea,PNG,1996,4813363,,2.197,0.457,,0.004,1.924,0.267,0.0,0.009,29.685,4.01
Papua New Guinea,PNG,1997,4987887,,2.611,0.523,,0.004,2.341,0.227,0.0,0.011,46.284,4.232
Papua New Guinea,PNG,1998,5166390,,3.536,0.684,,0.004,2.598,0.264,0.0,0.015,52.69,7.782
Papua New Guinea,PNG,1999,5349333,,2.548,0.476,,,2.206,0.234,0.0,0.01,44.926,4.538
Papua New Guinea,PNG,2000,5537068,,2.938,0.531,,,2.418,0.246,0.0,0.012,37.449,5.555
Papua New Guinea,PNG,2001,5728444,,3.336,0.582,,,2.909,0.297,0.0,0.013,37.516,5.355
Papua New Guinea,PNG,2002,5924010,,3.666,0.619,,,3.191,0.297,0.0,0.014,35.886,5.855
Papua New Guinea,PNG,2003,6124005,,4.053,0.662,,,3.664,0.275,0.0,0.015,35.98,6.016
Papua New Guinea,PNG,2004,6328042,,4.687,0.741,,,4.225,0.253,0.0,0.016,40.062,6.86
Papua New Guinea,PNG,2005,6535905,,4.984,0.763,,,4.092,0.293,0.0,0.017,43.116,8.118
Papua New Guinea,PNG,2006,6747724,,5.051,0.749,,,4.026,0.279,0.0,0.017,67.115,8.67
Papua New Guinea,PNG,2007,6963353,,6.581,0.945,,,5.855,0.26,0.0,0.021,60.082,9.374
Papua New Guinea,PNG,2008,7183002,,5.545,0.772,,,4.503,0.289,0.0,0.017,60.73,9.104
Papua New Guinea,PNG,2009,7406442,,5.265,0.711,,,4.789,0.3,0.0,0.017,49.204,7.296
Papua New Guinea,PNG,2010,7633524,,4.715,0.618,,,4.371,0.289,0.0,0.014,41.64,6.392
Papua New Guinea,PNG,2011,7859349,,5.298,0.674,,,4.921,0.304,0.0,0.015,42.71,6.976
Papua New Guinea,PNG,2012,8081396,,4.372,0.541,,,4.019,0.26,0.0,0.013,43.204,6.043
Papua New Guinea,PNG,2013,8302700,,4.532,0.546,,,4.173,0.26,0.0,0.013,46.541,6.317
Papua New Guinea,PNG,2014,8523440,,6.125,0.719,,,4.932,0.645,0.0,0.017,49.078,8.564
Papua New Guinea,PNG,2015,8743247,,6.316,0.722,,,5.229,0.948,0.0,0.018,47.223,9.353
Papua New Guinea,PNG,2016,8961717,,7.024,0.784,,,5.766,1.081,0.0,0.02,75.35,10.116
Papua New Guinea,PNG,2017,9178717,,6.55,0.714,,,5.33,1.125,0.0,0.018,55.217,9.647
Papua New Guinea,PNG,2018,9394518,,7.596,0.809,,,6.647,0.861,0.0,0.021,48.475,10.494
Papua New Guinea,PNG,2019,9609014,,7.583,0.789,,,6.515,1.003,0.0,0.02,46.176,10.626
Papua New Guinea,PNG,2020,9815743,,7.911,0.806,,,5.841,1.967,0.0,0.023,45.046,10.913
Papua New Guinea,PNG,2021,10012898,,7.873,0.786,,,5.837,1.913,0.0,0.021,44.868,10.911
Papua New Guinea,PNG,2022,10203177,,8.436,0.827,,,6.453,1.824,0.0,0.022,41.774,11.471
Papua New Guinea,PNG,2023,10389638,,8.358,0.804,,,6.422,1.807,0.0,0.022,43.935,11.386
Papua New Guinea,PNG,2024,10576509,,8.345,0.789,,,6.716,1.612,0.0,0.022,43.588,11.376
Paraguay,PRY,1990,4035752,22196120000,2.13,0.528,3.635,,1.993,,0.137,0.009,59.28,3.817
Paraguay,PRY,1991,4144370,22815091205,2.098,0.506,3.707,,1.968,,0.13,0.009,73.725,3.903
Paraguay,PRY,1992,4253608,23297733832,2.571,0.604,4.247,,2.36,,0.211,0.011,61.115,4.371
Paraguay,PRY,1993,4362706,24342699255,2.905,0.666,4.394,,2.704,,0.201,0.013,67.58,4.838
Paraguay,PRY,1994,4471423,25180861240,3.393,0.759,4.914,,3.14,,0.253,0.015,106.287,5.272
Paraguay,PRY,1995,4579803,26637512671,3.925,0.857,5.372,,3.646,,0.279,0.017,86.968,5.826
Paraguay,PRY,1996,4687540,26835505969,3.706,0.791,5.052,,3.444,,0.262,0.015,72.267,5.705
Paraguay,PRY,1997,4794415,27717303684,4.092,0.853,5.591,,3.855,,0.237,0.017,96.291,6.001
Paraguay,PRY,1998,4900028,27958225603,4.374,0.893,5.443,,4.137,,0.237,0.018,94.261,6.228
Paraguay,PRY,1999,5003139,27635393000,4.362,0.872,5.569,,4.133,,0.229,0.018,79.484,6.089
Paraguay,PRY,2000,5100875,26799187738,3.592,0.704,5.66,,3.36,,0.233,0.014,81.532,5.312
Paraguay,PRY,2001,5187690,27438613750,3.687,0.711,5.636,,3.495,,0.192,0.014,83.165,5.448
Paraguay,PRY,2002,5261334,31664872141,3.853,0.732,5.705,,3.675,,0.178,0.015,79.914,5.836
Paraguay,PRY,2003,5326437,33135448282,4.026,0.756,5.329,,3.811,,0.215,0.015,83.454,6.034
Paraguay,PRY,2004,5388181,34591080511,4.058,0.753,5.67,0.0,3.855,,0.203,0.014,78.72,5.999
Paraguay,PRY,2005,5448100,35443580706,3.772,0.692,5.539,0.0,3.554,,0.218,0.013,77.945,5.798
Paraguay,PRY,2006,5505145,37261533412,3.901,0.709,5.699,0.0,3.682,,0.218,0.013,77.889,6.605
Paraguay,PRY,2007,5559385,39406021841,4.041,0.727,6.534,0.0,3.84,,0.201,0.013,87.307,7.377
Paraguay,PRY,2008,5613577,42050621581,4.27,0.761,7.798,0.0,4.049,,0.221,0.013,77.816,7.56
Paraguay,PRY,2009,5671243,40509009629,4.525,0.798,7.058,0.0,4.261,,0.264,0.014,83.524,7.149
Paraguay,PRY,2010,5737973,45961696292,5.011,0.873,8.703,0.0,4.767,,0.244,0.015,83.436,7.707
Paraguay,PRY,2011,5814632,48113309093,5.192,0.893,9.788,0.004,4.99,,0.197,0.015,84.317,7.843
Paraguay,PRY,2012,5897011,47772664940,5.159,0.875,9.407,0.004,4.873,,0.282,0.015,83.936,7.709
Paraguay,PRY,2013,5982447,51734453611,5.169,0.864,9.859,0.0,4.954,,0.215,0.015,86.775,7.797
Paraguay,PRY,2014,6069819,54476893712,5.451,0.898,10.088,0.0,5.199,,0.252,0.015,87.517,8.047
Paraguay,PRY,2015,6159106,56087783311,6.045,0.982,10.048,0.011,5.69,,0.344,0.017,89.516,8.571
Paraguay,PRY,2016,6249129,58481604773,7.187,1.15,10.945,0.004,6.8,,0.382,0.02,86.512,9.944
Paraguay,PRY,2017,6338658,61294571103,7.939,1.253,12.42,0.004,7.669,,0.267,0.022,85.337,10.945
Paraguay,PRY,2018,6427382,63258456042,8.504,1.323,13.2,0.015,8.09,,0.399,0.023,78.359,11.368
Paraguay,PRY,2019,6515059,63004153609,8.268,1.269,13.165,0.004,7.83,,0.435,0.022,74.159,11.115
Paraguay,PRY,2020,6603741,62487519891,7.444,1.127,12.052,0.004,7.108,,0.332,0.021,71.545,10.342
Paraguay,PRY,2021,6684184,64997640183,8.187,1.225,13.797,0.004,7.837,,0.346,0.022,70.505,11.171
Paraguay,PRY,2022,6760460,65127634644,7.533,1.114,13.68,0.0,7.187,,0.346,0.02,67.266,10.444
Paraguay,PRY,2023,6844150,,7.646,1.117,13.125,0.0,7.3,,0.346,0.02,67.378,10.577
Paraguay,PRY,2024,6929152,,7.937,1.145,,0.0,7.591,,0.346,0.021,66.211,10.904
Peru,PER,1990,22014772,103572000000,21.401,0.972,23.189,0.542,18.144,1.308,1.025,0.094,113.368,31.826
Peru,PER,1991,22483784,108468600578,20.758,0.923,23.237,0.967,17.236,1.183,1.027,0.089,119.079,31.302
Peru,PER,1992,22946345,110495351335,20.986,0.915,23.768,1.048,17.697,1.268,0.973,0.093,129.202,31.381
Peru,PER,1993,23413783,92121419172,23.885,1.02,26.133,1.579,19.811,1.334,1.161,0.105,138.536,34.576
Peru,PER,1994,23881497,103509723878,24.177,1.012,26.643,1.246,19.65,1.392,1.471,0.105,123.185,34.446
Peru,PER,1995,24348922,111333590886,25.143,1.033,28.015,1.393,20.58,0.945,1.751,0.107,120.356,35.896
Peru,PER,1996,24811174,114659592873,24.717,0.996,27.54,1.315,20.115,1.022,1.771,0.102,115.396,35.621
Peru,PER,1997,25274149,122417899136,27.747,1.098,30.658,1.264,23.259,0.788,1.974,0.114,120.198,38.606
Peru,PER,1998,25738101,122316689368,28.066,1.09,31.869,1.466,23.069,1.092,1.987,0.116,143.985,39.696
Peru,PER,1999,26186499,124629013218,29.562,1.129,32.769,1.411,24.549,1.48,1.734,0.119,138.571,40.981
Peru,PER,2000,26598328,128561599053,28.678,1.078,31.722,1.971,23.167,1.396,1.778,0.112,144.085,40.657
Peru,PER,2001,26964610,130005019162,25.26,0.937,29.024,2.059,20.185,1.048,1.65,0.098,133.571,36.323
Peru,PER,2002,27288211,137911092694,25.592,0.938,30.314,2.796,19.364,1.147,1.98,0.097,121.641,36.736
Peru,PER,2003,27580485,144583674826,24.914,0.903,28.853,2.766,18.445,1.268,2.083,0.09,186.742,36.432
Peru,PER,2004,27852190,152840586065,28.504,1.023,31.358,3.25,20.698,1.982,2.302,0.1,154.495,39.911
Peru,PER,2005,28101175,163489485317,30.321,1.079,33.303,3.419,20.953,3.346,2.376,0.102,146.384,41.854
Peru,PER,2006,28324488,176775277493,28.299,0.999,32.508,2.869,18.727,3.829,2.714,0.092,132.269,39.872
Peru,PER,2007,28530704,192942634714,34.567,1.212,40.032,3.605,22.501,5.346,2.991,0.11,137.747,46.403
Peru,PER,2008,28719038,211009673563,35.572,1.239,46.777,3.389,21.423,7.431,3.213,0.111,129.042,45.819
Peru,PER,2009,28896819,212830474173,39.424,1.364,45.906,3.056,23.664,9.386,3.243,0.125,131.065,50.029
Peru,PER,2010,29086021,230353256282,42.505,1.461,52.989,3.301,23.193,12.579,3.338,0.128,131.759,53.574
Peru,PER,2011,29304083,244711917914,42.327,1.444,55.435,3.129,23.911,11.666,3.454,0.123,133.391,53.962
Peru,PER,2012,29550367,259737230567,45.509,1.54,59.919,2.898,25.696,12.945,3.731,0.13,132.431,57.385
Peru,PER,2013,29817908,274939626306,42.718,1.433,58.857,3.371,23.277,11.864,3.947,0.121,134.482,54.826
Peru,PER,2014,30115825,281488723310,49.388,1.64,63.405,3.049,24.847,16.533,4.59,0.139,165.699,61.71
Peru,PER,2015,30457598,290642734598,49.204,1.615,63.885,3.089,24.994,16.245,4.452,0.139,140.581,61.51
Peru,PER,2016,30866497,302131843581,52.698,1.707,66.467,3.213,27.861,17.089,4.305,0.149,147.234,65.241
Peru,PER,2017,31324639,309742529723,54.726,1.747,68.31,2.807,33.123,14.458,4.162,0.152,140.19,67.172
Peru,PER,2018,31897590,322061010919,56.014,1.756,70.575,2.503,33.898,14.95,4.482,0.152,138.837,68.581
Peru,PER,2019,32449302,329252610797,58.668,1.808,72.737,2.572,35.457,15.678,4.849,0.158,143.434,71.466
Peru,PER,2020,32838577,292988745490,47.237,1.438,61.272,1.883,29.235,13.172,2.791,0.134,126.964,59.796
Peru,PER,2021,33155883,332691638600,59.962,1.808,72.792,2.649,34.533,17.375,5.284,0.163,140.232,72.692
Peru,PER,2022,33475436,341677633395,64.785,1.935,78.745,2.804,36.218,19.81,5.804,0.173,144.244,77.782
Peru,PER,2023,33845616,,66.065,1.952,78.884,2.619,37.248,20.266,5.804,0.173,147.442,79.221
Peru,PER,2024,34217850,,70.247,2.053,,2.363,39.063,22.803,5.804,0.182,151.071,83.441
Philippines,PHL,1990,62854668,227937191062,40.774,0.649,50.828,3.162,34.958,,2.654,0.179,199.879,56.099
Philippines,PHL,1991,64382249,228436344826,42.874,0.666,52.954,3.69,36.321,,2.864,0.185,179.028,57.91
Philippines,PHL,1992,65926130,230909837938,47.772,0.725,58.09,3.869,41.161,,2.741,0.212,154.14,62.792
Philippines,PHL,1993,67530621,237664033762,48.342,0.716,58.417,3.811,41.282,,3.249,0.212,156.388,63.066
Philippines,PHL,1994,69019297,250065486564,53.479,0.775,64.176,3.763,45.793,0.011,3.876,0.233,167.313,67.851
Philippines,PHL,1995,70546245,263742284726,59.22,0.839,69.381,4.25,50.699,0.015,4.242,0.252,189.991,73.442
Philippines,PHL,1996,72190237,281422828353,60.437,0.837,77.544,5.452,49.999,0.018,4.957,0.249,222.858,74.743
Philippines,PHL,1997,73908813,298360005981,69.147,0.936,85.846,6.338,56.98,0.011,5.811,0.284,194.277,83.545
Philippines,PHL,1998,75791031,299105469124,67.379,0.889,76.824,6.405,55.883,0.018,5.061,0.277,173.832,81.893
Philippines,PHL,1999,77753256,310804334612,67.295,0.865,83.125,11.42,50.956,0.015,4.892,0.271,178.935,81.894
Philippines,PHL,2000,79625401,327247671365,71.467,0.898,87.641,15.848,50.969,0.018,4.623,0.28,179.66,86.091
Philippines,PHL,2001,81401488,339580401272,69.799,0.857,88.465,16.184,50.054,0.26,3.279,0.272,175.337,84.552
Philippines,PHL,2002,83068889,354896572700,69.492,0.837,87.656,14.103,47.038,3.265,4.975,0.265,193.111,85.031
Philippines,PHL,2003,84731836,375676507230,69.501,0.82,90.615,14.678,45.023,4.976,4.752,0.251,220.297,85.299
Philippines,PHL,2004,86394510,404092179609,71.999,0.833,93.253,15.957,46.496,4.76,4.752,0.252,187.905,88.149
Philippines,PHL,2005,88015959,426864086040,72.334,0.822,94.108,18.631,41.971,6.302,5.398,0.244,220.282,89.108
Philippines,PHL,2006,89508992,452834616353,65.646,0.733,85.142,17.51,38.648,5.21,4.247,0.215,237.892,82.411
Philippines,PHL,2007,91075180,486739179739,70.01,0.769,92.464,21.536,36.638,7.078,4.725,0.222,255.98,87.852
Philippines,PHL,2008,92699091,511142140299,76.605,0.826,101.717,25.106,39.234,7.449,4.786,0.239,245.337,94.866
Philippines,PHL,2009,94384256,521163648845,75.581,0.801,94.544,23.963,38.652,7.504,5.344,0.24,221.583,95.046
Philippines,PHL,2010,96337127,565514808274,82.246,0.854,104.28,27.769,41.597,7.068,5.701,0.247,247.543,102.993
Philippines,PHL,2011,98248614,590943092007,82.98,0.845,111.205,30.519,38.983,7.629,5.684,0.241,264.663,104.599
Philippines,PHL,2012,100175511,631700459807,87.476,0.873,120.263,31.933,41.434,7.314,6.575,0.25,243.033,108.345
Philippines,PHL,2013,102076334,674346563689,94.825,0.929,130.123,39.509,41.319,6.738,7.018,0.269,248.971,117.15
Philippines,PHL,2014,103767127,717154029846,100.074,0.964,137.044,42.036,43.212,7.086,7.441,0.282,243.331,122.435
Philippines,PHL,2015,105312988,762678999551,111.046,1.054,144.114,45.82,49.862,6.661,8.4,0.314,245.603,134.861
Philippines,PHL,2016,106735721,817202925336,120.216,1.126,164.521,50.684,53.546,7.632,8.033,0.34,256.073,147.382
Philippines,PHL,2017,108119691,873843247356,133.576,1.235,177.022,60.931,55.787,7.529,9.081,0.371,273.37,162.128
Philippines,PHL,2018,109465284,929253628653,139.857,1.278,184.585,64.171,57.4,8.405,9.675,0.381,273.759,168.741
Philippines,PHL,2019,110804685,986114678778,142.601,1.287,186.387,68.894,55.411,8.464,9.675,0.385,274.814,173.638
Philippines,PHL,2020,112081270,892256290776,131.457,1.173,175.494,69.305,46.295,7.676,8.033,0.374,262.877,162.184
Philippines,PHL,2021,113100947,943141651518,140.27,1.24,191.753,74.705,49.391,6.581,9.43,0.38,269.067,172.327
Philippines,PHL,2022,113964343,1014811024029,150.963,1.325,205.054,75.346,59.36,6.097,10.024,0.402,282.396,182.127
Philippines,PHL,2023,114891199,,160.98,1.401,211.593,84.105,60.918,5.816,10.024,0.423,290.732,193.1
Philippines,PHL,2024,115843663,,174.878,1.51,,92.142,64.101,8.501,10.024,0.453,305.716,207.08
Poland,POL,1990,38055448,310673160937,376.342,9.889,324.48,302.284,39.909,18.722,5.453,1.656,516.208,472.681
Poland,POL,1991,38152947,291288814472,373.366,9.786,340.84,303.094,40.318,17.129,5.414,1.609,505.097,465.13
Poland,POL,1992,38233636,301270050123,364.283,9.528,347.803,293.86,41.081,16.611,5.538,1.618,491.185,452.99
Poland,POL,1993,38294882,315272045792,364.958,9.53,337.484,293.178,42.687,16.836,5.147,1.604,488.884,451.709
Poland,POL,1994,38344312,334402893305,359.991,9.388,325.926,283.683,45.428,18.124,6.643,1.567,484.039,445.977
Poland,POL,1995,38364668,360934041475,362.483,9.448,324.151,282.565,46.431,19.091,6.666,1.541,480.742,447.995
Poland,POL,1996,38359164,386314591617,377.119,9.831,331.87,293.186,50.641,19.81,6.219,1.556,495.295,461.457
Poland,POL,1997,38348307,414942244343,367.199,9.575,319.836,277.516,53.636,21.004,6.739,1.506,486.762,450.205
Poland,POL,1998,38326431,437955026714,338.98,8.845,295.35,251.777,52.514,20.625,6.334,1.395,450.314,413.714
Poland,POL,1999,38287717,462542429541,329.204,8.598,307.411,239.663,54.681,20.428,6.178,1.325,434.161,400.673
Poland,POL,2000,38258077,488207682001,317.306,8.294,294.092,228.827,52.421,21.839,6.114,1.244,411.605,385.283
Poland,POL,2001,38247359,499086644170,313.267,8.191,289.021,226.152,52.183,22.636,4.957,1.219,396.47,378.581
Poland,POL,2002,38229407,514089670231,305.852,8.0,279.652,219.897,51.404,22.423,4.67,1.164,380.704,368.642
Poland,POL,2003,38203527,537330337680,318.733,8.343,289.312,226.406,54.731,24.834,4.566,1.153,396.923,378.732
Poland,POL,2004,38167568,570430122148,323.621,8.479,294.544,226.424,58.002,26.565,5.07,1.131,392.54,381.987
Poland,POL,2005,38124377,595958527688,322.577,8.461,295.504,222.638,59.595,27.404,5.057,1.09,399.01,380.377
Poland,POL,2006,38071169,638713864539,336.387,8.836,311.849,232.308,62.093,27.634,5.984,1.1,402.215,393.365
Poland,POL,2007,38020420,690249985288,335.735,8.83,318.984,227.707,65.011,27.914,7.05,1.066,409.996,389.801
Poland,POL,2008,37995902,726319216200,329.428,8.67,322.608,220.472,66.173,28.135,6.693,1.028,398.639,381.108
Poland,POL,2009,38002153,760579624624,315.886,8.312,309.65,209.074,66.945,27.274,5.757,1.002,364.679,363.974
Poland,POL,2010,38095356,795619859853,334.028,8.768,329.674,220.927,69.973,29.135,6.221,1.003,401.57,382.569
Poland,POL,2011,38208644,843236863910,333.406,8.726,325.491,218.379,69.599,29.325,7.379,0.967,390.637,381.104
Poland,POL,2012,38247867,856266755052,325.778,8.518,321.065,214.04,66.312,30.559,6.384,0.932,382.93,375.523
Poland,POL,2013,38259267,863601156195,321.757,8.41,304.125,214.314,61.681,30.808,5.874,0.912,380.849,370.026
Poland,POL,2014,38265113,896737189458,309.415,8.086,298.103,202.997,61.381,29.468,6.456,0.872,363.079,354.172
Poland,POL,2015,38266314,936043804062,312.549,8.168,299.073,201.647,64.794,30.634,6.342,0.883,364.748,356.516
Poland,POL,2016,38263260,963689941627,323.3,8.449,304.545,202.099,72.897,32.42,6.53,0.913,378.8,367.173
Poland,POL,2017,38254964,1013223736654,336.505,8.796,317.339,203.504,82.452,34.13,6.996,0.935,392.969,379.659
Poland,POL,2018,38241070,1073462064151,335.719,8.779,328.77,198.673,85.491,34.274,7.655,0.914,401.005,379.843
Poland,POL,2019,38225884,1121231497071,317.444,8.304,309.655,177.753,87.278,35.495,7.692,0.856,388.339,360.439
Poland,POL,2020,38171005,1098581305284,302.102,7.914,288.145,164.196,84.235,36.731,7.691,0.859,363.455,342.85
Poland,POL,2021,38040303,1173809548862,330.694,8.693,314.145,184.114,89.709,39.734,7.366,0.897,393.791,373.258
Poland,POL,2022,38385734,1231021338216,314.892,8.203,299.56,172.493,90.97,34.294,7.663,0.839,376.121,356.312
Poland,POL,2023,38762847,,283.243,7.307,273.856,141.924,90.697,35.88,6.602,0.744,342.549,321.882
Poland,POL,2024,38539209,,272.862,7.08,,127.311,92.015,38.714,6.681,0.707,332.347,311.723
Portugal,PRT,1990,9989526,171225929203,45.311,4.536,52.788,10.984,29.564,1.0,3.176,0.199,62.5,52.441
Portugal,PRT,1991,9969181,177606537211,46.879,4.702,54.732,11.585,30.656,0.938,3.271,0.202,63.886,54.209
Portugal,PRT,1992,9960345,183951331948,50.957,5.116,60.999,11.872,34.734,0.583,3.136,0.226,69.121,58.466
Portugal,PRT,1993,9972341,183378088561,49.469,4.961,59.172,12.527,32.544,0.545,3.195,0.217,65.809,57.045
Portugal,PRT,1994,9998487,186788072120,50.243,5.025,60.207,13.179,32.446,0.433,3.292,0.219,65.962,58.48
Portugal,PRT,1995,10031756,191728089193,54.503,5.433,64.509,14.585,34.592,0.775,3.462,0.232,66.189,62.6
Portugal,PRT,1996,10067655,199215852007,51.8,5.145,61.285,13.54,32.912,0.915,3.388,0.214,62.816,60.404
Portugal,PRT,1997,10110548,208848444082,54.669,5.407,67.628,13.722,35.048,1.129,3.561,0.224,70.762,63.541
Portugal,PRT,1998,10159524,219709918106,59.211,5.828,76.287,12.297,39.703,2.445,3.537,0.244,76.362,68.46
Portugal,PRT,1999,10214877,229149917332,66.878,6.547,83.58,14.898,40.49,6.448,3.827,0.269,89.21,76.278
Portugal,PRT,2000,10283196,238756377443,65.504,6.37,88.422,14.853,39.902,5.717,3.809,0.257,82.195,74.311
Portugal,PRT,2001,10354329,244348167969,65.187,6.296,90.343,12.702,41.266,6.27,3.627,0.254,81.964,73.685
Portugal,PRT,2002,10413045,247190712485,69.583,6.682,92.226,13.709,43.318,7.35,3.91,0.265,82.828,78.196
Portugal,PRT,2003,10454246,245847246169,64.482,6.168,110.845,12.973,39.266,7.315,3.616,0.233,78.757,72.922
Portugal,PRT,2004,10481386,251279602163,67.302,6.421,111.6,13.079,39.741,9.107,4.004,0.235,75.986,75.368
Portugal,PRT,2005,10502993,254196923131,69.64,6.63,128.188,13.061,41.481,9.582,4.088,0.235,79.352,77.181
Portugal,PRT,2006,10524123,259159946424,64.856,6.163,118.412,13.065,37.34,9.071,4.0,0.212,73.882,72.706
Portugal,PRT,2007,10546822,266663287450,62.38,5.915,119.001,11.43,35.579,9.742,4.166,0.198,77.367,70.061
Portugal,PRT,2008,10564086,268239264717,60.01,5.681,117.092,9.833,34.273,10.449,4.012,0.187,71.952,67.024
Portugal,PRT,2009,10576265,261270596745,57.147,5.403,98.549,10.735,32.181,9.701,3.223,0.181,66.818,63.813
Portugal,PRT,2010,10578659,267277408809,52.89,5.0,98.842,6.424,31.346,10.409,3.376,0.159,63.143,59.632
Portugal,PRT,2011,10557050,263425010810,51.784,4.905,64.276,8.632,28.457,10.526,2.813,0.15,62.824,58.15
Portugal,PRT,2012,10513155,252737143203,49.932,4.749,51.225,11.135,25.601,9.103,2.55,0.143,62.955,55.813
Portugal,PRT,2013,10458287,250405237435,48.146,4.604,50.955,10.191,24.973,8.119,2.814,0.136,59.408,53.684
Portugal,PRT,2014,10406203,252388910611,47.942,4.607,49.872,10.316,24.989,7.661,3.096,0.135,58.716,53.387
Portugal,PRT,2015,10370264,256911888409,52.233,5.037,52.679,12.563,25.623,9.103,2.921,0.148,62.828,57.559
Portugal,PRT,2016,10346377,262100101273,50.311,4.863,55.307,10.82,25.592,9.684,2.297,0.142,63.139,55.801
Portugal,PRT,2017,10330838,271290329012,55.165,5.34,59.46,12.394,25.93,12.318,2.531,0.153,69.677,61.05
Portugal,PRT,2018,10325355,279020275961,51.34,4.972,57.405,10.376,25.501,11.242,2.251,0.14,73.04,57.348
Portugal,PRT,2019,10343218,286505655767,47.583,4.6,54.052,5.026,26.18,12.125,2.225,0.128,65.168,53.662
Portugal,PRT,2020,10370519,262724232089,41.738,4.025,48.786,2.417,23.175,12.012,2.31,0.119,57.793,47.898
Portugal,PRT,2021,10390957,277181288542,40.3,3.878,50.407,1.038,23.781,11.576,2.106,0.109,56.022,46.672
Portugal,PRT,2022,10417074,295712910456,40.722,3.909,50.87,0.245,24.878,11.357,2.229,0.109,58.127,47.296
Portugal,PRT,2023,10430735,,37.622,3.607,47.46,0.133,25.265,8.422,2.076,0.099,55.93,44.259
Portugal,PRT,2024,10425291,,35.539,3.409,,0.16,24.653,6.925,2.076,0.092,54.189,42.362
Qatar,QAT,1990,440184,5221963495,11.428,25.962,9.883,0.0,2.4,8.9,0.128,0.05,20.734,20.591
Qatar,QAT,1991,454860,5733970758,17.414,38.285,14.961,0.0,2.785,14.378,0.252,0.075,26.563,26.379
Qatar,QAT,1992,469657,7176897674,26.816,57.097,21.899,0.0,4.503,22.054,0.259,0.119,36.596,36.399
Qatar,QAT,1993,484553,7997299870,30.721,63.4,25.556,0.0,4.551,25.912,0.258,0.135,40.285,40.081
Qatar,QAT,1994,499469,9138716419,32.375,64.819,27.077,0.0,4.199,25.915,0.222,0.141,42.028,41.793
Qatar,QAT,1995,514334,10472257097,33.17,64.491,28.229,0.0,5.192,25.915,0.224,0.141,42.009,41.757
Qatar,QAT,1996,529024,12098817027,34.472,65.162,29.288,0.0,5.097,26.297,0.324,0.142,46.908,46.688
Qatar,QAT,1997,550511,17467653871,42.232,76.715,34.832,0.0,8.42,28.096,0.324,0.173,65.8,65.58
Qatar,QAT,1998,580543,21692788085,36.96,63.665,30.818,0.0,11.314,20.02,0.46,0.152,59.87,59.653
Qatar,QAT,1999,612510,25157531177,36.325,59.305,16.316,0.0,7.973,22.383,0.476,0.146,60.804,60.584
Qatar,QAT,2000,644993,30159719266,40.406,62.646,15.114,0.0,9.258,24.286,0.56,0.158,68.238,68.012
Qatar,QAT,2001,677934,34920337897,45.914,67.727,18.893,0.0,15.559,24.61,0.567,0.179,69.435,69.273
Qatar,QAT,2002,711215,41661485450,45.175,63.518,21.495,0.0,14.638,24.992,0.606,0.172,67.992,67.818
Qatar,QAT,2003,744690,47126236240,46.631,62.618,23.49,0.0,13.425,26.791,0.625,0.169,72.963,72.796
Qatar,QAT,2004,773341,63193934807,47.44,61.344,23.121,0.0,8.801,32.837,0.618,0.166,71.636,71.469
Qatar,QAT,2005,825419,76893678098,47.682,57.767,26.908,0.0,10.853,31.815,0.654,0.161,68.797,68.668
Qatar,QAT,2006,972841,103895902583,59.753,61.421,36.02,0.0,18.672,36.087,0.676,0.195,81.135,80.987
Qatar,QAT,2007,1208601,127834802409,59.53,49.255,41.48,0.0,12.486,41.467,1.016,0.189,82.342,82.166
Qatar,QAT,2008,1426942,156781224399,61.871,43.359,43.429,0.0,14.414,41.564,1.594,0.193,84.398,84.218
Qatar,QAT,2009,1586052,186164264424,65.305,41.175,54.307,0.0,14.766,44.73,1.704,0.207,87.298,87.065
Qatar,QAT,2010,1709238,238648100494,73.651,43.09,52.336,0.0,15.22,53.395,1.566,0.221,94.091,93.843
Qatar,QAT,2011,1810960,296148824653,81.809,45.175,45.913,0.0,10.146,66.681,2.063,0.237,104.464,104.19
Qatar,QAT,2012,1907122,310156648715,93.738,49.152,49.871,0.0,7.449,81.667,2.253,0.268,116.487,116.185
Qatar,QAT,2013,2032650,327388964338,91.433,44.982,55.52,0.0,3.045,84.704,2.148,0.259,115.297,114.948
Qatar,QAT,2014,2218378,344851898869,91.642,41.31,62.51,0.0,4.694,82.502,2.456,0.258,115.498,115.201
Qatar,QAT,2015,2427340,361242719905,93.31,38.441,73.302,0.0,4.873,83.704,2.779,0.264,117.412,116.979
Qatar,QAT,2016,2599382,372311173588,91.378,35.154,76.407,0.0,6.211,80.794,2.706,0.258,115.646,115.103
Qatar,QAT,2017,2706716,366733973367,105.657,39.035,78.369,0.0,14.274,87.083,2.423,0.294,129.239,128.635
Qatar,QAT,2018,2761144,371263146890,102.621,37.166,75.967,0.0,11.384,87.148,2.262,0.279,126.028,125.329
Qatar,QAT,2019,2797927,373817411294,101.43,36.252,77.903,0.0,10.578,87.434,1.818,0.273,124.036,123.314
Qatar,QAT,2020,2803375,360517012801,101.329,36.145,78.948,0.0,11.095,86.822,1.616,0.288,123.802,123.061
Qatar,QAT,2021,2814988,366245595916,104.386,37.082,74.45,0.0,10.394,90.38,1.818,0.283,126.93,126.231
Qatar,QAT,2022,2892466,381778107010,109.594,37.89,69.956,0.003,17.225,88.571,1.939,0.292,132.49,131.848
Qatar,QAT,2023,2979086,,119.544,40.128,82.228,0.004,18.623,96.813,1.939,0.314,142.986,142.339
Qatar,QAT,2024,3048429,,125.812,41.271,,0.004,19.364,102.76,1.939,0.326,149.234,148.616
Romania,ROU,1990,22939530,127957829968,176.535,7.696,160.759,54.862,43.889,70.456,4.445,0.777,226.29,196.516
Romania,ROU,1991,22947416,114884267222,142.258,6.199,128.728,42.963,36.511,57.281,3.201,0.613,181.469,158.861
Romania,ROU,1992,22912389,109843021990,132.003,5.761,114.652,45.194,36.013,45.767,2.906,0.586,167.926,148.633
Romania,ROU,1993,22842257,115101791639,122.709,5.372,108.41,40.523,33.76,43.571,2.833,0.539,155.016,139.085
Romania,ROU,1994,22756247,123373706511,120.868,5.311,102.24,40.997,32.704,42.39,2.771,0.526,152.961,136.46
Romania,ROU,1995,22657722,136457737663,125.675,5.547,103.43,42.23,34.15,44.039,3.146,0.534,156.367,141.903
Romania,ROU,1996,22541915,146513857110,129.117,5.728,99.885,41.873,38.347,43.587,3.2,0.533,161.635,146.073
Romania,ROU,1997,22411511,145416621981,118.115,5.27,88.379,37.198,39.969,35.89,3.005,0.484,148.491,134.4
Romania,ROU,1998,22284901,144240925408,104.783,4.702,87.171,31.524,34.242,33.487,2.916,0.431,134.812,119.736
Romania,ROU,1999,22166156,148247538550,88.899,4.011,79.3,26.093,27.475,30.364,2.645,0.358,119.851,103.371
Romania,ROU,2000,22046264,157839292272,93.206,4.228,87.814,29.552,28.166,30.804,2.656,0.365,121.372,108.55
Romania,ROU,2001,21919916,173763436827,98.928,4.513,94.694,31.919,32.908,29.556,2.768,0.385,127.342,113.765
Romania,ROU,2002,21770020,190219311781,99.069,4.551,94.195,32.966,30.783,30.758,2.642,0.377,129.431,114.709
Romania,ROU,2003,21593448,204513401651,103.707,4.803,99.848,35.896,29.4,33.636,2.65,0.375,127.5,119.4
Romania,ROU,2004,21403215,228570981481,103.233,4.823,101.425,35.875,30.308,31.856,2.992,0.361,133.131,118.773
Romania,ROU,2005,21213395,244044803180,101.337,4.777,102.628,35.572,29.807,30.46,3.175,0.342,127.173,116.873
Romania,ROU,2006,21035732,274969703969,104.29,4.958,104.616,38.262,28.353,31.31,3.656,0.341,125.371,119.727
Romania,ROU,2007,20870714,304650701380,108.497,5.199,113.767,42.116,28.304,31.249,4.054,0.344,132.044,124.208
Romania,ROU,2008,20718745,339689310169,106.997,5.164,115.184,40.69,27.638,31.756,4.143,0.334,132.574,122.849
Romania,ROU,2009,20576922,326954238767,87.806,4.267,91.606,32.365,24.691,25.559,3.093,0.279,130.857,102.184
Romania,ROU,2010,20432575,335489566640,84.488,4.135,90.813,29.403,23.252,26.805,2.778,0.254,117.485,100.298
Romania,ROU,2011,20282009,350086824382,92.391,4.555,94.415,34.091,24.273,28.944,3.089,0.268,118.39,108.542
Romania,ROU,2012,20158451,356825919340,89.848,4.457,87.857,31.523,25.511,27.774,3.15,0.257,118.026,106.015
Romania,ROU,2013,20062913,357789262640,78.795,3.927,77.382,25.269,23.728,25.248,2.695,0.223,106.361,94.58
Romania,ROU,2014,19968179,372532510801,79.335,3.973,80.249,25.006,24.887,24.429,2.944,0.224,107.45,95.758
Romania,ROU,2015,19871018,384306463712,78.046,3.928,78.765,25.128,24.146,23.493,3.337,0.22,102.401,93.939
Romania,ROU,2016,19777049,395288226514,76.587,3.873,79.58,22.147,25.899,23.304,3.181,0.216,101.42,93.366
Romania,ROU,2017,19689405,456012361225,79.432,4.034,83.429,21.774,27.908,24.355,3.31,0.221,109.876,96.191
Romania,ROU,2018,19597874,473122658487,79.874,4.076,88.132,20.766,28.456,24.966,3.505,0.217,125.696,97.025
Romania,ROU,2019,19501542,456564507688,76.69,3.933,85.146,18.362,29.781,22.675,3.828,0.207,106.973,94.216
Romania,ROU,2020,19392467,483499378450,73.946,3.813,80.982,14.298,29.063,25.009,3.905,0.21,105.114,90.651
Romania,ROU,2021,19248159,505119539256,77.501,4.026,85.949,15.53,30.971,25.271,3.962,0.21,103.508,94.722
Romania,ROU,2022,19166776,504741667296,73.186,3.818,83.556,13.752,32.428,21.612,3.723,0.195,96.861,90.197
Romania,ROU,2023,19118482,,67.866,3.55,78.251,9.754,32.81,20.15,3.721,0.178,90.866,84.719
Romania,ROU,2024,19015096,,68.551,3.605,,8.042,34.462,20.895,3.721,0.178,90.268,85.303
Russia,RUS,1990,148979537,1834865200000,2536.284,17.024,2043.036,750.959,889.901,788.209,34.609,11.157,3462.518,2887.875
Russia,RUS,1991,149448433,1782589449407,2407.642,16.11,2058.147,702.966,846.034,755.038,32.837,10.375,3292.978,2739.103
Russia,RUS,1992,148915993,1557839202683,1963.458,13.185,732.783,515.78,586.419,774.418,26.717,8.719,2743.065,2270.808
Russia,RUS,1993,148135419,1453308047704,1866.525,12.6,1095.216,504.624,510.838,781.884,21.995,8.205,2560.706,2150.765
Russia,RUS,1994,148200734,1297672618325,1646.876,11.112,1162.945,451.573,407.268,733.163,16.475,7.168,2245.12,1908.343
Russia,RUS,1995,148291406,1274033410385,1618.286,10.913,1152.805,475.626,387.021,699.742,16.646,6.881,2142.492,1878.686
Russia,RUS,1996,148084580,1256336600822,1586.633,10.714,1252.742,474.697,361.704,700.379,12.723,6.547,2463.092,1837.12
Russia,RUS,1997,147853769,1303661447743,1481.964,10.023,1187.015,409.786,353.158,669.45,12.273,6.079,1944.956,1725.658
Russia,RUS,1998,147635543,1263722609285,1465.859,9.929,1044.287,399.043,345.998,673.595,11.923,6.033,1948.111,1704.382
Russia,RUS,1999,147241973,1375023643662,1494.088,10.147,1000.628,405.097,350.867,686.812,13.173,6.015,2009.67,1744.458
Russia,RUS,2000,146717784,1547057523527,1480.576,10.091,986.224,425.71,318.265,682.078,15.113,5.804,1936.878,1738.477
Russia,RUS,2001,146117290,1662886727147,1518.081,10.389,1102.567,444.52,324.29,694.105,15.863,5.909,1968.043,1783.516
Russia,RUS,2002,145939502,1781424730851,1508.33,10.335,1111.054,422.617,315.523,703.449,17.116,5.743,1928.56,1780.758
Russia,RUS,2003,145794230,1955875991276,1539.006,10.556,1170.114,424.648,309.457,736.345,18.666,5.565,2012.192,1823.328
Russia,RUS,2004,145180091,2143914665541,1545.353,10.644,1194.777,414.711,309.808,744.37,20.915,5.401,1980.465,1840.169
Russia,RUS,2005,144597886,2331247104465,1563.98,10.816,1205.735,416.446,320.286,747.169,22.256,5.284,2048.454,1870.436
Russia,RUS,2006,144102948,2576148450528,1623.428,11.266,1235.916,436.04,335.318,767.75,24.545,5.306,2128.038,1938.214
Russia,RUS,2007,143859767,2858759376272,1624.315,11.291,1306.613,421.199,326.253,780.313,27.645,5.157,2196.392,1947.691
Russia,RUS,2008,143811837,3078094367564,1652.731,11.492,1327.253,449.833,343.679,780.849,23.625,5.157,2169.993,1978.17
Russia,RUS,2009,143869128,2903690263125,1545.236,10.741,1231.676,417.327,322.578,733.658,19.746,4.903,2249.519,1867.325
Russia,RUS,2010,143934468,3105249267337,1633.147,11.346,1301.842,417.855,333.202,795.448,22.723,4.902,2466.123,1970.808
Russia,RUS,2011,144043751,3306765993750,1684.989,11.698,1360.817,428.317,344.934,818.427,25.129,4.887,2279.537,2032.945
Russia,RUS,2012,144291025,3439833075673,1700.104,11.782,1421.476,443.293,352.425,807.719,26.332,4.864,2534.269,2056.32
Russia,RUS,2013,144604105,3500216789791,1637.547,11.324,1382.789,405.805,354.879,782.899,27.281,4.642,2371.683,1995.998
Russia,RUS,2014,144925639,3525987597216,1637.311,11.298,1347.928,394.974,383.699,775.514,26.453,4.617,2267.96,1998.926
Russia,RUS,2015,145307612,3456429719677,1635.244,11.254,1269.23,414.854,406.41,739.417,23.171,4.619,2536.79,2005.557
Russia,RUS,2016,145778668,3463123938280,1629.328,11.177,1272.512,402.76,400.525,752.164,20.432,4.604,2545.686,2008.769
Russia,RUS,2017,146186798,3526353842599,1661.012,11.362,1303.499,386.28,414.626,779.798,20.512,4.617,2560.467,2054.784
Russia,RUS,2018,146430146,3625347362801,1709.91,11.677,1250.8,399.665,392.624,828.794,20.091,4.655,2531.217,2121.903
Russia,RUS,2019,146533063,3705035583500,1704.459,11.632,1286.324,395.976,400.012,807.034,20.306,4.596,2521.286,2133.531
Russia,RUS,2020,146371295,3606716578675,1631.902,11.149,1278.605,368.047,381.968,784.255,20.581,4.642,2380.631,2049.965
Russia,RUS,2021,145836172,3809571453737,1674.524,11.482,1238.141,375.442,375.4,822.695,22.158,4.542,2488.215,2117.255
Russia,RUS,2022,145579889,3731440829579,1675.461,11.509,1279.409,369.694,391.392,811.088,22.598,4.465,2600.79,2120.134
Russia,RUS,2023,145440502,,1733.135,11.916,1405.982,382.395,427.178,815.148,24.315,4.55,2672.965,2181.848
Russia,RUS,2024,144820421,,1780.524,12.295,,375.647,437.887,857.674,25.217,4.613,2729.235,2236.942
Rwanda,RWA,1990,7375313,9760500152,0.524,0.071,0.629,,0.498,0.0,0.026,0.002,6.389,4.452
Rwanda,RWA,1991,7526964,9167410895,0.472,0.063,0.58,,0.447,0.0,0.025,0.002,6.197,4.181
Rwanda,RWA,1992,7683266,9540351727,0.479,0.062,0.593,,0.451,0.0,0.025,0.002,4.901,3.905
Rwanda,RWA,1993,7981142,8498078373,0.483,0.061,0.598,,0.454,0.0,0.025,0.002,4.793,3.704
Rwanda,RWA,1994,6792358,4238308069,0.462,0.068,0.587,,0.454,0.0,0.004,0.002,5.256,3.853
Rwanda,RWA,1995,5674118,5523726463,0.451,0.08,0.587,,0.443,0.0,0.004,0.002,6.525,4.098
Rwanda,RWA,1996,6708767,6185436762,0.464,0.069,0.508,,0.443,0.0,0.017,0.002,7.288,4.243
Rwanda,RWA,1997,7755237,6891736436,0.483,0.062,0.489,,0.454,0.0,0.025,0.002,8.29,4.771
Rwanda,RWA,1998,8081688,7337662385,0.482,0.06,0.497,,0.458,0.0,0.024,0.002,7.058,2.87
Rwanda,RWA,1999,8147917,7619522357,0.502,0.062,0.504,,0.473,0.004,0.026,0.002,10.196,3.01
Rwanda,RWA,2000,8213936,8053572290,0.515,0.063,0.711,,0.484,0.004,0.028,0.002,9.68,2.643
Rwanda,RWA,2001,8287091,8517814124,0.519,0.063,0.501,,0.484,0.0,0.035,0.002,8.78,2.67
Rwanda,RWA,2002,8400185,9398566544,0.512,0.061,0.48,,0.473,0.0,0.039,0.002,7.44,2.694
Rwanda,RWA,2003,8586878,9366054447,0.505,0.059,0.498,,0.465,0.0,0.04,0.002,7.131,2.701
Rwanda,RWA,2004,8816849,9814510529,0.516,0.058,0.568,,0.476,0.0,0.039,0.002,6.831,2.727
Rwanda,RWA,2005,9054532,10465323107,0.514,0.057,0.506,,0.476,0.0,0.038,0.002,6.698,2.62
Rwanda,RWA,2006,9299251,11146496514,0.514,0.055,0.518,,0.476,0.0,0.038,0.002,7.195,2.664
Rwanda,RWA,2007,9549940,11698650639,0.542,0.057,0.558,,0.505,0.0,0.037,0.002,7.216,2.736
Rwanda,RWA,2008,9804268,12678494332,0.531,0.054,0.578,,0.495,0.0,0.037,0.002,7.491,2.777
Rwanda,RWA,2009,10060438,13135703239,0.555,0.055,0.544,,0.524,0.0,0.031,0.002,8.17,2.868
Rwanda,RWA,2010,10317560,13742192522,0.581,0.056,0.602,,0.55,0.0,0.031,0.002,8.473,2.977
Rwanda,RWA,2011,10573742,14451195383,0.643,0.061,0.682,,0.608,0.004,0.031,0.002,8.686,3.122
Rwanda,RWA,2012,10829904,15700063621,0.718,0.066,0.795,,0.685,0.004,0.03,0.002,8.552,3.294
Rwanda,RWA,2013,11093340,16440168692,0.779,0.07,0.782,,0.744,0.004,0.031,0.002,8.671,3.436
Rwanda,RWA,2014,11364758,17455015690,0.83,0.073,0.9,,0.784,0.007,0.039,0.002,8.38,3.56
Rwanda,RWA,2015,11640026,19000488690,0.967,0.083,1.054,0.004,0.85,0.048,0.065,0.003,8.899,3.777
Rwanda,RWA,2016,11919183,20135193148,1.052,0.088,1.097,0.018,0.843,0.084,0.107,0.003,8.762,3.935
Rwanda,RWA,2017,12202062,20935170126,1.17,0.096,1.892,0.022,0.934,0.084,0.129,0.003,8.025,4.089
Rwanda,RWA,2018,12488000,22730987759,1.313,0.105,2.521,0.044,1.041,0.095,0.133,0.004,8.112,4.345
Rwanda,RWA,2019,12776102,24883378782,1.413,0.111,2.701,0.059,1.114,0.092,0.149,0.004,9.237,4.526
Rwanda,RWA,2020,13065838,24048043469,1.394,0.107,2.509,0.037,1.107,0.088,0.163,0.004,10.452,4.603
Rwanda,RWA,2021,13355260,26663035281,1.699,0.127,2.98,0.059,1.326,0.092,0.222,0.005,9.955,4.997
Rwanda,RWA,2022,13651025,28466253314,1.957,0.143,3.4,0.187,1.367,0.091,0.312,0.005,9.901,5.285
Rwanda,RWA,2023,13954473,,2.016,0.144,3.517,0.216,1.394,0.094,0.312,0.005,9.722,5.377
Rwanda,RWA,2024,14256573,,2.034,0.143,,0.22,1.419,0.083,0.312,0.005,9.716,5.48
Saint Helena,SHN,1990,6639,,0.007,1.104,,,0.007,,0.0,0.0,0.011,0.008
Saint Helena,SHN,1991,6601,,0.007,1.11,,,0.007,,0.0,0.0,0.01,0.008
Saint Helena,SHN,1992,6545,,0.007,1.12,,,0.007,,0.0,0.0,0.01,0.008
Saint Helena,SHN,1993,6495,,0.011,1.692,,,0.011,,0.0,0.0,0.014,0.012
Saint Helena,SHN,1994,6433,,0.011,1.709,,,0.011,,0.0,0.0,0.014,0.012
Saint Helena,SHN,1995,6373,,0.011,1.725,,,0.011,,0.0,0.0,0.014,0.012
Saint Helena,SHN,1996,6309,,0.011,1.742,,,0.011,,0.0,0.0,0.014,0.012
Saint Helena,SHN,1997,6249,,0.011,1.759,,,0.011,,0.0,0.0,0.014,0.012
Saint Helena,SHN,1998,6184,,0.011,1.777,,,0.011,,0.0,0.0,0.014,0.012
Saint Helena,SHN,1999,6113,,0.011,1.798,,,0.011,,0.0,0.0,0.014,0.012
Saint Helena,SHN,2000,6045,,0.011,1.818,,,0.011,,0.0,0.0,0.014,0.012
Saint Helena,SHN,2001,5963,,0.011,1.843,,,0.011,,0.0,0.0,0.014,0.012
Saint Helena,SHN,2002,5879,,0.011,1.87,,,0.011,,0.0,0.0,0.014,0.012
Saint Helena,SHN,2003,5775,,0.011,1.903,,,0.011,,0.0,0.0,0.014,0.012
Saint Helena,SHN,2004,5678,,0.007,1.291,,,0.007,,0.0,0.0,0.01,0.009
Saint Helena,SHN,2005,5570,,0.011,1.973,,,0.011,,0.0,0.0,0.014,0.012
Saint Helena,SHN,2006,5457,,0.011,2.014,,,0.011,,0.0,0.0,0.014,0.012
Saint Helena,SHN,2007,5346,,0.011,2.056,,,0.011,,0.0,0.0,0.014,0.012
Saint Helena,SHN,2008,5295,,0.011,2.076,,,0.011,,0.0,0.0,0.014,0.012
Saint Helena,SHN,2009,5320,,0.011,2.066,,,0.011,,0.0,0.0,0.014,0.012
Saint Helena,SHN,2010,5352,,0.011,2.054,,,0.011,,0.0,0.0,0.014,0.012
Saint Helena,SHN,2011,5385,,0.011,2.041,,,0.011,,0.0,0.0,0.014,0.012
Saint Helena,SHN,2012,5428,,0.011,2.025,,,0.011,,0.0,0.0,0.014,0.012
Saint Helena,SHN,2013,5462,,0.011,2.012,,,0.011,,0.0,0.0,0.014,0.012
Saint Helena,SHN,2014,5493,,0.011,2.001,,,0.011,,0.0,0.0,0.014,0.012
Saint Helena,SHN,2015,5529,,0.011,1.988,,,0.011,,0.0,0.0,0.014,0.012
Saint Helena,SHN,2016,5544,,0.015,2.644,,,0.015,,0.0,0.0,0.018,0.016
Saint Helena,SHN,2017,5528,,0.011,1.988,,,0.011,,0.0,0.0,0.014,0.013
Saint Helena,SHN,2018,5507,,0.011,1.996,,,0.011,,0.0,0.0,0.014,0.013
Saint Helena,SHN,2019,5485,,0.015,2.672,,,0.015,,0.0,0.0,0.018,0.016
Saint Helena,SHN,2020,5451,,0.011,2.017,,,0.011,,0.0,0.0,0.014,0.013
Saint Helena,SHN,2021,5415,,0.007,1.353,,,0.007,,0.0,0.0,0.011,0.009
Saint Helena,SHN,2022,5369,,0.011,2.047,,,0.011,,0.0,0.0,0.014,0.013
Saint Helena,SHN,2023,5316,,0.011,2.064,,,0.011,,0.0,0.0,0.014,0.013
Saint Helena,SHN,2024,5262,,0.011,2.165,,,0.011,,0.0,0.0,0.015,0.013
Saint Kitts and Nevis,KNA,1990,40456,,0.106,2.626,,,0.106,,0.0,0.0,0.118,0.132
Saint Kitts and Nevis,KNA,1991,40382,,0.106,2.631,,,0.106,,0.0,0.0,0.119,0.132
Saint Kitts and Nevis,KNA,1992,40740,,0.11,2.698,,,0.11,,0.0,0.0,0.126,0.136
Saint Kitts and Nevis,KNA,1993,41266,,0.114,2.752,,,0.114,,0.0,0.0,0.111,0.14
Saint Kitts and Nevis,KNA,1994,41798,,0.121,2.893,,,0.121,,0.0,0.001,0.122,0.148
Saint Kitts and Nevis,KNA,1995,42347,,0.125,2.942,,,0.125,,0.0,0.001,0.11,0.152
Saint Kitts and Nevis,KNA,1996,42903,,0.132,3.074,,,0.132,,0.0,0.001,0.129,0.159
Saint Kitts and Nevis,KNA,1997,43453,,0.139,3.204,,,0.139,,0.0,0.001,0.142,0.168
Saint Kitts and Nevis,KNA,1998,44018,,0.15,3.413,,,0.15,,0.0,0.001,0.209,0.179
Saint Kitts and Nevis,KNA,1999,44625,,0.158,3.531,,,0.158,,0.0,0.001,0.183,0.186
Saint Kitts and Nevis,KNA,2000,45272,,0.172,3.804,,,0.172,,0.0,0.001,0.191,0.201
Saint Kitts and Nevis,KNA,2001,45785,,0.176,3.841,,,0.176,,0.0,0.001,0.188,0.205
Saint Kitts and Nevis,KNA,2002,46048,,0.194,4.217,,,0.194,,0.0,0.001,0.204,0.224
Saint Kitts and Nevis,KNA,2003,46200,,0.194,4.203,,,0.194,,0.0,0.001,0.206,0.224
Saint Kitts and Nevis,KNA,2004,46337,,0.209,4.507,,,0.209,,0.0,0.001,0.192,0.239
Saint Kitts and Nevis,KNA,2005,46459,,0.194,4.18,,,0.194,,0.0,0.001,0.183,0.224
Saint Kitts and Nevis,KNA,2006,46592,,0.202,4.325,,,0.202,,0.0,0.001,0.195,0.231
Saint Kitts and Nevis,KNA,2007,46734,,0.216,4.626,,,0.216,,0.0,0.001,0.21,0.246
Saint Kitts and Nevis,KNA,2008,46857,,0.216,4.614,,,0.216,,0.0,0.001,0.229,0.246
Saint Kitts and Nevis,KNA,2009,46941,,0.22,4.683,,,0.22,,0.0,0.001,0.242,0.25
Saint Kitts and Nevis,KNA,2010,46871,,0.22,4.69,,,0.22,,0.0,0.001,0.258,0.25
Saint Kitts and Nevis,KNA,2011,46917,,0.227,4.842,,,0.227,,0.0,0.001,0.251,0.257
Saint Kitts and Nevis,KNA,2012,47056,,0.224,4.75,,,0.224,,0.0,0.001,0.239,0.254
Saint Kitts and Nevis,KNA,2013,47092,,0.224,4.746,,,0.224,,0.0,0.001,0.234,0.254
Saint Kitts and Nevis,KNA,2014,47112,,0.227,4.822,,,0.227,,0.0,0.001,0.237,0.259
Saint Kitts and Nevis,KNA,2015,47108,,0.231,4.9,,,0.231,,0.0,0.001,0.238,0.263
Saint Kitts and Nevis,KNA,2016,47099,,0.238,5.057,,,0.238,,0.0,0.001,0.251,0.271
Saint Kitts and Nevis,KNA,2017,47075,,0.242,5.137,,,0.242,,0.0,0.001,0.253,0.274
Saint Kitts and Nevis,KNA,2018,47032,,0.249,5.297,,,0.249,,0.0,0.001,0.261,0.282
Saint Kitts and Nevis,KNA,2019,46976,,0.26,5.538,,,0.26,,0.0,0.001,0.273,0.294
Saint Kitts and Nevis,KNA,2020,46896,,0.242,5.157,,,0.242,,0.0,0.001,0.256,0.275
Saint Kitts and Nevis,KNA,2021,46786,,0.234,5.012,,,0.234,,0.0,0.001,0.255,0.269
Saint Kitts and Nevis,KNA,2022,46732,,0.251,5.364,,,0.251,,0.0,0.001,0.279,0.285
Saint Kitts and Nevis,KNA,2023,46783,,0.25,5.347,,,0.25,,0.0,0.001,0.282,0.285
Saint Kitts and Nevis,KNA,2024,46867,,0.26,5.542,,,0.26,,0.0,0.001,0.297,0.295
Saint Lucia,LCA,1990,137874,718014000,0.18,1.302,,,0.18,,0.0,0.001,0.265,0.224
Saint Lucia,LCA,1991,139536,732565360,0.187,1.339,,,0.187,,0.0,0.001,0.277,0.232
Saint Lucia,LCA,1992,141629,808957688,0.213,1.5,,,0.213,,0.0,0.001,0.305,0.258
Saint Lucia,LCA,1993,143735,829979959,0.234,1.631,,,0.234,,0.0,0.001,0.323,0.281
Saint Lucia,LCA,1994,145901,862136440,0.26,1.783,,,0.26,,0.0,0.001,0.316,0.307
Saint Lucia,LCA,1995,148227,889991191,0.275,1.854,,,0.275,,0.0,0.001,0.328,0.322
Saint Lucia,LCA,1996,150453,936978316,0.293,1.948,,,0.293,,0.0,0.001,0.346,0.34
Saint Lucia,LCA,1997,152584,951717700,0.293,1.921,,,0.293,,0.0,0.001,0.319,0.341
Saint Lucia,LCA,1998,154688,1031515653,0.322,2.084,,,0.322,,0.0,0.001,0.379,0.371
Saint Lucia,LCA,1999,156719,1081004035,0.337,2.151,,,0.337,,0.0,0.001,0.363,0.386
Saint Lucia,LCA,2000,158624,1100265060,0.341,2.148,,,0.341,,0.0,0.001,0.362,0.39
Saint Lucia,LCA,2001,160247,1080200365,0.359,2.241,,,0.359,,0.0,0.001,0.363,0.407
Saint Lucia,LCA,2002,161655,1106971931,0.355,2.199,,,0.355,,0.0,0.001,0.349,0.402
Saint Lucia,LCA,2003,162985,1185932109,0.377,2.316,,,0.377,,0.0,0.001,0.373,0.423
Saint Lucia,LCA,2004,164250,1306608275,0.399,2.432,,,0.399,,0.0,0.001,0.417,0.444
Saint Lucia,LCA,2005,165460,1321769047,0.392,2.369,,,0.392,,0.0,0.001,0.401,0.436
Saint Lucia,LCA,2006,166657,1443383695,0.414,2.484,,,0.414,,0.0,0.001,0.45,0.457
Saint Lucia,LCA,2007,167766,1491085385,0.421,2.512,,,0.421,,0.0,0.001,0.413,0.463
Saint Lucia,LCA,2008,168816,1589069531,0.425,2.518,,,0.425,,0.0,0.001,0.426,0.466
Saint Lucia,LCA,2009,169880,1609861406,0.425,2.502,,,0.425,,0.0,0.001,0.41,0.465
Saint Lucia,LCA,2010,170921,1619438310,0.484,2.83,,,0.484,,0.0,0.001,0.503,0.523
Saint Lucia,LCA,2011,171814,1661310000,0.484,2.815,,,0.484,,0.0,0.001,0.515,0.524
Saint Lucia,LCA,2012,172595,1630854000,0.487,2.823,,,0.487,,0.0,0.001,0.513,0.528
Saint Lucia,LCA,2013,173380,1636031000,0.487,2.811,,,0.487,,0.0,0.001,0.505,0.529
Saint Lucia,LCA,2014,174145,1635705000,0.487,2.798,,,0.487,,0.0,0.001,0.501,0.529
Saint Lucia,LCA,2015,174919,1670340000,0.48,2.744,,,0.48,,0.0,0.001,0.498,0.522
Saint Lucia,LCA,2016,175651,1719860632,0.473,2.691,,,0.473,,0.0,0.001,0.502,0.515
Saint Lucia,LCA,2017,176352,1781316024,0.495,2.805,,,0.495,,0.0,0.001,0.523,0.538
Saint Lucia,LCA,2018,177032,1830625072,0.509,2.877,,,0.509,,0.0,0.001,0.528,0.553
Saint Lucia,LCA,2019,177675,1824037649,0.502,2.825,,,0.502,,0.0,0.001,0.515,0.548
Saint Lucia,LCA,2020,178261,1361621707,0.487,2.734,,,0.487,,0.0,0.001,0.512,0.532
Saint Lucia,LCA,2021,178540,1515672504,0.506,2.832,,,0.506,,0.0,0.001,0.528,0.551
Saint Lucia,LCA,2022,178794,1749086152,0.518,2.898,,,0.518,,0.0,0.001,0.546,0.564
Saint Lucia,LCA,2023,179291,,0.517,2.884,,,0.517,,0.0,0.001,0.549,0.563
Saint Lucia,LCA,2024,179751,,0.537,2.987,,,0.537,,0.0,0.001,0.57,0.583
Saint Pierre and Miquelon,SPM,1990,6377,,0.092,14.364,,,0.092,,,0.0,,
Saint Pierre and Miquelon,SPM,1991,6400,,0.103,16.03,,,0.103,,,0.0,,
Saint Pierre and Miquelon,SPM,1992,6428,,0.095,14.82,,,0.095,,,0.0,,
Saint Pierre and Miquelon,SPM,1993,6440,,0.073,11.379,,,0.073,,,0.0,,
Saint Pierre and Miquelon,SPM,1994,6455,,0.07,10.785,,,0.07,,,0.0,,
Saint Pierre and Miquelon,SPM,1995,6459,,0.07,10.778,,,0.07,,,0.0,,
Saint Pierre and Miquelon,SPM,1996,6451,,0.07,10.792,,,0.07,,,0.0,,
Saint Pierre and Miquelon,SPM,1997,6438,,0.048,7.399,,,0.048,,,0.0,,
Saint Pierre and Miquelon,SPM,1998,6392,,0.055,8.598,,,0.055,,,0.0,,
Saint Pierre and Miquelon,SPM,1999,6338,,0.055,8.672,,,0.055,,,0.0,,
Saint Pierre and Miquelon,SPM,2000,6317,,0.055,8.7,,,0.055,,,0.0,,
Saint Pierre and Miquelon,SPM,2001,6299,,0.055,8.725,,,0.055,,,0.0,,
Saint Pierre and Miquelon,SPM,2002,6273,,0.059,9.345,,,0.059,,,0.0,,
Saint Pierre and Miquelon,SPM,2003,6234,,0.062,9.992,,,0.062,,,0.0,,
Saint Pierre and Miquelon,SPM,2004,6191,,0.059,9.469,,,0.059,,,0.0,,
Saint Pierre and Miquelon,SPM,2005,6139,,0.062,10.146,,,0.062,,,0.0,,
Saint Pierre and Miquelon,SPM,2006,6094,,0.062,10.221,,,0.062,,,0.0,,
Saint Pierre and Miquelon,SPM,2007,6074,,0.062,10.255,,,0.062,,,0.0,,
Saint Pierre and Miquelon,SPM,2008,6063,,0.062,10.273,,,0.062,,,0.0,,
Saint Pierre and Miquelon,SPM,2009,6054,,0.062,10.289,,,0.062,,,0.0,,
Saint Pierre and Miquelon,SPM,2010,6047,,0.062,10.301,,,0.062,,,0.0,,
Saint Pierre and Miquelon,SPM,2011,6036,,0.066,10.926,,,0.066,,,0.0,,
Saint Pierre and Miquelon,SPM,2012,6019,,0.066,10.957,,,0.066,,,0.0,,
Saint Pierre and Miquelon,SPM,2013,5999,,0.066,10.994,,,0.066,,,0.0,,
Saint Pierre and Miquelon,SPM,2014,5984,,0.066,11.021,,,0.066,,,0.0,,
Saint Pierre and Miquelon,SPM,2015,5971,,0.066,11.045,,,0.066,,,0.0,,
Saint Pierre and Miquelon,SPM,2016,5957,,0.066,11.071,,,0.066,,,0.0,,
Saint Pierre and Miquelon,SPM,2017,5946,,0.066,11.092,,,0.066,,,0.0,,
Saint Pierre and Miquelon,SPM,2018,5932,,0.059,9.883,,,0.059,,,0.0,,
Saint Pierre and Miquelon,SPM,2019,5899,,0.066,11.18,,,0.066,,,0.0,,
Saint Pierre and Miquelon,SPM,2020,5852,,0.062,10.644,,,0.062,,,0.0,,
Saint Pierre and Miquelon,SPM,2021,5802,,0.055,9.473,,,0.055,,,0.0,,
Saint Pierre and Miquelon,SPM,2022,5760,,0.053,9.268,,,0.053,,,0.0,,
Saint Pierre and Miquelon,SPM,2023,5707,,0.053,9.335,,,0.053,,,0.0,,
Saint Pierre and Miquelon,SPM,2024,5652,,0.055,9.788,,,0.055,,,0.0,,
Saint Vincent and the Grenadines,VCT,1990,111825,,0.081,0.721,,,0.081,,0.0,0.0,0.118,0.109
Saint Vincent and the Grenadines,VCT,1991,112236,,0.084,0.751,,,0.084,,0.0,0.0,0.115,0.113
Saint Vincent and the Grenadines,VCT,1992,112524,,0.084,0.749,,,0.084,,0.0,0.0,0.112,0.114
Saint Vincent and the Grenadines,VCT,1993,112753,,0.103,0.91,,,0.103,,0.0,0.0,0.128,0.132
Saint Vincent and the Grenadines,VCT,1994,112933,,0.121,1.071,,,0.121,,0.0,0.001,0.142,0.151
Saint Vincent and the Grenadines,VCT,1995,113064,,0.128,1.134,,,0.128,,0.0,0.001,0.149,0.159
Saint Vincent and the Grenadines,VCT,1996,113136,,0.132,1.166,,,0.132,,0.0,0.001,0.198,0.163
Saint Vincent and the Grenadines,VCT,1997,113158,,0.132,1.166,,,0.132,,0.0,0.001,0.16,0.164
Saint Vincent and the Grenadines,VCT,1998,113195,,0.161,1.424,,,0.161,,0.0,0.001,0.19,0.194
Saint Vincent and the Grenadines,VCT,1999,113384,,0.165,1.454,,,0.165,,0.0,0.001,0.226,0.198
Saint Vincent and the Grenadines,VCT,2000,113561,,0.143,1.258,,,0.143,,0.0,0.001,0.184,0.176
Saint Vincent and the Grenadines,VCT,2001,113506,,0.176,1.549,,,0.176,,0.0,0.001,0.193,0.209
Saint Vincent and the Grenadines,VCT,2002,113365,,0.187,1.648,,,0.187,,0.0,0.001,0.197,0.221
Saint Vincent and the Grenadines,VCT,2003,113149,,0.202,1.781,,,0.202,,0.0,0.001,0.213,0.237
Saint Vincent and the Grenadines,VCT,2004,112856,,0.22,1.948,,,0.22,,0.0,0.001,0.244,0.255
Saint Vincent and the Grenadines,VCT,2005,112465,,0.22,1.955,,,0.22,,0.0,0.001,0.242,0.256
Saint Vincent and the Grenadines,VCT,2006,112027,,0.22,1.962,,,0.22,,0.0,0.001,0.238,0.257
Saint Vincent and the Grenadines,VCT,2007,111544,,0.238,2.135,,,0.238,,0.0,0.001,0.323,0.276
Saint Vincent and the Grenadines,VCT,2008,111047,,0.22,1.98,,,0.22,,0.0,0.001,0.312,0.258
Saint Vincent and the Grenadines,VCT,2009,110521,,0.278,2.52,,,0.278,,0.0,0.001,0.372,0.318
Saint Vincent and the Grenadines,VCT,2010,109974,,0.224,2.032,,,0.224,,0.0,0.001,0.298,0.262
Saint Vincent and the Grenadines,VCT,2011,109367,,0.216,1.977,,,0.216,,0.0,0.001,0.28,0.257
Saint Vincent and the Grenadines,VCT,2012,108753,,0.231,2.123,,,0.231,,0.0,0.001,0.281,0.272
Saint Vincent and the Grenadines,VCT,2013,108156,,0.216,1.999,,,0.216,,0.0,0.001,0.367,0.257
Saint Vincent and the Grenadines,VCT,2014,107555,,0.256,2.385,,,0.256,,0.0,0.001,0.326,0.299
Saint Vincent and the Grenadines,VCT,2015,106975,,0.234,2.192,,,0.234,,0.0,0.001,0.263,0.277
Saint Vincent and the Grenadines,VCT,2016,106365,,0.242,2.274,,,0.242,,0.0,0.001,0.281,0.285
Saint Vincent and the Grenadines,VCT,2017,105674,,0.213,2.011,,,0.213,,0.0,0.001,0.249,0.256
Saint Vincent and the Grenadines,VCT,2018,104939,,0.242,2.304,,,0.242,,0.0,0.001,0.268,0.285
Saint Vincent and the Grenadines,VCT,2019,104183,,0.22,2.11,,,0.22,,0.0,0.001,0.236,0.264
Saint Vincent and the Grenadines,VCT,2020,103540,,0.238,2.3,,,0.238,,0.0,0.001,0.261,0.282
Saint Vincent and the Grenadines,VCT,2021,102848,,0.234,2.28,,,0.234,,0.0,0.001,0.256,0.279
Saint Vincent and the Grenadines,VCT,2022,102063,,0.247,2.417,,,0.247,,0.0,0.001,0.272,0.291
Saint Vincent and the Grenadines,VCT,2023,101331,,0.246,2.43,,,0.246,,0.0,0.001,0.271,0.291
Saint Vincent and the Grenadines,VCT,2024,100630,,0.256,2.541,,,0.256,,0.0,0.001,0.28,0.301
Samoa,WSM,1990,169061,,0.092,0.542,,,0.092,,0.0,0.0,0.069,0.13
Samoa,WSM,1991,169378,,0.095,0.562,,,0.095,,0.0,0.0,0.02,0.134
Samoa,WSM,1992,170340,,0.099,0.581,,,0.099,,0.0,0.0,0.031,0.138
Samoa,WSM,1993,171786,,0.106,0.619,,,0.106,,0.0,0.0,0.047,0.146
Samoa,WSM,1994,173167,,0.099,0.571,,,0.099,,0.0,0.0,0.022,0.139
Samoa,WSM,1995,174585,,0.11,0.63,,,0.11,,0.0,0.0,0.026,0.151
Samoa,WSM,1996,176086,,0.125,0.707,,,0.125,,0.0,0.001,0.043,0.166
Samoa,WSM,1997,177561,,0.125,0.702,,,0.125,,0.0,0.001,0.054,0.166
Samoa,WSM,1998,178921,,0.139,0.778,,,0.139,,0.0,0.001,0.07,0.182
Samoa,WSM,1999,180279,,0.139,0.772,,,0.139,,0.0,0.001,0.046,0.182
Samoa,WSM,2000,181695,,0.143,0.786,,,0.143,,0.0,0.001,0.052,0.185
Samoa,WSM,2001,183174,,0.154,0.84,,,0.154,,0.0,0.001,0.071,0.197
Samoa,WSM,2002,184482,,0.161,0.874,,,0.161,,0.0,0.001,0.067,0.205
Samoa,WSM,2003,185447,,0.161,0.869,,,0.161,,0.0,0.001,0.06,0.205
Samoa,WSM,2004,186265,,0.169,0.905,,,0.169,,0.0,0.001,0.052,0.212
Samoa,WSM,2005,186993,,0.172,0.921,,,0.172,,0.0,0.001,0.048,0.216
Samoa,WSM,2006,187724,,0.169,0.898,,,0.169,,0.0,0.001,0.038,0.213
Samoa,WSM,2007,188766,,0.18,0.951,,,0.18,,0.0,0.001,0.016,0.225
Samoa,WSM,2008,190117,,0.161,0.848,,,0.161,,0.0,0.001,-0.003,0.207
Samoa,WSM,2009,191530,,0.169,0.88,,,0.169,,0.0,0.001,0.216,0.214
Samoa,WSM,2010,193035,,0.187,0.968,,,0.187,,0.0,0.001,0.511,0.233
Samoa,WSM,2011,194726,,0.191,0.978,,,0.191,,0.0,0.001,0.729,0.237
Samoa,WSM,2012,196518,,0.191,0.97,,,0.191,,0.0,0.001,0.921,0.237
Samoa,WSM,2013,198284,,0.191,0.961,,,0.191,,0.0,0.001,1.094,0.238
Samoa,WSM,2014,200051,,0.202,1.007,,,0.202,,0.0,0.001,1.249,0.25
Samoa,WSM,2015,201794,,0.227,1.126,,,0.227,,0.0,0.001,1.151,0.276
Samoa,WSM,2016,203509,,0.238,1.17,,,0.238,,0.0,0.001,0.897,0.288
Samoa,WSM,2017,205423,,0.234,1.142,,,0.234,,0.0,0.001,0.718,0.285
Samoa,WSM,2018,207595,,0.234,1.13,,,0.234,,0.0,0.001,0.566,0.285
Samoa,WSM,2019,209794,,0.26,1.24,,,0.26,,0.0,0.001,0.476,0.312
Samoa,WSM,2020,211957,,0.234,1.106,,,0.234,,0.0,0.001,0.382,0.286
Samoa,WSM,2021,213792,,0.267,1.251,,,0.267,,0.0,0.001,0.4,0.32
Samoa,WSM,2022,215270,,0.236,1.096,,,0.236,,0.0,0.001,0.293,0.289
Samoa,WSM,2023,216673,,0.235,1.084,,,0.235,,0.0,0.001,0.211,0.289
Samoa,WSM,2024,218031,,0.246,1.126,,,0.246,,0.0,0.001,0.156,0.3
San Marino,SMR,1990,23501,,,,,,,,,,,
San Marino,SMR,1991,23823,,,,,,,,,,,
San Marino,SMR,1992,24149,,,,,,,,,,,
San Marino,SMR,1993,24499,,,,,,,,,,,
San Marino,SMR,1994,24853,,,,,,,,,,,
San Marino,SMR,1995,25183,,,,,,,,,,,
San Marino,SMR,1996,25503,,,,,,,,,,,
San Marino,SMR,1997,25821,,,,,,,,,,,
San Marino,SMR,1998,26149,,,,,,,,,,,
San Marino,SMR,1999,26485,,,,,,,,,,,
San Marino,SMR,2000,26823,,,,,,,,,,,
San Marino,SMR,2001,27173,,,,,,,,,,,
San Marino,SMR,2002,27515,,,,,,,,,,,
San Marino,SMR,2003,27871,,,,,,,,,,,
San Marino,SMR,2004,28230,,,,,,,,,,,
San Marino,SMR,2005,28600,,,,,,,,,,,
San Marino,SMR,2006,28966,,,,,,,,,,,
San Marino,SMR,2007,29334,,,,,,,,,,,
San Marino,SMR,2008,29721,,,,,,,,,,,
San Marino,SMR,2009,30115,,,,,,,,,,,
San Marino,SMR,2010,30648,,,,,,,,,,,
San Marino,SMR,2011,32194,,,,,,,,,,,
San Marino,SMR,2012,33494,,,,,,,,,,,
San Marino,SMR,2013,33641,,,,,,,,,,,
San Marino,SMR,2014,33753,,,,,,,,,,,
San Marino,SMR,2015,33927,,,,,,,,,,,
San Marino,SMR,2016,34188,,,,,,,,,,,
San Marino,SMR,2017,34405,,,,,,,,,,,
San Marino,SMR,2018,34557,,,,,,,,,,,
San Marino,SMR,2019,34674,,,,,,,,,,,
San Marino,SMR,2020,34796,,,,,,,,,,,
San Marino,SMR,2021,34599,,,,,,,,,,,
San Marino,SMR,2022,34113,,,,,,,,,,,
San Marino,SMR,2023,33761,,,,,,,,,,,
San Marino,SMR,2024,33606,,,,,,,,,,,
Sao Tome and Principe,STP,1990,122993,257172000,0.048,0.387,,,0.048,,0.0,0.0,0.078,0.084
Sao Tome and Principe,STP,1991,125711,262157958,0.048,0.379,,,0.048,,0.0,0.0,0.061,0.086
Sao Tome and Principe,STP,1992,128127,264441187,0.048,0.372,,,0.048,,0.0,0.0,0.062,0.087
Sao Tome and Principe,STP,1993,130478,268616534,0.048,0.365,,,0.048,,0.0,0.0,0.099,0.087
Sao Tome and Principe,STP,1994,132745,275609588,0.048,0.359,,,0.048,,0.0,0.0,0.056,0.089
Sao Tome and Principe,STP,1995,134905,281874143,0.048,0.353,,,0.048,,0.0,0.0,0.055,0.091
Sao Tome and Principe,STP,1996,136974,288736950,0.048,0.348,,,0.048,,0.0,0.0,0.052,0.092
Sao Tome and Principe,STP,1997,138935,291643204,0.048,0.343,,,0.048,,0.0,0.0,0.221,0.093
Sao Tome and Principe,STP,1998,140765,300902178,0.048,0.338,,,0.048,,0.0,0.0,0.298,0.094
Sao Tome and Principe,STP,1999,142459,310102879,0.048,0.334,,,0.048,,0.0,0.0,0.195,0.098
Sao Tome and Principe,STP,2000,144029,312853560,0.051,0.356,,,0.051,,0.0,0.0,0.18,0.103
Sao Tome and Principe,STP,2001,146386,323367292,0.051,0.35,,,0.051,,0.0,0.0,0.137,0.101
Sao Tome and Principe,STP,2002,149932,330763135,0.055,0.367,,,0.055,,0.0,0.0,0.129,0.106
Sao Tome and Principe,STP,2003,153824,356840538,0.062,0.405,,,0.062,,0.0,0.0,0.166,0.115
Sao Tome and Principe,STP,2004,157721,370949154,0.073,0.465,,,0.073,,0.0,0.0,0.138,0.128
Sao Tome and Principe,STP,2005,161650,400193555,0.077,0.476,,,0.077,,0.0,0.0,0.135,0.133
Sao Tome and Principe,STP,2006,165651,436915676,0.081,0.487,,,0.081,,0.0,0.0,0.133,0.139
Sao Tome and Principe,STP,2007,169709,454094461,0.081,0.475,,,0.081,,0.0,0.0,0.125,0.139
Sao Tome and Principe,STP,2008,173808,491548804,0.084,0.485,,,0.084,,0.0,0.0,0.136,0.144
Sao Tome and Principe,STP,2009,177866,507380515,0.092,0.515,,,0.092,,0.0,0.0,0.142,0.153
Sao Tome and Principe,STP,2010,181810,544428757,0.106,0.584,,,0.106,,0.0,0.0,0.261,0.169
Sao Tome and Principe,STP,2011,185665,572220000,0.099,0.533,,,0.099,,0.0,0.0,0.232,0.162
Sao Tome and Principe,STP,2012,189452,588711000,0.11,0.58,,,0.11,,0.0,0.0,0.196,0.173
Sao Tome and Principe,STP,2013,193158,619718000,0.11,0.569,,,0.11,,0.0,0.0,0.273,0.174
Sao Tome and Principe,STP,2014,196780,660060000,0.128,0.652,,,0.128,,0.0,0.0,0.234,0.194
Sao Tome and Principe,STP,2015,200308,687730000,0.136,0.677,,,0.136,,0.0,0.0,0.389,0.202
Sao Tome and Principe,STP,2016,203702,718608950,0.147,0.719,,,0.147,,0.0,0.0,0.339,0.214
Sao Tome and Principe,STP,2017,206986,745271993,0.139,0.673,,,0.139,,0.0,0.0,0.331,0.207
Sao Tome and Principe,STP,2018,210198,768095622,0.139,0.662,,,0.139,,0.0,0.0,0.27,0.207
Sao Tome and Principe,STP,2019,213405,784993764,0.147,0.687,,,0.147,,0.0,0.0,0.276,0.217
Sao Tome and Principe,STP,2020,217450,809328569,0.143,0.657,,,0.143,,0.0,0.0,0.308,0.215
Sao Tome and Principe,STP,2021,221975,824700110,0.143,0.644,,,0.143,,0.0,0.0,0.274,0.214
Sao Tome and Principe,STP,2022,226313,825238400,0.136,0.599,,,0.136,,0.0,0.0,0.29,0.208
Sao Tome and Principe,STP,2023,230882,,0.14,0.606,,,0.14,,0.0,0.0,0.298,0.214
Sao Tome and Principe,STP,2024,235548,,0.142,0.602,,,0.142,,0.0,0.0,0.303,0.216
Saudi Arabia,SAU,1990,10640697,230231005239,181.971,17.101,173.175,0.0,111.4,64.344,5.766,0.801,241.734,237.542
Saudi Arabia,SAU,1991,11160752,279266370692,244.534,21.91,225.712,0.024,170.679,67.51,5.456,1.054,315.35,311.46
Saudi Arabia,SAU,1992,11686682,306102220149,276.011,23.618,254.284,0.007,194.701,73.423,7.342,1.226,348.35,344.956
Saudi Arabia,SAU,1993,12215864,318013026200,297.754,24.374,277.476,0.052,212.794,76.86,7.32,1.309,368.269,367.128
Saudi Arabia,SAU,1994,12750037,336457977370,291.208,22.84,271.996,0.068,195.159,82.099,7.166,1.268,359.652,360.239
Saudi Arabia,SAU,1995,13289246,354296184185,274.604,20.664,255.867,0.05,178.451,82.407,7.524,1.168,340.646,342.238
Saudi Arabia,SAU,1996,13831002,381675255575,269.498,19.485,252.747,0.046,169.343,85.441,7.829,1.112,338.186,340.195
Saudi Arabia,SAU,1997,14374948,404619673714,227.149,15.802,214.099,0.061,124.004,87.991,7.325,0.932,298.144,300.369
Saudi Arabia,SAU,1998,14922188,436367217571,218.915,14.67,227.735,0.075,114.916,89.682,7.498,0.901,289.519,291.66
Saudi Arabia,SAU,1999,15472076,440370701905,237.716,15.364,188.237,0.059,135.143,88.683,7.737,0.957,303.171,305.982
Saudi Arabia,SAU,2000,16177733,488272422255,309.639,19.14,203.123,0.001,198.371,95.613,8.575,1.214,380.727,383.072
Saudi Arabia,SAU,2001,17041405,506978101388,324.374,19.034,226.051,0.005,205.004,103.061,9.745,1.262,395.161,397.085
Saudi Arabia,SAU,2002,17910909,518347038548,346.93,19.37,236.019,0.028,219.46,110.029,10.996,1.321,416.548,417.428
Saudi Arabia,SAU,2003,18786771,607244594721,351.228,18.695,317.278,0.029,216.839,115.288,11.368,1.27,431.705,431.622
Saudi Arabia,SAU,2004,19669486,690846607941,407.702,20.728,354.688,0.036,263.196,126.075,11.542,1.425,490.099,489.115
Saudi Arabia,SAU,2005,20559886,768984265306,412.234,20.05,355.557,0.07,256.689,136.748,11.35,1.393,500.341,498.964
Saudi Arabia,SAU,2006,21459141,833723402383,444.977,20.736,386.622,0.038,283.766,141.013,12.2,1.454,536.061,534.119
Saudi Arabia,SAU,2007,22368313,896025266041,423.314,18.925,382.242,0.055,258.466,142.852,13.961,1.344,515.097,512.352
Saudi Arabia,SAU,2008,23287884,1005243539213,469.43,20.158,425.846,0.108,288.817,154.41,18.088,1.465,564.422,562.135
Saudi Arabia,SAU,2009,24217656,1040467027041,503.97,20.81,479.851,0.067,326.067,150.59,19.875,1.599,594.487,592.616
Saudi Arabia,SAU,2010,25157134,1156842077931,555.64,22.087,519.983,0.17,359.645,168.268,20.669,1.668,648.605,645.867
Saudi Arabia,SAU,2011,26105636,1347950226660,540.236,20.694,502.413,0.17,335.71,177.099,21.989,1.567,642.02,638.304
Saudi Arabia,SAU,2012,27062447,1421109142119,605.712,22.382,574.291,0.193,386.219,190.671,24.984,1.733,712.403,708.448
Saudi Arabia,SAU,2013,28026825,1461615692896,583.178,20.808,569.988,0.239,359.381,192.011,27.789,1.653,689.07,685.734
Saudi Arabia,SAU,2014,28998127,1520484201383,585.109,20.177,590.763,0.257,355.28,196.522,29.396,1.65,693.59,689.974
Saudi Arabia,SAU,2015,29974944,1591797027903,624.547,20.836,653.75,0.26,390.526,200.499,29.214,1.764,737.013,732.904
Saudi Arabia,SAU,2016,30717804,1629412617614,641.174,20.873,639.906,0.33,395.724,212.8,28.436,1.812,757.19,752.376
Saudi Arabia,SAU,2017,30782400,1628276592787,644.487,20.937,623.797,0.52,393.125,222.859,23.63,1.792,758.852,753.668
Saudi Arabia,SAU,2018,30365119,1673253984473,652.204,21.479,616.009,0.462,391.612,231.045,24.749,1.775,769.681,764.439
Saudi Arabia,SAU,2019,30472809,1687180073621,708.335,23.245,672.193,0.484,446.993,233.225,23.684,1.91,823.834,818.135
Saudi Arabia,SAU,2020,30991206,1613932868835,653.565,21.089,648.849,0.425,388.279,234.953,25.651,1.859,770.185,760.255
Saudi Arabia,SAU,2021,31328374,1677226744197,695.394,22.197,669.285,0.517,420.649,241.864,28.373,1.886,812.104,802.225
Saudi Arabia,SAU,2022,32175351,1823886192336,666.994,20.73,627.814,0.509,435.507,197.945,29.536,1.777,795.183,783.109
Saudi Arabia,SAU,2023,33264289,,677.442,20.365,654.104,0.63,443.735,198.971,29.428,1.778,802.465,789.141
Saudi Arabia,SAU,2024,33962751,,692.133,20.379,,0.701,451.461,205.969,29.38,1.793,821.839,806.327
Senegal,SEN,1990,7720524,15993263040,2.93,0.38,3.281,,2.726,0.011,0.193,0.013,12.126,5.203
Senegal,SEN,1991,7943091,16307693057,3.108,0.391,3.464,,2.895,0.007,0.206,0.013,14.701,5.379
Senegal,SEN,1992,8168396,16415224652,3.166,0.388,3.585,,2.916,0.004,0.246,0.014,15.699,5.439
Senegal,SEN,1993,8396289,16528654543,3.286,0.391,3.696,,3.019,0.026,0.241,0.014,18.794,5.558
Senegal,SEN,1994,8624077,16427310135,3.636,0.422,3.911,,3.32,0.037,0.28,0.016,16.203,6.012
Senegal,SEN,1995,8848112,17207967928,2.99,0.338,3.444,,2.616,0.092,0.283,0.013,20.034,5.425
Senegal,SEN,1996,9067018,17463290035,3.243,0.358,4.029,,2.829,0.084,0.33,0.013,11.541,5.753
Senegal,SEN,1997,9283505,17899120921,3.182,0.343,3.959,,2.791,0.044,0.347,0.013,9.235,5.652
Senegal,SEN,1998,9502951,18841602978,3.334,0.351,4.043,,2.888,0.04,0.406,0.014,32.123,5.926
Senegal,SEN,1999,9730897,19920223117,3.604,0.37,4.459,,3.188,0.011,0.405,0.015,24.459,6.296
Senegal,SEN,2000,9968262,20439620643,3.902,0.391,5.099,,3.36,0.0,0.542,0.015,18.593,6.443
Senegal,SEN,2001,10212941,21256566387,4.258,0.417,5.128,,3.638,0.0,0.62,0.017,14.372,6.872
Senegal,SEN,2002,10466216,21289209696,4.437,0.424,5.558,0.271,3.495,0.007,0.663,0.017,12.995,7.086
Senegal,SEN,2003,10721176,22622569107,4.928,0.46,5.951,0.282,3.947,0.022,0.677,0.018,15.419,7.535
Senegal,SEN,2004,10975711,23858338191,5.238,0.477,6.353,0.37,3.891,0.026,0.951,0.018,21.479,7.94
Senegal,SEN,2005,11235473,25111741099,5.539,0.493,6.994,0.37,4.104,0.026,1.04,0.019,16.21,8.249
Senegal,SEN,2006,11500094,25681645040,4.43,0.385,6.222,0.447,2.829,0.022,1.132,0.014,17.045,7.425
Senegal,SEN,2007,11770348,26900866878,5.196,0.441,7.353,0.707,3.246,0.022,1.221,0.016,42.714,8.411
Senegal,SEN,2008,12048963,27862112568,4.74,0.393,7.264,0.597,2.935,0.022,1.186,0.015,33.452,8.07
Senegal,SEN,2009,12337390,28495333178,5.258,0.426,6.627,0.74,3.206,0.033,1.279,0.017,29.54,8.962
Senegal,SEN,2010,12635418,29674469620,6.862,0.543,7.841,0.674,4.573,0.048,1.568,0.021,22.937,10.574
Senegal,SEN,2011,12958902,30201416523,7.819,0.603,9.745,0.942,5.051,0.037,1.789,0.023,22.721,11.669
Senegal,SEN,2012,13310499,31410375400,7.362,0.553,9.815,0.817,4.697,0.055,1.793,0.021,21.433,11.252
Senegal,SEN,2013,13710857,32167998974,7.853,0.573,10.908,0.814,4.934,0.084,2.021,0.022,22.045,11.452
Senegal,SEN,2014,14152103,34170131826,8.724,0.616,12.444,1.099,5.654,0.073,1.898,0.025,34.797,12.224
Senegal,SEN,2015,14593335,36345743124,9.845,0.675,13.283,1.15,6.859,0.048,1.788,0.028,30.478,13.205
Senegal,SEN,2016,15034517,38655882471,10.013,0.666,14.373,1.205,6.769,0.044,1.995,0.028,30.017,13.383
Senegal,SEN,2017,15475001,41519118886,10.757,0.695,15.135,1.439,7.256,0.037,2.014,0.03,29.531,13.825
Senegal,SEN,2018,15914495,44097044770,11.33,0.712,16.515,2.261,6.951,0.022,2.097,0.031,29.986,14.43
Senegal,SEN,2019,16352926,46131678369,12.711,0.777,17.174,2.089,7.971,0.026,2.625,0.034,31.828,15.943
Senegal,SEN,2020,16789217,46743389453,10.82,0.644,15.601,1.349,6.718,0.026,2.727,0.031,32.688,14.228
Senegal,SEN,2021,17220866,49579310412,12.319,0.715,17.478,1.971,7.427,0.015,2.906,0.033,32.138,15.851
Senegal,SEN,2022,17651099,51913993763,14.133,0.801,19.061,2.089,8.933,0.011,3.1,0.038,34.157,17.704
Senegal,SEN,2023,18077573,,14.082,0.779,19.033,2.429,8.542,0.011,3.1,0.037,34.781,17.715
Senegal,SEN,2024,18501988,,14.092,0.762,,1.991,8.875,0.012,3.1,0.037,35.413,17.857
Serbia,SRB,1990,7874595,75948516071,57.538,7.307,,41.692,9.208,5.203,1.34,0.253,72.311,64.421
Serbia,SRB,1991,7867067,68073341363,40.577,5.158,,26.326,8.227,4.77,1.191,0.175,52.849,46.665
Serbia,SRB,1992,7859811,50213316006,43.636,5.552,,32.63,4.815,5.184,1.006,0.194,54.418,49.441
Serbia,SRB,1993,7849723,35705127092,37.997,4.841,,30.443,3.621,3.396,0.538,0.167,48.48,43.423
Serbia,SRB,1994,7837157,37491186647,36.967,4.717,,31.216,3.43,1.525,0.797,0.161,47.144,42.239
Serbia,SRB,1995,7823281,40606796137,39.047,4.991,,32.554,3.611,2.044,0.838,0.166,49.881,44.627
Serbia,SRB,1996,7807720,43633612702,45.696,5.853,,32.25,7.231,5.125,1.089,0.189,56.708,51.026
Serbia,SRB,1997,7789186,47961715204,49.098,6.303,,32.932,10.076,5.097,0.994,0.201,61.933,54.565
Serbia,SRB,1998,7765929,50248494231,51.691,6.656,,37.162,8.841,4.576,1.113,0.213,58.176,57.163
Serbia,SRB,1999,7734367,42108008598,35.652,4.609,,27.388,4.18,3.306,0.778,0.144,41.296,40.301
Serbia,SRB,2000,7694608,45972177454,39.606,5.147,,31.14,3.923,3.498,1.046,0.155,44.701,44.793
Serbia,SRB,2001,7651927,49551965376,42.541,5.56,,30.168,7.226,3.952,1.194,0.166,47.588,47.518
Serbia,SRB,2002,7616741,54169287385,45.486,5.972,,31.887,8.439,3.977,1.184,0.173,50.703,50.617
Serbia,SRB,2003,7590946,57670215281,48.649,6.409,,33.984,9.478,4.161,1.025,0.176,54.626,53.786
Serbia,SRB,2004,7565843,64122161308,52.942,6.998,,35.464,11.088,5.284,1.107,0.185,62.259,57.93
Serbia,SRB,2005,7539139,69083768076,50.058,6.64,,31.795,12.687,4.452,1.124,0.169,44.809,54.811
Serbia,SRB,2006,7511395,74079355840,53.721,7.152,,34.45,13.446,4.558,1.267,0.176,48.668,58.248
Serbia,SRB,2007,7482996,80235729936,52.16,6.97,,34.174,12.062,4.602,1.322,0.166,49.202,56.818
Serbia,SRB,2008,7454285,86433151884,51.737,6.941,,35.479,10.274,4.58,1.404,0.161,47.469,56.341
Serbia,SRB,2009,7425346,85543117613,45.92,6.184,,31.476,10.154,3.192,1.098,0.146,43.86,50.421
Serbia,SRB,2010,7395872,88047936265,45.694,6.178,,30.814,9.585,4.243,1.052,0.137,42.878,50.192
Serbia,SRB,2011,7364858,91032746041,48.956,6.647,,34.273,9.296,4.353,1.035,0.142,45.504,53.583
Serbia,SRB,2012,7324624,90412315334,43.764,5.975,,30.107,8.893,3.84,0.904,0.125,39.118,48.296
Serbia,SRB,2013,7276183,93027618312,44.576,6.126,,31.28,8.215,4.272,0.786,0.126,41.275,49.15
Serbia,SRB,2014,7227203,91548933459,37.331,5.165,,24.622,8.215,3.682,0.793,0.105,33.439,41.613
Serbia,SRB,2015,7177257,93202353035,43.897,6.116,,30.558,8.489,4.005,0.817,0.124,41.177,48.382
Serbia,SRB,2016,7126083,96313997829,45.193,6.342,,31.077,8.89,4.328,0.89,0.128,42.954,49.762
Serbia,SRB,2017,7073507,98337716405,45.673,6.457,,31.012,8.874,4.844,0.942,0.127,44.107,50.196
Serbia,SRB,2018,7020014,102758122729,44.478,6.336,,29.595,8.969,4.88,1.034,0.121,42.587,48.891
Serbia,SRB,2019,6966155,107209329080,44.445,6.38,,29.597,9.223,4.562,1.063,0.12,43.692,48.873
Serbia,SRB,2020,6907814,106240984752,45.356,6.566,,31.032,8.602,4.554,1.168,0.129,46.147,50.077
Serbia,SRB,2021,6835429,114262090563,43.886,6.42,,27.463,9.65,5.481,1.289,0.119,43.459,48.471
Serbia,SRB,2022,6791215,116834638171,44.462,6.547,,27.112,10.755,5.298,1.297,0.118,44.793,49.088
Serbia,SRB,2023,6773204,,42.907,6.335,,25.68,10.617,5.314,1.297,0.113,43.369,47.436
Serbia,SRB,2024,6736217,,42.019,6.238,,24.752,10.791,5.18,1.297,0.109,42.808,46.628
Seychelles,SYC,1990,74000,584969000,0.15,2.03,,,0.15,,0.0,0.001,0.204,0.193
Seychelles,SYC,1991,74838,617088515,0.172,2.301,,,0.172,,0.0,0.001,0.23,0.218
Seychelles,SYC,1992,75630,679250956,0.172,2.277,,,0.172,,0.0,0.001,0.229,0.217
Seychelles,SYC,1993,76420,730723726,0.183,2.397,,,0.183,,0.0,0.001,0.241,0.229
Seychelles,SYC,1994,77279,744501064,0.202,2.608,,,0.202,,0.0,0.001,0.26,0.248
Seychelles,SYC,1995,78144,760132177,0.198,2.532,,,0.198,,0.0,0.001,0.258,0.246
Seychelles,SYC,1996,78901,795643257,0.234,2.972,,,0.234,,0.0,0.001,0.294,0.283
Seychelles,SYC,1997,79670,929711785,0.271,3.403,,,0.271,,0.0,0.001,0.333,0.321
Seychelles,SYC,1998,80738,1062691437,0.289,3.585,,,0.289,,0.0,0.001,0.351,0.34
Seychelles,SYC,1999,82033,1110391394,0.304,3.707,,,0.304,,0.0,0.001,0.367,0.356
Seychelles,SYC,2000,83339,1136006730,0.319,3.825,,,0.319,,0.0,0.001,0.388,0.379
Seychelles,SYC,2001,84621,1137693046,0.341,4.027,,,0.341,,0.0,0.001,0.41,0.403
Seychelles,SYC,2002,85878,1181094301,0.348,4.053,,,0.348,,0.0,0.001,0.417,0.409
Seychelles,SYC,2003,87056,1134551439,0.341,3.914,,,0.341,,0.0,0.001,0.41,0.403
Seychelles,SYC,2004,88175,1140079489,0.377,4.28,,,0.377,,0.0,0.001,0.453,0.446
Seychelles,SYC,2005,89288,1274495332,0.381,4.268,,,0.381,,0.0,0.001,0.456,0.449
Seychelles,SYC,2006,90391,1430092128,0.385,4.256,,,0.385,,0.0,0.001,0.463,0.456
Seychelles,SYC,2007,91483,1619623050,0.403,4.406,,,0.403,,0.0,0.001,0.479,0.472
Seychelles,SYC,2008,92563,1625802984,0.414,4.473,,,0.414,,0.0,0.001,0.491,0.485
Seychelles,SYC,2009,93644,1630727660,0.443,4.734,,,0.443,,0.0,0.001,0.523,0.518
Seychelles,SYC,2010,94993,1772951640,0.44,4.629,,,0.44,,0.0,0.001,0.518,0.513
Seychelles,SYC,2011,97041,1917505000,0.403,4.153,,,0.403,,0.0,0.001,0.481,0.476
Seychelles,SYC,2012,99565,1991700000,0.418,4.195,,,0.418,,0.0,0.001,0.498,0.494
Seychelles,SYC,2013,102108,2096276000,0.414,4.055,,,0.414,,0.0,0.001,0.494,0.49
Seychelles,SYC,2014,104663,2231000000,0.458,4.376,,,0.458,,0.0,0.001,0.542,0.538
Seychelles,SYC,2015,107247,2363480000,0.498,4.646,,,0.498,,0.0,0.001,0.585,0.581
Seychelles,SYC,2016,109836,2658740126,0.553,5.037,,,0.553,,0.0,0.002,0.647,0.643
Seychelles,SYC,2017,112443,2824383463,0.575,5.116,,,0.575,,0.0,0.002,0.672,0.667
Seychelles,SYC,2018,115053,2983293782,0.597,5.191,,,0.597,,0.0,0.002,0.691,0.686
Seychelles,SYC,2019,117662,3137071789,0.59,5.014,,,0.59,,0.0,0.002,0.687,0.683
Seychelles,SYC,2020,120299,2871729130,0.597,4.965,,,0.597,,0.0,0.002,0.698,0.693
Seychelles,SYC,2021,123000,2944095268,0.612,4.975,,,0.612,,0.0,0.002,0.715,0.709
Seychelles,SYC,2022,125533,3053368129,0.629,5.01,,,0.629,,0.0,0.002,0.735,0.729
Seychelles,SYC,2023,127961,,0.641,5.012,,,0.641,,0.0,0.002,0.75,0.743
Seychelles,SYC,2024,130436,,0.653,5.003,,,0.653,,0.0,0.002,0.764,0.757
Sierra Leone,SLE,1990,4196834,6912780000,0.498,0.119,,,0.498,,0.0,0.002,9.433,2.184
Sierra Leone,SLE,1991,4246268,6361130421,0.557,0.131,,,0.557,,0.0,0.002,8.964,2.25
Sierra Leone,SLE,1992,4166368,5753194720,0.282,0.068,,,0.282,,0.0,0.001,8.775,1.934
Sierra Leone,SLE,1993,4157128,5761167651,0.264,0.063,,,0.264,,0.0,0.001,8.45,1.889
Sierra Leone,SLE,1994,4173111,5967832311,0.275,0.066,,,0.275,,0.0,0.001,8.75,1.912
Sierra Leone,SLE,1995,4179178,5367842746,0.224,0.053,,,0.224,,0.0,0.001,8.541,1.961
Sierra Leone,SLE,1996,4199215,4041803222,0.231,0.055,,,0.231,,0.0,0.001,8.248,1.996
Sierra Leone,SLE,1997,4253710,3333148709,0.205,0.048,,,0.205,,0.0,0.001,8.386,2.077
Sierra Leone,SLE,1998,4295783,3306704220,0.22,0.051,,,0.22,,0.0,0.001,9.157,2.154
Sierra Leone,SLE,1999,4318047,3041564615,0.176,0.041,,,0.176,,0.0,0.001,11.169,2.299
Sierra Leone,SLE,2000,4423615,3156875905,0.271,0.061,,,0.271,,0.0,0.001,34.78,2.457
Sierra Leone,SLE,2001,4692715,3731874073,0.374,0.08,,,0.374,,0.0,0.001,55.928,2.499
Sierra Leone,SLE,2002,4971435,4723203819,0.502,0.101,,0.015,0.487,,0.0,0.002,79.887,2.67
Sierra Leone,SLE,2003,5177686,5165014591,0.539,0.104,,0.0,0.539,,0.0,0.002,77.814,2.787
Sierra Leone,SLE,2004,5355715,5509297894,0.52,0.097,,0.0,0.52,,0.0,0.002,64.509,2.826
Sierra Leone,SLE,2005,5501707,5761186841,0.432,0.079,,,0.432,,0.0,0.001,78.772,2.8
Sierra Leone,SLE,2006,5624464,6009264027,0.575,0.102,,,0.575,,0.0,0.002,46.77,3.024
Sierra Leone,SLE,2007,5749353,6495486321,0.487,0.085,,,0.487,,0.0,0.002,38.216,2.938
Sierra Leone,SLE,2008,5894728,6848797957,0.506,0.086,,,0.506,,0.0,0.002,36.703,2.969
Sierra Leone,SLE,2009,6055655,7073732794,0.502,0.083,,,0.502,,0.0,0.002,40.592,3.035
Sierra Leone,SLE,2010,6222715,7455363914,0.546,0.088,,,0.546,,0.0,0.002,38.766,3.084
Sierra Leone,SLE,2011,6387258,7933356000,0.714,0.112,,,0.714,,0.0,0.002,29.214,3.279
Sierra Leone,SLE,2012,6551078,9134190000,0.832,0.127,,,0.832,,0.0,0.002,30.6,3.453
Sierra Leone,SLE,2013,6714057,11029545000,1.052,0.157,,,1.052,,0.0,0.003,24.145,3.701
Sierra Leone,SLE,2014,6876385,11528208000,1.129,0.164,,,1.129,,0.0,0.003,21.21,3.82
Sierra Leone,SLE,2015,7037660,9188877000,1.084,0.154,,,1.084,,0.0,0.003,18.675,3.757
Sierra Leone,SLE,2016,7205339,9765347713,1.14,0.158,,,1.14,,0.0,0.003,18.846,3.808
Sierra Leone,SLE,2017,7379300,10128155156,1.096,0.148,,,1.096,,0.0,0.003,17.912,3.764
Sierra Leone,SLE,2018,7554568,10480967104,1.037,0.137,,,1.037,,0.0,0.003,17.187,3.711
Sierra Leone,SLE,2019,7731994,11031662186,1.118,0.145,,,1.118,,0.0,0.003,15.587,3.882
Sierra Leone,SLE,2020,7912557,10814455084,1.187,0.15,,,1.187,,0.0,0.003,15.652,3.984
Sierra Leone,SLE,2021,8094603,11258356071,1.484,0.183,,,1.484,,0.0,0.004,16.882,4.218
Sierra Leone,SLE,2022,8276809,11681270534,1.444,0.174,,,1.444,,0.0,0.004,16.078,4.241
Sierra Leone,SLE,2023,8460523,,1.38,0.163,,,1.38,,0.0,0.004,16.596,4.182
Sierra Leone,SLE,2024,8642029,,1.434,0.166,,,1.434,,0.0,0.004,16.289,4.236
Singapore,SGP,1990,3039593,69065570813,43.536,14.323,61.751,0.077,43.459,,0.0,0.192,48.633,48.391
Singapore,SGP,1991,3136294,74103369043,44.235,14.104,62.838,0.044,44.192,,0.0,0.191,50.645,50.492
Singapore,SGP,1992,3226461,80052595653,47.441,14.704,75.015,0.066,46.46,0.916,0.0,0.211,55.159,54.959
Singapore,SGP,1993,3317892,89698198294,49.662,14.968,73.456,0.073,46.863,2.726,0.0,0.218,52.052,51.863
Singapore,SGP,1994,3417818,100708565980,60.086,17.58,78.313,0.088,56.748,3.25,0.0,0.262,63.359,62.981
Singapore,SGP,1995,3533624,109097198275,40.546,11.474,77.722,0.04,37.124,3.382,0.0,0.172,45.342,45.071
Singapore,SGP,1996,3664566,120135527253,48.013,13.102,79.712,0.0,44.997,3.016,0.0,0.198,53.432,53.205
Singapore,SGP,1997,3796629,132363368332,56.737,14.944,86.468,0.0,53.762,2.975,0.0,0.233,63.967,63.744
Singapore,SGP,1998,3901418,131914179626,47.412,12.153,64.384,0.0,44.155,3.257,0.0,0.195,60.221,59.996
Singapore,SGP,1999,3966562,139187634120,49.2,12.404,84.437,0.0,46.547,2.653,0.0,0.198,59.227,59.048
Singapore,SGP,2000,4035251,152153574500,37.369,9.261,157.952,0.0,34.661,2.708,0.0,0.146,47.347,47.173
Singapore,SGP,2001,4116169,152550774197,38.525,9.359,143.524,0.0,34.437,4.089,0.0,0.15,49.493,49.299
Singapore,SGP,2002,4146898,157982989858,40.208,9.696,152.247,0.0,33.573,6.636,0.0,0.153,43.858,43.661
Singapore,SGP,2003,4138241,160287778605,39.534,9.553,100.491,0.029,29.241,10.264,0.0,0.143,43.615,43.505
Singapore,SGP,2004,4172767,175483138246,41.0,9.826,118.472,0.04,28.861,12.099,0.0,0.143,45.403,45.265
Singapore,SGP,2005,4268363,190691514722,39.6,9.278,127.246,0.04,28.084,11.476,0.0,0.134,43.996,43.839
Singapore,SGP,2006,4407064,211578605777,40.6,9.212,133.703,0.033,28.194,12.373,0.0,0.133,45.015,44.941
Singapore,SGP,2007,4596516,237920174358,41.1,8.942,127.906,0.055,27.794,13.251,0.0,0.13,45.7,45.556
Singapore,SGP,2008,4806742,252508208683,40.2,8.363,175.118,0.033,26.603,13.564,0.0,0.125,44.426,44.281
Singapore,SGP,2009,4968574,256114472232,40.8,8.212,101.475,0.026,27.064,13.711,0.0,0.129,44.866,44.682
Singapore,SGP,2010,5077020,297586792174,44.4,8.745,105.456,0.051,29.49,14.859,0.0,0.133,49.569,49.371
Singapore,SGP,2011,5182242,319718127421,47.0,9.069,199.044,0.029,31.963,15.008,0.0,0.136,52.152,51.901
Singapore,SGP,2012,5293345,333899221028,46.1,8.709,205.419,0.095,29.73,16.274,0.0,0.132,51.136,50.906
Singapore,SGP,2013,5385589,349985256634,47.0,8.727,241.815,1.0,27.676,18.324,0.0,0.133,52.73,52.478
Singapore,SGP,2014,5457899,363759075569,47.6,8.721,189.474,1.473,26.912,19.215,0.0,0.134,53.595,53.312
Singapore,SGP,2015,5525343,374587437267,49.4,8.941,162.943,1.539,28.305,19.556,0.0,0.14,55.433,55.296
Singapore,SGP,2016,5577936,388078809982,49.1,8.803,161.749,1.616,27.438,20.046,0.0,0.139,54.896,54.757
Singapore,SGP,2017,5604087,405715948493,50.1,8.94,169.493,3.404,26.542,20.155,0.0,0.139,56.491,56.342
Singapore,SGP,2018,5634366,420221993120,50.3,8.927,176.682,1.81,27.907,20.583,0.0,0.137,56.663,56.536
Singapore,SGP,2019,5669562,425816263950,49.0,8.643,175.659,1.737,26.375,20.888,0.0,0.132,55.53,55.402
Singapore,SGP,2020,5620151,409204971045,46.7,8.309,155.603,1.641,23.943,21.116,0.0,0.133,53.023,52.867
Singapore,SGP,2021,5546291,445551993008,50.1,9.033,177.054,1.759,26.789,21.553,0.0,0.136,56.702,56.55
Singapore,SGP,2022,5649888,461801118473,48.934,8.661,195.578,1.572,26.282,21.08,0.0,0.13,55.715,55.577
Singapore,SGP,2023,5789092,,51.068,8.821,186.926,1.275,29.888,19.905,0.0,0.134,58.302,58.165
Singapore,SGP,2024,5832387,,53.919,9.245,,1.143,31.822,20.955,0.0,0.14,61.181,61.045
Sint Maarten (Dutch part),SXM,1990,28079,,0.534,19.024,,0.0,0.534,0.0,0.0,0.002,,
Sint Maarten (Dutch part),SXM,1991,30063,,0.426,14.178,,0.0,0.426,0.0,0.0,0.002,,
Sint Maarten (Dutch part),SXM,1992,31589,,0.351,11.117,,0.0,0.351,0.0,0.0,0.002,,
Sint Maarten (Dutch part),SXM,1993,32050,,0.542,16.914,,0.0,0.542,0.0,0.0,0.002,,
Sint Maarten (Dutch part),SXM,1994,31941,,0.52,16.271,,0.0,0.52,0.0,0.0,0.002,,
Sint Maarten (Dutch part),SXM,1995,31796,,0.514,16.175,,0.0,0.514,0.0,0.0,0.002,,
Sint Maarten (Dutch part),SXM,1996,31622,,0.481,15.214,,0.0,0.481,0.0,0.0,0.002,,
Sint Maarten (Dutch part),SXM,1997,31421,,0.503,16.024,,0.0,0.503,0.0,0.0,0.002,,
Sint Maarten (Dutch part),SXM,1998,31215,,0.028,0.89,,0.0,0.028,0.0,0.0,0.0,,
Sint Maarten (Dutch part),SXM,1999,30998,,0.208,6.718,,0.0,0.208,0.0,0.0,0.001,,
Sint Maarten (Dutch part),SXM,2000,30796,,0.553,17.943,,0.0,0.553,0.0,0.0,0.002,,
Sint Maarten (Dutch part),SXM,2001,30751,,0.563,18.298,,0.0,0.563,0.0,0.0,0.002,,
Sint Maarten (Dutch part),SXM,2002,30986,,0.542,17.507,,0.0,0.542,0.0,0.0,0.002,,
Sint Maarten (Dutch part),SXM,2003,31346,,0.543,17.317,,0.0,0.543,0.0,0.0,0.002,,
Sint Maarten (Dutch part),SXM,2004,31714,,0.57,17.958,,0.0,0.57,0.0,0.0,0.002,,
Sint Maarten (Dutch part),SXM,2005,32083,,0.564,17.594,,0.0,0.564,0.0,0.0,0.002,,
Sint Maarten (Dutch part),SXM,2006,32448,,0.588,18.131,,0.0,0.588,0.0,0.0,0.002,,
Sint Maarten (Dutch part),SXM,2007,32811,,0.662,20.185,,0.0,0.662,0.0,0.0,0.002,,
Sint Maarten (Dutch part),SXM,2008,33165,,0.637,19.208,,0.0,0.637,0.0,0.0,0.002,,
Sint Maarten (Dutch part),SXM,2009,33514,,0.652,19.449,,0.0,0.652,0.0,0.0,0.002,,
Sint Maarten (Dutch part),SXM,2010,33814,,0.449,13.278,,0.0,0.449,0.0,0.0,0.001,,
Sint Maarten (Dutch part),SXM,2011,34288,,0.573,16.705,,0.0,0.573,0.0,0.0,0.002,,
Sint Maarten (Dutch part),SXM,2012,35040,,0.7,19.972,,,0.7,,0.0,0.002,,
Sint Maarten (Dutch part),SXM,2013,35871,,0.714,19.918,,,0.714,,0.0,0.002,,
Sint Maarten (Dutch part),SXM,2014,36695,,0.725,19.77,,,0.725,,0.0,0.002,,
Sint Maarten (Dutch part),SXM,2015,37490,,0.744,19.84,,,0.744,,0.0,0.002,,
Sint Maarten (Dutch part),SXM,2016,38274,,0.747,19.529,,,0.747,,0.0,0.002,,
Sint Maarten (Dutch part),SXM,2017,39012,,0.703,18.033,,,0.703,,0.0,0.002,,
Sint Maarten (Dutch part),SXM,2018,39736,,0.685,17.243,,,0.685,,0.0,0.002,,
Sint Maarten (Dutch part),SXM,2019,40410,,0.689,17.046,,,0.689,,0.0,0.002,,
Sint Maarten (Dutch part),SXM,2020,41027,,0.652,15.897,,,0.652,,0.0,0.002,,
Sint Maarten (Dutch part),SXM,2021,41593,,0.682,16.385,,,0.682,,0.0,0.002,,
Sint Maarten (Dutch part),SXM,2022,42163,,0.692,16.424,,,0.692,,0.0,0.002,,
Sint Maarten (Dutch part),SXM,2023,42775,,0.691,16.157,,,0.691,,0.0,0.002,,
Sint Maarten (Dutch part),SXM,2024,43372,,0.718,16.546,,,0.718,,0.0,0.002,,
Slovakia,SVK,1990,5266077,65119612994,61.529,11.684,70.981,33.59,12.778,12.317,1.464,0.271,78.281,69.102
Slovakia,SVK,1991,5284876,55297380289,53.334,10.092,56.487,28.848,10.413,12.032,1.038,0.23,67.881,59.795
Slovakia,SVK,1992,5306445,51864851101,48.931,9.221,54.004,25.832,8.85,12.131,1.307,0.217,62.198,54.9
Slovakia,SVK,1993,5326363,55439229551,46.394,8.71,50.008,24.649,8.14,11.678,1.029,0.204,58.771,52.248
Slovakia,SVK,1994,5343230,58762730616,43.804,8.198,43.978,22.188,8.311,11.278,1.115,0.191,56.543,50.118
Slovakia,SVK,1995,5354287,63261333115,44.194,8.254,45.826,21.334,8.156,12.516,1.155,0.188,56.667,50.492
Slovakia,SVK,1996,5362430,67378056744,44.076,8.219,44.374,20.727,8.089,13.136,1.1,0.182,57.308,50.661
Slovakia,SVK,1997,5369781,71311497148,44.147,8.221,43.276,20.47,8.072,13.399,1.215,0.181,57.024,50.466
Slovakia,SVK,1998,5374801,74015465370,43.878,8.164,45.716,19.133,8.012,13.792,1.822,0.181,57.026,50.228
Slovakia,SVK,1999,5378105,73695869861,43.088,8.012,44.147,18.345,7.753,14.002,1.827,0.173,56.309,49.526
Slovakia,SVK,2000,5380001,74595099937,41.187,7.656,42.104,17.69,7.346,13.809,1.19,0.161,53.077,47.548
Slovakia,SVK,2001,5379439,76744257548,43.273,8.044,44.161,18.319,7.964,14.544,1.209,0.168,55.529,49.837
Slovakia,SVK,2002,5377685,80059373942,42.034,7.816,42.541,17.89,7.94,13.724,1.165,0.16,54.754,48.379
Slovakia,SVK,2003,5376197,84281952821,42.359,7.879,41.547,18.818,8.016,13.375,0.922,0.153,54.269,48.982
Slovakia,SVK,2004,5376038,88594621302,42.857,7.972,42.577,18.865,8.238,13.16,1.217,0.15,56.521,49.682
Slovakia,SVK,2005,5376697,94444699022,42.857,7.971,40.191,17.631,9.202,13.389,1.256,0.145,58.055,49.665
Slovakia,SVK,2006,5376847,102275719553,42.639,7.93,43.205,18.644,8.811,12.475,1.389,0.139,59.787,49.768
Slovakia,SVK,2007,5376993,113160253049,41.032,7.631,47.846,17.428,9.165,11.648,1.485,0.13,60.085,48.1
Slovakia,SVK,2008,5379127,119380219073,41.425,7.701,51.005,16.928,9.497,12.035,1.604,0.129,61.854,48.488
Slovakia,SVK,2009,5385074,112760232233,37.681,6.997,44.314,15.909,8.886,10.646,1.213,0.12,59.484,44.485
Slovakia,SVK,2010,5391857,118344324253,38.464,7.134,48.012,15.945,9.229,11.259,0.86,0.115,62.615,45.288
Slovakia,SVK,2011,5398105,120554965758,38.045,7.048,48.149,16.191,8.75,10.649,1.262,0.11,64.084,45.033
Slovakia,SVK,2012,5404877,122144694992,35.961,6.654,41.474,14.461,9.003,10.299,1.096,0.103,62.985,42.49
Slovakia,SVK,2013,5410422,122917618179,35.622,6.584,39.968,14.153,8.868,10.482,1.135,0.101,65.305,42.157
Slovakia,SVK,2014,5415238,126232947119,33.708,6.225,37.637,13.966,8.748,8.721,1.267,0.095,66.852,39.855
Slovakia,SVK,2015,5420278,132755573802,34.528,6.37,38.277,13.797,9.528,8.957,1.309,0.098,73.589,40.942
Slovakia,SVK,2016,5427262,135336424966,34.978,6.445,40.647,13.701,9.897,9.105,1.341,0.099,65.068,41.438
Slovakia,SVK,2017,5435702,139312659832,36.184,6.657,39.53,14.158,10.011,9.642,1.367,0.101,57.518,42.771
Slovakia,SVK,2018,5443229,144927513498,36.184,6.648,40.754,14.095,10.124,9.581,1.347,0.099,50.168,42.655
Slovakia,SVK,2019,5450627,148579167627,33.853,6.211,38.807,11.674,10.222,9.578,1.404,0.091,42.057,40.351
Slovakia,SVK,2020,5455028,143565091421,31.176,5.715,35.936,9.854,9.518,9.492,1.443,0.089,34.839,37.768
Slovakia,SVK,2021,5442766,147892579134,35.251,6.477,39.887,12.076,10.145,10.609,1.453,0.096,35.216,42.177
Slovakia,SVK,2022,5473195,150360426456,31.589,5.772,37.691,9.926,10.349,8.886,1.49,0.084,27.779,38.334
Slovakia,SVK,2023,5518057,,30.766,5.576,35.035,10.152,10.119,8.403,1.294,0.081,24.144,37.448
Slovakia,SVK,2024,5506759,,29.091,5.283,,8.203,10.099,8.696,1.294,0.075,19.732,35.936
Slovenia,SVN,1990,1998010,36026961823,15.097,7.556,21.5,7.128,5.386,1.74,0.47,0.066,20.422,18.121
Slovenia,SVN,1991,1999191,32795388629,13.977,6.991,20.082,6.36,5.123,1.768,0.417,0.06,19.736,16.825
Slovenia,SVN,1992,1995862,30913203776,13.886,6.957,22.278,6.818,4.91,1.478,0.385,0.062,18.092,16.741
Slovenia,SVN,1993,1990815,31743130038,14.254,7.16,20.928,6.298,5.908,1.477,0.289,0.063,17.922,16.867
Slovenia,SVN,1994,1988262,33346742100,14.639,7.363,19.942,5.965,6.475,1.519,0.383,0.064,17.984,17.177
Slovenia,SVN,1995,1988098,35684022325,15.357,7.724,20.923,6.07,7.06,1.532,0.406,0.065,18.435,17.881
Slovenia,SVN,1996,1986792,36825997171,16.003,8.054,21.125,5.591,8.071,1.634,0.436,0.066,18.748,18.487
Slovenia,SVN,1997,1984404,38526556210,16.513,8.321,21.663,6.022,8.203,1.567,0.441,0.068,19.903,19.112
Slovenia,SVN,1998,1980071,39631442356,16.045,8.103,22.005,6.181,7.505,1.627,0.46,0.066,20.087,18.701
Slovenia,SVN,1999,1981198,41542298475,15.419,7.782,19.004,5.563,7.45,1.669,0.465,0.062,19.768,17.984
Slovenia,SVN,2000,1986817,43078787444,15.06,7.58,19.399,5.819,6.795,1.705,0.491,0.059,19.747,17.676
Slovenia,SVN,2001,1989684,44148368411,16.309,8.197,20.389,6.488,7.289,1.75,0.505,0.063,21.474,18.904
Slovenia,SVN,2002,1991571,45659924240,16.571,8.321,19.637,6.897,7.239,1.714,0.443,0.063,21.722,19.398
Slovenia,SVN,2003,1992499,46758348275,16.278,8.17,19.8,6.484,7.161,1.884,0.451,0.059,21.986,19.15
Slovenia,SVN,2004,1993548,48578174459,16.711,8.382,20.47,6.686,7.357,1.898,0.473,0.058,21.897,19.562
Slovenia,SVN,2005,1996915,50309132737,16.942,8.484,20.69,6.649,7.543,1.928,0.487,0.057,22.154,19.824
Slovenia,SVN,2006,2003116,52944721543,17.184,8.579,21.101,6.697,7.71,1.902,0.512,0.056,22.415,20.099
Slovenia,SVN,2007,2014159,56590130937,17.349,8.614,23.102,6.941,7.608,1.886,0.543,0.055,28.518,20.144
Slovenia,SVN,2008,2025090,57981920900,18.285,9.029,23.692,6.68,8.785,1.878,0.593,0.057,25.546,21.115
Slovenia,SVN,2009,2035610,53266134006,16.209,7.963,19.112,6.141,7.57,1.785,0.422,0.051,24.04,18.947
Slovenia,SVN,2010,2044611,53649775101,16.466,8.053,19.809,6.284,7.622,1.882,0.358,0.049,24.797,19.051
Slovenia,SVN,2011,2048805,53761447942,16.364,7.987,20.899,6.327,7.654,1.751,0.306,0.047,24.869,18.884
Slovenia,SVN,2012,2053322,52342432631,15.765,7.678,18.946,5.992,7.459,1.684,0.316,0.045,24.918,18.213
Slovenia,SVN,2013,2056452,51803647300,15.137,7.361,17.838,5.741,7.085,1.646,0.391,0.043,23.812,17.457
Slovenia,SVN,2014,2058395,53237651266,13.568,6.592,17.216,4.505,6.924,1.491,0.418,0.038,21.596,15.578
Slovenia,SVN,2015,2059946,54414237086,13.659,6.631,17.638,4.615,6.844,1.587,0.367,0.039,22.033,15.75
Slovenia,SVN,2016,2061379,56151179265,14.468,7.019,18.059,4.964,7.216,1.689,0.344,0.041,22.963,16.471
Slovenia,SVN,2017,2062410,58855036945,14.637,7.097,19.423,4.907,7.284,1.769,0.41,0.041,23.209,16.679
Slovenia,SVN,2018,2069484,61476689663,14.563,7.037,20.555,4.792,7.331,1.732,0.45,0.04,22.046,16.552
Slovenia,SVN,2019,2083438,63598215879,14.053,6.745,20.036,4.53,7.034,1.761,0.478,0.038,21.796,16.031
Slovenia,SVN,2020,2102421,60849951865,12.873,6.123,18.427,4.391,5.996,1.763,0.475,0.037,19.748,14.813
Slovenia,SVN,2021,2113495,65846342756,13.076,6.187,20.182,3.99,6.515,1.857,0.469,0.035,19.679,14.875
Slovenia,SVN,2022,2115231,69385349463,12.728,6.017,20.619,3.242,7.117,1.67,0.49,0.034,18.801,14.439
Slovenia,SVN,2023,2118394,,12.012,5.67,19.735,3.101,6.619,1.617,0.455,0.032,17.749,13.646
Slovenia,SVN,2024,2118692,,12.751,6.018,,3.755,6.57,1.751,0.455,0.033,18.109,14.289
Solomon Islands,SLB,1990,331448,,0.147,0.442,,,0.147,,0.0,0.001,1.24,0.24
Solomon Islands,SLB,1991,341743,,0.154,0.45,,,0.154,,0.0,0.001,1.451,0.25
Solomon Islands,SLB,1992,352215,,0.161,0.458,,,0.161,,0.0,0.001,1.41,0.262
Solomon Islands,SLB,1993,362850,,0.172,0.475,,,0.172,,0.0,0.001,1.444,0.275
Solomon Islands,SLB,1994,373685,,0.183,0.49,,,0.183,,0.0,0.001,1.471,0.29
Solomon Islands,SLB,1995,384744,,0.191,0.495,,,0.191,,0.0,0.001,1.347,0.302
Solomon Islands,SLB,1996,396017,,0.198,0.5,,,0.198,,0.0,0.001,1.358,0.313
Solomon Islands,SLB,1997,407480,,0.205,0.504,,,0.205,,0.0,0.001,1.497,0.323
Solomon Islands,SLB,1998,419078,,0.213,0.507,,,0.213,,0.0,0.001,1.646,0.333
Solomon Islands,SLB,1999,430511,,0.22,0.511,,,0.22,,0.0,0.001,1.388,0.344
Solomon Islands,SLB,2000,440481,,0.227,0.516,,,0.227,,0.0,0.001,1.577,0.351
Solomon Islands,SLB,2001,449137,,0.238,0.53,,,0.238,,0.0,0.001,1.787,0.364
Solomon Islands,SLB,2002,457676,,0.245,0.536,,,0.245,,0.0,0.001,2.071,0.374
Solomon Islands,SLB,2003,466164,,0.256,0.55,,,0.256,,0.0,0.001,2.195,0.39
Solomon Islands,SLB,2004,474618,,0.275,0.579,,,0.275,,0.0,0.001,3.212,0.412
Solomon Islands,SLB,2005,483090,,0.282,0.584,,,0.282,,0.0,0.001,3.456,0.424
Solomon Islands,SLB,2006,491602,,0.293,0.596,,,0.293,,0.0,0.001,2.736,0.44
Solomon Islands,SLB,2007,500168,,0.3,0.601,,,0.3,,0.0,0.001,2.987,0.452
Solomon Islands,SLB,2008,508802,,0.311,0.612,,,0.311,,0.0,0.001,3.47,0.469
Solomon Islands,SLB,2009,518150,,0.322,0.622,,,0.322,,0.0,0.001,4.093,0.483
Solomon Islands,SLB,2010,532976,,0.333,0.626,,,0.333,,0.0,0.001,3.834,0.5
Solomon Islands,SLB,2011,552958,,0.348,0.629,,,0.348,,0.0,0.001,3.782,0.522
Solomon Islands,SLB,2012,573623,,0.344,0.6,,,0.344,,0.0,0.001,3.253,0.525
Solomon Islands,SLB,2013,594952,,0.377,0.634,,,0.377,,0.0,0.001,5.399,0.565
Solomon Islands,SLB,2014,616915,,0.33,0.535,,,0.33,,0.0,0.001,4.22,0.523
Solomon Islands,SLB,2015,639423,,0.297,0.464,,,0.297,,0.0,0.001,4.748,0.494
Solomon Islands,SLB,2016,662387,,0.293,0.443,,,0.293,,0.0,0.001,4.566,0.496
Solomon Islands,SLB,2017,685677,,0.289,0.422,,,0.289,,0.0,0.001,4.559,0.498
Solomon Islands,SLB,2018,709109,,0.293,0.413,,,0.293,,0.0,0.001,4.117,0.508
Solomon Islands,SLB,2019,728156,,0.297,0.408,,,0.297,,0.0,0.001,3.846,0.517
Solomon Islands,SLB,2020,744505,,0.293,0.394,,,0.293,,0.0,0.001,3.632,0.519
Solomon Islands,SLB,2021,762594,,0.289,0.38,,,0.289,,0.0,0.001,3.494,0.522
Solomon Islands,SLB,2022,781075,,0.283,0.362,,,0.283,,0.0,0.001,3.477,0.521
Solomon Islands,SLB,2023,800014,,0.282,0.352,,,0.282,,0.0,0.001,3.437,0.526
Solomon Islands,SLB,2024,819206,,0.295,0.36,,,0.295,,0.0,0.001,3.396,0.545
Somalia,SOM,1990,7082816,,0.782,0.11,,,0.766,,0.016,0.003,32.228,3.989
Somalia,SOM,1991,6813762,,0.708,0.104,,,0.703,,0.004,0.003,29.487,4.028
Somalia,SOM,1992,6495109,,0.666,0.103,,,0.656,,0.01,0.003,28.15,4.131
Somalia,SOM,1993,6681406,,0.626,0.094,,,0.616,,0.01,0.003,30.732,4.151
Somalia,SOM,1994,7026804,,0.618,0.088,,,0.608,,0.01,0.003,33.132,4.218
Somalia,SOM,1995,7285013,,0.585,0.08,,,0.575,,0.01,0.002,34.179,4.333
Somalia,SOM,1996,7554476,,0.575,0.076,,,0.575,,0.0,0.002,35.18,4.495
Somalia,SOM,1997,7824531,,0.535,0.068,,,0.535,,0.0,0.002,36.208,4.614
Somalia,SOM,1998,8155414,,0.506,0.062,,,0.506,,0.0,0.002,36.449,4.746
Somalia,SOM,1999,8492066,,0.487,0.057,,,0.487,,0.0,0.002,37.347,5.179
Somalia,SOM,2000,8838714,,0.509,0.058,,,0.509,,0.0,0.002,38.34,5.406
Somalia,SOM,2001,9198495,,0.542,0.059,,,0.542,,0.0,0.002,39.888,5.429
Somalia,SOM,2002,9550069,,0.575,0.06,,,0.575,,0.0,0.002,42.2,5.644
Somalia,SOM,2003,9909161,,0.605,0.061,,,0.605,,0.0,0.002,43.69,6.043
Somalia,SOM,2004,10281001,,0.627,0.061,,,0.627,,0.0,0.002,42.568,6.234
Somalia,SOM,2005,10644234,,0.649,0.061,,,0.649,,0.0,0.002,41.804,6.494
Somalia,SOM,2006,10975502,,0.671,0.061,,,0.671,,0.0,0.002,40.862,6.848
Somalia,SOM,2007,11322581,,0.692,0.061,,,0.692,,0.0,0.002,43.333,6.765
Somalia,SOM,2008,11663090,,0.722,0.062,,,0.722,,0.0,0.002,42.91,7.274
Somalia,SOM,2009,11961205,,0.744,0.062,,,0.744,,0.0,0.002,43.015,7.677
Somalia,SOM,2010,12261761,,0.777,0.063,,,0.777,,0.0,0.002,41.904,7.891
Somalia,SOM,2011,12348829,,0.81,0.066,,,0.81,,0.0,0.002,42.619,8.122
Somalia,SOM,2012,12461163,,0.832,0.067,,,0.832,,0.0,0.002,46.218,8.167
Somalia,SOM,2013,12869599,,0.857,0.067,,,0.857,,0.0,0.002,44.618,8.221
Somalia,SOM,2014,13339497,,0.887,0.066,,,0.887,,0.0,0.003,43.681,8.254
Somalia,SOM,2015,13806969,,0.923,0.067,,,0.923,,0.0,0.003,43.199,8.165
Somalia,SOM,2016,14348741,,0.956,0.067,,,0.956,,0.0,0.003,43.381,8.36
Somalia,SOM,2017,14916630,,0.993,0.067,,,0.993,,0.0,0.003,43.804,8.525
Somalia,SOM,2018,15452489,,1.033,0.067,,,1.033,,0.0,0.003,44.313,8.744
Somalia,SOM,2019,16030969,,1.07,0.067,,,1.07,,0.0,0.003,45.189,9.16
Somalia,SOM,2020,16651200,,1.14,0.068,,,1.14,,0.0,0.003,45.825,9.439
Somalia,SOM,2021,17271435,,1.154,0.067,,,1.154,,0.0,0.003,46.041,9.385
Somalia,SOM,2022,17801895,,1.271,0.071,,,1.271,,0.0,0.003,46.769,9.769
Somalia,SOM,2023,18358622,,1.296,0.071,,,1.296,,0.0,0.003,47.221,9.874
Somalia,SOM,2024,19009155,,1.319,0.069,,,1.319,,0.0,0.003,47.85,10.01
South Africa,ZAF,1990,40746274,235128506976,312.934,7.68,312.934,265.101,40.615,3.444,3.773,1.377,437.533,368.337
South Africa,ZAF,1991,41687903,237880804016,326.03,7.821,326.03,277.717,41.238,3.492,3.584,1.405,457.98,381.752
South Africa,ZAF,1992,42443510,238567245851,301.329,7.1,301.329,259.671,34.753,3.517,3.387,1.338,435.828,358.099
South Africa,ZAF,1993,43297155,247203444018,320.353,7.399,320.353,289.731,23.156,3.924,3.541,1.408,451.335,379.623
South Africa,ZAF,1994,44004140,261851802567,338.701,7.697,338.701,299.206,31.646,3.924,3.801,1.474,467.14,398.779
South Africa,ZAF,1995,44541557,277583803133,361.712,8.121,361.712,319.548,33.767,3.924,4.357,1.538,495.88,424.187
South Africa,ZAF,1996,45123023,296908021392,363.732,8.061,363.732,324.11,31.65,3.532,4.318,1.501,499.338,427.747
South Africa,ZAF,1997,45666835,311987478453,385.215,8.435,385.215,333.288,44.243,3.155,4.324,1.58,521.499,452.848
South Africa,ZAF,1998,46223888,320149741740,377.273,8.162,377.273,325.832,44.587,2.656,3.952,1.553,514.427,445.424
South Africa,ZAF,1999,46730331,334638442219,374.869,8.022,374.869,336.725,30.69,3.473,3.777,1.509,510.197,442.152
South Africa,ZAF,2000,47159715,356072104365,378.333,8.022,286.893,337.909,33.302,3.199,3.672,1.483,507.134,443.252
South Africa,ZAF,2001,47566805,374889022813,371.602,7.812,274.24,337.671,25.886,4.155,3.636,1.446,497.552,437.02
South Africa,ZAF,2002,48019414,396137571619,356.501,7.424,255.065,325.506,22.449,4.122,4.205,1.357,477.323,421.873
South Africa,ZAF,2003,48500351,413710071358,404.406,8.338,275.13,357.442,39.743,2.47,4.458,1.462,522.109,473.433
South Africa,ZAF,2004,48991420,439265862379,449.322,9.171,319.145,384.101,54.238,6.364,4.335,1.571,566.174,519.661
South Africa,ZAF,2005,49490041,470188845104,416.205,8.41,295.963,376.721,27.832,6.313,5.068,1.406,529.32,486.898
South Africa,ZAF,2006,49998271,505574497707,446.744,8.935,334.326,381.99,53.08,6.126,5.333,1.46,562.151,517.01
South Africa,ZAF,2007,50528575,542976204451,465.034,9.203,341.294,392.159,59.334,7.892,5.491,1.476,588.225,536.516
South Africa,ZAF,2008,51114595,571660802378,494.673,9.678,340.698,418.275,62.764,8.119,5.343,1.543,613.432,567.411
South Africa,ZAF,2009,51728518,574768021657,474.512,9.173,353.559,390.664,71.07,7.038,5.571,1.506,587.168,546.058
South Africa,ZAF,2010,52344047,607601612432,467.353,8.928,349.931,406.924,46.324,8.867,5.045,1.403,574.415,539.626
South Africa,ZAF,2011,52995212,645388107070,474.273,8.949,353.285,400.454,60.247,8.801,4.638,1.376,580.428,546.512
South Africa,ZAF,2012,53782570,660853021773,461.438,8.58,350.409,398.009,49.468,9.255,4.633,1.32,571.812,536.893
South Africa,ZAF,2013,54678789,677278303675,456.188,8.343,356.985,392.345,49.515,9.384,4.893,1.293,565.257,532.143
South Africa,ZAF,2014,55594840,686853872664,481.638,8.663,361.875,413.196,54.539,8.94,4.911,1.358,590.747,558.5
South Africa,ZAF,2015,56723536,695933197143,457.473,8.065,350.292,387.494,54.688,9.827,5.419,1.292,564.501,533.362
South Africa,ZAF,2016,57259550,700558003750,457.05,7.982,354.367,384.489,59.012,7.815,5.691,1.291,561.788,531.974
South Africa,ZAF,2017,57635158,708670169977,440.01,7.634,347.442,369.903,57.257,7.339,5.481,1.223,547.122,516.457
South Africa,ZAF,2018,58613001,719458334697,453.766,7.742,355.369,384.222,54.275,9.746,5.466,1.235,560.438,529.452
South Africa,ZAF,2019,59587880,721641639539,470.727,7.9,367.481,405.224,50.167,9.842,5.453,1.269,577.604,546.324
South Africa,ZAF,2020,60562374,675871755463,435.298,7.188,335.338,374.003,46.606,9.563,5.071,1.238,541.341,508.692
South Africa,ZAF,2021,61502602,709077881289,439.464,7.145,328.04,366.528,59.91,7.104,5.869,1.192,545.7,510.03
South Africa,ZAF,2022,62378417,723559323969,428.782,6.874,318.323,357.02,59.159,6.931,5.634,1.143,533.329,499.386
South Africa,ZAF,2023,63212386,,436.604,6.907,325.381,363.604,59.618,7.703,5.634,1.146,541.383,507.252
South Africa,ZAF,2024,64007187,,439.831,6.872,,371.358,55.087,7.746,5.634,1.139,542.729,508.186
South Korea,KOR,1990,44081425,594764506000,250.511,5.683,330.985,94.308,130.947,6.433,15.873,1.102,288.631,277.558
South Korea,KOR,1991,44439146,651871510125,275.688,6.204,353.921,94.094,151.671,7.441,18.962,1.188,313.514,305.825
South Korea,KOR,1992,44653699,687368661445,299.905,6.716,420.232,91.32,173.971,9.733,21.129,1.332,340.768,329.541
South Korea,KOR,1993,44887721,729369247675,330.174,7.356,421.051,99.62,189.427,12.159,24.7,1.451,366.369,356.413
South Korea,KOR,1994,45130842,791073852664,355.695,7.881,440.175,101.801,206.573,16.186,26.84,1.548,392.382,382.227
South Korea,KOR,1995,45368425,860793752056,383.665,8.457,466.352,105.3,226.079,19.574,28.105,1.631,418.565,410.434
South Korea,KOR,1996,45638701,919812618896,420.996,9.225,503.152,122.689,239.471,25.859,28.309,1.737,459.965,450.333
South Korea,KOR,1997,45941541,967604910890,444.968,9.686,499.59,133.313,246.07,31.427,29.32,1.825,487.944,478.015
South Korea,KOR,1998,46230885,908368091121,378.038,8.177,367.469,137.598,183.586,29.399,22.879,1.556,416.721,407.825
South Korea,KOR,1999,46500382,1004162502333,410.519,8.828,436.005,145.635,200.628,35.797,23.719,1.653,451.631,440.754
South Korea,KOR,2000,46766660,1086261690312,439.981,9.408,502.22,163.883,206.229,40.204,24.756,1.725,480.153,471.764
South Korea,KOR,2001,47043467,1127616204375,455.631,9.685,503.917,174.626,206.083,44.163,25.665,1.773,494.65,487.186
South Korea,KOR,2002,47299118,1203066586464,476.065,10.065,540.71,187.637,207.116,49.069,27.107,1.813,509.638,502.719
South Korea,KOR,2003,47514158,1229830453921,485.213,10.212,549.243,195.319,205.372,51.401,27.92,1.755,518.889,511.826
South Korea,KOR,2004,47697076,1281243847324,491.389,10.302,563.015,203.138,196.256,60.234,26.124,1.718,526.324,518.491
South Korea,KOR,2005,47851646,1322354601142,498.688,10.422,594.376,209.293,195.069,65.27,23.326,1.685,533.827,525.715
South Korea,KOR,2006,48006518,1381281470156,503.478,10.488,612.365,216.428,190.054,67.995,23.14,1.646,537.844,530.736
South Korea,KOR,2007,48178122,1446721509093,521.709,10.829,642.07,228.427,187.258,73.37,26.275,1.656,556.349,548.718
South Korea,KOR,2008,48356485,1477425172333,532.651,11.015,644.422,253.041,171.088,75.924,26.08,1.662,564.242,556.078
South Korea,KOR,2009,48546690,1477640571750,537.82,11.078,573.885,262.395,172.708,72.171,24.553,1.707,570.552,561.646
South Korea,KOR,2010,48769329,1562822824921,594.339,12.187,654.579,295.05,176.156,91.541,24.297,1.784,627.616,619.031
South Korea,KOR,2011,49127640,1609219825000,623.443,12.69,683.119,320.169,171.469,98.513,24.721,1.808,661.459,649.203
South Korea,KOR,2012,49599580,1647889319531,627.943,12.66,665.029,316.99,170.817,106.566,24.849,1.796,661.986,654.195
South Korea,KOR,2013,50071168,1700045113031,634.581,12.674,669.755,320.644,168.582,111.531,25.05,1.799,667.713,661.117
South Korea,KOR,2014,50539055,1754480590300,629.366,12.453,694.705,331.304,161.534,101.445,25.412,1.775,665.246,656.099
South Korea,KOR,2015,50983909,1803763858886,634.177,12.439,676.277,335.411,170.594,92.589,25.779,1.791,671.253,661.56
South Korea,KOR,2016,51297836,1856920794289,637.914,12.435,669.418,320.697,184.034,96.655,26.672,1.802,674.034,666.902
South Korea,KOR,2017,51486268,1915599559593,654.537,12.713,701.816,337.669,179.413,100.861,26.351,1.819,691.612,684.582
South Korea,KOR,2018,51640894,1971285914824,670.169,12.977,749.231,340.348,177.633,117.173,24.702,1.824,709.059,700.362
South Korea,KOR,2019,51767844,2015521635585,646.102,12.481,735.546,321.606,175.797,113.586,24.93,1.742,683.064,676.125
South Korea,KOR,2020,51858481,2001231642062,597.634,11.524,682.038,282.883,165.068,116.635,22.866,1.7,636.649,629.885
South Korea,KOR,2021,51848401,2084182684453,616.075,11.882,717.592,283.908,171.484,126.79,23.704,1.671,657.427,651.707
South Korea,KOR,2022,51782515,2137558645699,606.877,11.72,722.67,272.884,173.664,126.732,23.409,1.617,651.583,642.436
South Korea,KOR,2023,51748744,,589.178,11.385,708.865,263.886,170.359,122.051,22.694,1.547,632.924,624.188
South Korea,KOR,2024,51717587,,583.679,11.286,,247.465,176.143,129.312,20.571,1.512,630.567,621.358
South Sudan,SSD,1990,4737637,,0.419,0.089,,0.0,0.419,0.0,0.0,0.002,44.721,2.7
South Sudan,SSD,1991,4836686,,0.393,0.081,,0.0,0.393,0.0,0.0,0.002,45.161,2.73
South Sudan,SSD,1992,4909746,,0.351,0.072,,0.0,0.351,0.0,0.0,0.002,55.113,2.674
South Sudan,SSD,1993,4956006,,0.242,0.049,,0.0,0.242,0.0,0.0,0.001,54.573,2.572
South Sudan,SSD,1994,5071191,,0.333,0.066,,0.0,0.333,0.0,0.0,0.001,59.138,2.946
South Sudan,SSD,1995,5225840,,0.344,0.066,,0.0,0.344,0.0,0.0,0.001,58.003,3.018
South Sudan,SSD,1996,5356925,,0.355,0.066,,0.0,0.355,0.0,0.0,0.001,57.334,3.056
South Sudan,SSD,1997,5509142,,0.435,0.079,,0.0,0.435,0.0,0.0,0.002,56.192,2.921
South Sudan,SSD,1998,5620077,,0.377,0.067,,0.0,0.377,0.0,0.0,0.002,58.007,3.132
South Sudan,SSD,1999,5771632,,0.409,0.071,,0.0,0.409,0.0,0.0,0.002,57.963,3.249
South Sudan,SSD,2000,6032274,,0.445,0.074,,0.0,0.445,0.0,0.0,0.002,61.575,3.548
South Sudan,SSD,2001,6308399,,0.511,0.081,,0.0,0.511,0.0,0.0,0.002,52.191,3.86
South Sudan,SSD,2002,6596810,,0.652,0.099,,0.0,0.652,0.0,0.0,0.002,64.21,4.272
South Sudan,SSD,2003,6903129,,0.728,0.106,,0.0,0.728,0.0,0.0,0.003,61.886,4.358
South Sudan,SSD,2004,7233040,,0.92,0.127,,0.0,0.92,0.0,0.0,0.003,64.434,4.737
South Sudan,SSD,2005,7590147,,0.882,0.116,,0.0,0.882,0.0,0.0,0.003,65.174,4.77
South Sudan,SSD,2006,7976532,,0.965,0.121,,0.0,0.965,0.0,0.0,0.003,61.63,4.915
South Sudan,SSD,2007,8388785,,1.134,0.135,,0.0,1.134,0.0,0.0,0.004,65.0,5.407
South Sudan,SSD,2008,8817645,,1.198,0.136,,0.0,1.198,0.0,0.0,0.004,50.872,5.586
South Sudan,SSD,2009,9243560,,1.248,0.135,,0.0,1.248,0.0,0.0,0.004,69.7,5.899
South Sudan,SSD,2010,9745955,,1.27,0.13,,0.0,1.27,0.0,0.0,0.004,68.565,5.912
South Sudan,SSD,2011,10288112,,1.239,0.12,,0.0,1.239,0.0,0.0,0.004,79.02,6.153
South Sudan,SSD,2012,10756245,,1.33,0.124,,,1.33,,0.0,0.004,69.834,5.713
South Sudan,SSD,2013,11166280,,1.444,0.129,,,1.444,,0.0,0.004,63.256,6.052
South Sudan,SSD,2014,11235071,,1.499,0.133,,,1.499,,0.0,0.004,59.212,6.17
South Sudan,SSD,2015,11107569,,1.913,0.172,,,1.913,,0.0,0.005,62.401,6.502
South Sudan,SSD,2016,10830108,,1.704,0.157,,,1.704,,0.0,0.005,63.85,6.199
South Sudan,SSD,2017,10259150,,1.455,0.142,,,1.455,,0.0,0.004,60.376,5.668
South Sudan,SSD,2018,10122983,,1.737,0.172,,,1.737,,0.0,0.005,66.107,5.971
South Sudan,SSD,2019,10423382,,1.77,0.17,,,1.77,,0.0,0.005,52.133,5.933
South Sudan,SSD,2020,10698471,,1.707,0.16,,,1.707,,0.0,0.005,67.142,6.015
South Sudan,SSD,2021,10865786,,1.74,0.16,,,1.74,,0.0,0.005,61.663,6.04
South Sudan,SSD,2022,11021175,,1.634,0.148,,,1.634,,0.0,0.004,58.185,5.868
South Sudan,SSD,2023,11483370,,1.666,0.145,,,1.666,,0.0,0.004,58.376,6.05
South Sudan,SSD,2024,11943410,,1.696,0.142,,,1.696,,0.0,0.004,58.846,6.083
Spain,ESP,1990,39084975,756125036542,229.383,5.869,270.928,79.032,121.129,12.061,12.279,1.009,283.0,252.971
Spain,ESP,1991,39201750,786757895205,239.291,6.104,277.582,81.631,127.647,13.462,11.701,1.031,290.837,262.937
Spain,ESP,1992,39420344,803260934603,247.687,6.283,301.963,84.817,132.92,14.57,10.438,1.1,292.982,271.757
Spain,ESP,1993,39651627,794221319057,239.099,6.03,278.515,81.632,128.46,14.168,9.914,1.051,283.937,262.817
Spain,ESP,1994,39858721,820138301435,251.388,6.307,282.325,82.225,137.068,15.212,11.499,1.094,281.265,275.765
Spain,ESP,1995,40052733,855020227557,265.069,6.618,294.875,85.124,143.411,18.878,12.365,1.127,324.329,289.829
Spain,ESP,1996,40237375,885027554238,252.562,6.277,280.279,71.959,141.98,21.289,12.115,1.042,308.68,277.945
Spain,ESP,1997,40423823,925901360531,264.899,6.553,283.364,74.57,144.648,27.489,12.752,1.087,309.077,290.959
Spain,ESP,1998,40617436,976805803240,273.65,6.737,296.126,72.72,152.912,28.462,13.809,1.126,330.727,299.754
Spain,ESP,1999,40812855,1031651264612,297.025,7.278,317.353,82.676,161.338,32.502,14.432,1.196,354.295,323.561
Spain,ESP,2000,41019772,1094998702299,309.26,7.539,333.645,87.404,163.449,37.153,14.728,1.212,361.474,336.226
Spain,ESP,2001,41245602,1147959133197,311.031,7.541,334.915,80.276,169.381,39.97,15.014,1.211,367.158,338.315
Spain,ESP,2002,41755703,1191323484900,331.028,7.928,357.047,89.977,173.902,45.027,15.53,1.26,392.943,358.277
Spain,ESP,2003,42506540,1239651963472,335.539,7.894,368.91,83.433,178.237,51.279,16.038,1.213,400.935,362.592
Spain,ESP,2004,43234562,1289831715789,352.139,8.145,392.291,86.472,183.588,58.727,16.292,1.231,412.024,378.88
Spain,ESP,2005,43958883,1348839731490,367.447,8.359,422.104,86.873,187.742,68.893,16.792,1.241,422.042,394.603
Spain,ESP,2006,44695446,1415738502534,358.869,8.029,423.492,77.171,183.435,73.998,16.745,1.173,410.581,386.109
Spain,ESP,2007,45516501,1481143208580,366.469,8.051,433.407,83.696,182.931,75.616,16.824,1.163,420.984,394.091
Spain,ESP,2008,46235055,1510615290401,335.284,7.252,401.917,58.726,173.2,82.518,14.389,1.046,386.06,362.864
Spain,ESP,2009,46635182,1468765814163,296.159,6.351,344.496,44.668,161.09,73.68,11.402,0.94,348.993,325.883
Spain,ESP,2010,46840469,1480376411582,282.585,6.033,328.733,35.997,156.331,73.623,11.197,0.848,330.881,310.994
Spain,ESP,2011,46998040,1477187548437,283.275,6.027,321.442,53.685,146.012,68.024,9.523,0.822,354.0,311.551
Spain,ESP,2012,47018323,1433478645419,277.432,5.901,288.902,62.626,134.672,65.077,8.754,0.794,326.7,304.45
Spain,ESP,2013,46860394,1413362053623,252.109,5.38,311.148,48.724,129.976,59.055,7.642,0.715,302.976,277.248
Spain,ESP,2014,46720187,1433089409797,253.658,5.429,278.615,53.621,129.905,54.251,8.897,0.715,304.311,278.645
Spain,ESP,2015,46683683,1488098863146,270.248,5.789,281.378,61.246,136.365,56.603,9.216,0.763,319.558,295.914
Spain,ESP,2016,46732768,1533303930046,259.555,5.554,275.687,45.478,140.305,57.653,9.414,0.733,310.051,284.647
Spain,ESP,2017,46868594,1578931492849,273.484,5.835,294.286,53.499,141.123,62.512,9.449,0.76,320.494,298.335
Spain,ESP,2018,47092817,1615001473949,268.521,5.702,299.116,47.904,142.106,61.825,9.667,0.731,320.733,293.969
Spain,ESP,2019,47435121,1647042667976,250.674,5.285,284.092,23.528,140.044,71.16,9.064,0.676,299.701,275.295
Spain,ESP,2020,47679482,1460507935923,211.765,4.441,251.864,14.23,118.78,64.231,8.192,0.602,263.355,236.116
Spain,ESP,2021,47735670,1541121952313,228.806,4.793,275.255,16.011,129.714,68.103,8.472,0.621,293.887,253.366
Spain,ESP,2022,47828386,1625139888517,234.223,4.897,278.598,17.703,135.029,67.262,7.715,0.624,291.098,258.654
Spain,ESP,2023,47911583,,215.461,4.497,260.615,12.536,131.246,58.169,7.48,0.566,270.414,239.578
Spain,ESP,2024,47910533,,220.341,4.599,,11.299,139.475,55.699,7.838,0.571,275.092,244.479
Sri Lanka,LKA,1990,16352460,67098669421,3.802,0.233,3.247,0.004,3.664,,0.134,0.017,26.975,8.461
Sri Lanka,LKA,1991,16475354,73808548639,4.107,0.249,3.569,0.007,3.968,,0.131,0.018,28.442,8.836
Sri Lanka,LKA,1992,16739297,71237383826,5.036,0.301,4.207,0.004,4.771,,0.262,0.022,29.62,9.87
Sri Lanka,LKA,1993,17025924,76317434648,4.912,0.289,4.082,0.004,4.697,,0.211,0.022,30.917,9.804
Sri Lanka,LKA,1994,17275777,82083780545,5.342,0.309,4.411,0.007,5.053,,0.282,0.023,34.554,10.284
Sri Lanka,LKA,1995,17564065,86882842988,5.717,0.325,4.657,0.004,5.448,,0.265,0.024,34.032,10.734
Sri Lanka,LKA,1996,17905020,96972233018,6.863,0.383,5.541,0.004,6.591,,0.268,0.028,34.71,12.076
Sri Lanka,LKA,1997,18248205,106468157343,7.401,0.406,5.49,0.007,7.123,,0.271,0.03,32.196,12.671
Sri Lanka,LKA,1998,18596006,104039873858,7.621,0.41,5.653,0.004,7.379,,0.238,0.031,31.865,12.912
Sri Lanka,LKA,1999,18944734,106224336044,8.381,0.442,16.072,0.004,8.119,,0.258,0.034,31.437,13.724
Sri Lanka,LKA,2000,19293056,114541758869,9.99,0.518,17.814,0.004,9.728,,0.259,0.039,32.477,15.523
Sri Lanka,LKA,2001,19600361,111509565283,10.158,0.518,19.202,0.004,9.878,,0.276,0.04,31.491,15.666
Sri Lanka,LKA,2002,19805750,114770992462,10.787,0.545,22.649,0.004,10.538,,0.245,0.041,33.508,16.3
Sri Lanka,LKA,2003,19951521,121043287225,10.761,0.539,18.135,0.231,10.259,,0.271,0.039,34.684,16.325
Sri Lanka,LKA,2004,20087608,127113013921,11.908,0.593,20.728,0.231,11.362,,0.315,0.042,59.038,17.601
Sri Lanka,LKA,2005,20216531,134388316813,11.67,0.577,20.98,0.231,11.113,,0.326,0.039,41.655,17.481
Sri Lanka,LKA,2006,20352416,144414690368,11.503,0.565,21.56,0.227,10.941,,0.335,0.038,40.072,17.347
Sri Lanka,LKA,2007,20492546,153829219297,11.844,0.578,20.165,0.161,11.34,,0.343,0.038,60.721,17.795
Sri Lanka,LKA,2008,20629377,162474916511,11.648,0.565,21.423,0.22,11.08,,0.348,0.036,50.36,17.737
Sri Lanka,LKA,2009,20756438,167647716585,12.572,0.606,20.32,0.223,11.996,,0.353,0.04,45.55,18.58
Sri Lanka,LKA,2010,20879092,180642805306,12.697,0.608,23.61,0.227,12.161,,0.309,0.038,53.197,18.991
Sri Lanka,LKA,2011,21009054,195461606183,14.476,0.689,32.364,1.132,13.007,,0.337,0.042,48.122,20.474
Sri Lanka,LKA,2012,21169461,212333854625,15.389,0.727,31.312,1.92,13.102,,0.367,0.044,43.423,21.5
Sri Lanka,LKA,2013,21358829,220937614421,14.143,0.662,33.552,2.019,11.761,,0.363,0.04,39.502,20.218
Sri Lanka,LKA,2014,21547454,235029015924,17.076,0.792,37.094,3.877,12.827,,0.372,0.048,40.211,23.244
Sri Lanka,LKA,2015,21729975,244914328998,19.179,0.883,38.776,5.218,13.593,,0.368,0.054,45.277,25.37
Sri Lanka,LKA,2016,21910763,257292293131,22.339,1.02,43.508,5.524,16.438,,0.377,0.063,46.701,28.61
Sri Lanka,LKA,2017,22087525,273915973018,22.168,1.004,43.138,5.722,16.079,,0.367,0.062,49.408,28.362
Sri Lanka,LKA,2018,22253116,280243422762,20.137,0.905,42.632,5.53,14.241,,0.366,0.055,43.627,26.346
Sri Lanka,LKA,2019,22410552,279626891521,21.106,0.942,43.166,5.903,14.832,,0.371,0.057,42.616,27.413
Sri Lanka,LKA,2020,22561808,269918239631,20.412,0.905,41.853,7.094,12.956,,0.363,0.058,41.682,26.74
Sri Lanka,LKA,2021,22700377,278898406287,20.823,0.917,45.742,6.185,14.268,,0.371,0.056,41.39,27.221
Sri Lanka,LKA,2022,22834965,254748598293,18.377,0.805,45.854,5.882,11.997,,0.498,0.049,39.831,24.757
Sri Lanka,LKA,2023,22971615,,19.166,0.834,46.439,5.282,13.386,,0.498,0.05,41.019,25.623
Sri Lanka,LKA,2024,23103561,,20.826,0.901,,6.232,14.095,,0.498,0.054,42.702,27.305
Sudan,SDN,1990,22021484,,4.783,0.217,,0.0,4.713,0.0,0.07,0.021,58.495,15.383
Sudan,SDN,1991,22470676,,4.48,0.199,,0.0,4.41,0.0,0.07,0.019,59.977,15.338
Sudan,SDN,1992,22927356,,4.001,0.175,,0.0,3.898,0.0,0.103,0.018,120.501,14.85
Sudan,SDN,1993,23445599,,2.755,0.117,,0.0,2.652,0.0,0.103,0.012,109.183,13.778
Sudan,SDN,1994,24043951,,3.838,0.16,,0.0,3.73,0.0,0.067,0.017,135.077,16.227
Sudan,SDN,1995,24672144,,3.963,0.161,,0.0,3.755,0.0,0.16,0.017,121.542,16.587
Sudan,SDN,1996,25231534,,4.096,0.162,,0.0,3.883,0.0,0.157,0.017,101.937,16.819
Sudan,SDN,1997,25799826,,5.023,0.195,,0.0,4.841,0.0,0.114,0.021,90.28,16.667
Sudan,SDN,1998,26458999,,4.372,0.165,,0.0,4.217,0.0,0.081,0.018,86.598,17.344
Sudan,SDN,1999,27130619,,4.753,0.175,,0.0,4.566,0.0,0.093,0.019,86.945,18.103
Sudan,SDN,2000,27816748,,5.292,0.19,,0.0,5.011,0.0,0.06,0.021,97.251,19.601
Sudan,SDN,2001,28516774,,6.018,0.211,,0.0,5.757,0.0,0.078,0.023,103.033,21.154
Sudan,SDN,2002,29228728,,7.634,0.261,,0.0,7.357,0.0,0.083,0.029,154.745,23.674
Sudan,SDN,2003,29896038,,8.515,0.285,,0.0,8.2,0.0,0.11,0.031,136.858,24.235
Sudan,SDN,2004,30556641,,10.866,0.356,,0.0,10.378,0.0,0.124,0.038,147.159,26.99
Sudan,SDN,2005,31262447,,10.558,0.338,,0.0,9.926,0.0,0.132,0.036,130.106,26.574
Sudan,SDN,2006,31992438,,11.545,0.361,,0.0,10.938,0.0,0.079,0.038,137.849,27.385
Sudan,SDN,2007,32764139,,13.564,0.414,,0.0,12.817,0.0,0.127,0.043,134.022,30.252
Sudan,SDN,2008,33623980,,14.179,0.422,,0.0,13.578,0.0,0.097,0.044,142.627,30.914
Sudan,SDN,2009,34569114,,14.805,0.428,,0.0,13.989,0.0,0.243,0.047,127.873,32.199
Sudan,SDN,2010,35414403,,15.07,0.426,,0.0,13.695,0.0,0.747,0.045,159.714,31.941
Sudan,SDN,2011,36140808,,14.711,0.407,,0.0,12.911,0.0,1.149,0.043,217.461,31.975
Sudan,SDN,2012,36923175,,15.763,0.427,,,13.747,,1.341,0.045,167.277,30.808
Sudan,SDN,2013,37785852,,17.374,0.46,,,15.165,,1.377,0.049,144.822,32.969
Sudan,SDN,2014,38823324,,13.095,0.337,,,10.856,,1.348,0.037,145.365,29.236
Sudan,SDN,2015,40024433,,14.247,0.356,,,11.787,,1.436,0.04,143.055,30.783
Sudan,SDN,2016,41259892,,19.737,0.478,,,17.455,,1.556,0.056,148.726,36.863
Sudan,SDN,2017,42714311,,20.306,0.475,,,18.031,,1.556,0.056,149.869,37.849
Sudan,SDN,2018,44230597,,20.516,0.464,,,18.276,,1.556,0.056,141.396,39.019
Sudan,SDN,2019,45548179,,22.007,0.483,,,19.928,,1.556,0.059,135.061,40.201
Sudan,SDN,2020,46789237,,19.8,0.423,,,19.346,,,0.056,137.364,38.637
Sudan,SDN,2021,48066930,,19.208,0.4,,,18.752,,,0.052,134.032,38.229
Sudan,SDN,2022,49383344,,17.529,0.355,,,17.129,,,0.047,132.961,36.497
Sudan,SDN,2023,50042800,,17.716,0.354,,,17.466,,,0.047,133.362,36.817
Sudan,SDN,2024,50448960,,17.795,0.353,,,17.773,,,0.046,134.297,37.203
Suriname,SUR,1990,412500,,1.738,4.214,,,1.715,,0.024,0.008,4.436,2.017
Suriname,SUR,1991,415021,,2.024,4.877,,,2.001,,0.023,0.009,4.907,2.33
Suriname,SUR,1992,417602,,2.031,4.864,,,2.008,,0.023,0.009,6.602,2.412
Suriname,SUR,1993,419357,,2.039,4.861,,,2.015,,0.023,0.009,5.561,2.402
Suriname,SUR,1994,422382,,2.043,4.837,,,2.015,,0.028,0.009,5.915,2.373
Suriname,SUR,1995,429611,,2.061,4.798,,,2.034,,0.028,0.009,6.069,2.412
Suriname,SUR,1996,438834,,2.083,4.747,,,2.056,,0.028,0.009,5.283,2.456
Suriname,SUR,1997,448068,,2.105,4.698,,,2.077,,0.028,0.009,5.028,2.492
Suriname,SUR,1998,457413,,2.105,4.602,,,2.077,,0.028,0.009,5.973,2.511
Suriname,SUR,1999,466925,,2.123,4.547,,,2.096,,0.027,0.009,5.283,2.555
Suriname,SUR,2000,476647,,2.193,4.601,,,2.165,,0.027,0.009,5.898,2.672
Suriname,SUR,2001,486566,,2.363,4.857,,,2.327,0.007,0.029,0.009,5.222,2.774
Suriname,SUR,2002,496566,,1.561,3.143,,0.0,1.524,0.007,0.029,0.006,6.051,1.963
Suriname,SUR,2003,506421,,1.539,3.038,,0.0,1.502,0.007,0.029,0.006,6.064,1.947
Suriname,SUR,2004,513928,,1.553,3.022,,0.0,1.517,0.007,0.029,0.005,4.622,1.966
Suriname,SUR,2005,519321,,1.586,3.054,,0.0,1.55,0.007,0.029,0.005,4.345,2.012
Suriname,SUR,2006,525003,,1.74,3.314,,0.0,1.704,0.007,0.029,0.006,4.045,2.186
Suriname,SUR,2007,531026,,1.758,3.311,,0.0,1.722,0.007,0.029,0.006,4.429,2.224
Suriname,SUR,2008,537252,,1.941,3.613,,0.0,1.905,0.007,0.028,0.006,7.215,2.432
Suriname,SUR,2009,543580,,1.989,3.659,,0.0,1.96,0.007,0.022,0.006,5.318,2.482
Suriname,SUR,2010,549931,,2.375,4.319,,,2.349,0.007,0.019,0.007,5.971,2.88
Suriname,SUR,2011,556279,,2.758,4.958,,,2.719,0.007,0.032,0.008,5.594,3.266
Suriname,SUR,2012,562640,,2.494,4.432,,,2.44,0.007,0.046,0.007,7.901,3.021
Suriname,SUR,2013,569024,,3.151,5.538,,,3.092,0.007,0.052,0.009,8.304,3.669
Suriname,SUR,2014,575380,,3.201,5.563,,,3.166,0.007,0.028,0.009,7.305,3.735
Suriname,SUR,2015,581634,,2.714,4.666,,,2.678,0.007,0.028,0.008,6.324,3.251
Suriname,SUR,2016,587765,,2.914,4.957,,,2.898,0.007,0.008,0.008,6.74,3.462
Suriname,SUR,2017,593720,,2.43,4.093,,,2.411,0.007,0.012,0.007,6.296,2.967
Suriname,SUR,2018,599519,,2.093,3.491,,,2.07,0.011,0.012,0.006,5.794,2.622
Suriname,SUR,2019,605779,,2.632,4.345,,,2.601,0.011,0.02,0.007,6.456,3.183
Suriname,SUR,2020,612320,,2.922,4.772,,,2.887,0.015,0.02,0.008,6.322,3.47
Suriname,SUR,2021,617905,,2.647,4.284,,,2.616,0.011,0.02,0.007,5.814,3.197
Suriname,SUR,2022,623172,,2.828,4.537,,,2.789,0.015,0.02,0.008,5.806,3.368
Suriname,SUR,2023,628892,,2.869,4.561,,,2.832,0.016,0.02,0.008,5.674,3.4
Suriname,SUR,2024,634438,,2.988,4.709,,,2.945,0.022,0.02,0.008,5.64,3.518
Sweden,SWE,1990,8558571,240234012000,57.417,6.709,112.169,11.759,41.886,1.589,1.272,0.253,63.328,67.262
Sweden,SWE,1991,8616955,237950140941,57.664,6.692,105.881,11.845,42.145,1.717,1.137,0.248,63.95,67.355
Sweden,SWE,1992,8667576,235756851945,57.51,6.635,114.79,11.1,42.541,1.995,1.089,0.255,65.183,67.011
Sweden,SWE,1993,8718038,231558425903,57.517,6.597,107.528,11.046,42.452,2.067,1.092,0.253,67.329,67.18
Sweden,SWE,1994,8780190,241524284977,59.997,6.833,107.153,11.233,44.718,2.029,1.109,0.261,70.737,69.851
Sweden,SWE,1995,8826298,251741126533,59.487,6.74,107.772,11.221,44.007,2.063,1.296,0.253,73.155,69.051
Sweden,SWE,1996,8840330,256498914326,63.349,7.166,95.505,12.384,46.605,2.226,1.225,0.261,76.622,72.792
Sweden,SWE,1997,8845525,264171121939,58.355,6.597,83.05,10.78,43.256,2.255,1.105,0.239,71.61,68.311
Sweden,SWE,1998,8850606,276040695651,58.767,6.64,86.49,11.104,43.277,2.231,1.133,0.242,72.459,67.861
Sweden,SWE,1999,8857691,289702793085,55.937,6.315,79.631,10.043,41.542,2.174,1.139,0.225,66.956,65.138
Sweden,SWE,2000,8872099,303452362920,54.892,6.187,84.337,10.104,40.406,2.082,1.288,0.215,69.902,63.98
Sweden,SWE,2001,8896018,308398096624,55.782,6.27,76.989,10.944,40.116,2.4,1.332,0.217,71.973,64.606
Sweden,SWE,2002,8925045,317463771012,56.634,6.345,80.262,11.422,40.439,2.444,1.28,0.216,72.766,65.882
Sweden,SWE,2003,8958434,326402407102,57.221,6.387,84.578,11.545,41.14,2.269,1.206,0.207,75.363,66.604
Sweden,SWE,2004,8993805,341901244849,56.428,6.274,84.395,11.811,40.088,2.198,1.284,0.197,78.748,66.05
Sweden,SWE,2005,9029771,354496929423,53.787,5.957,86.706,10.949,38.542,1.869,1.315,0.182,76.726,61.65
Sweden,SWE,2006,9080628,372234670461,53.651,5.908,88.073,10.681,37.987,2.056,1.442,0.175,74.935,61.687
Sweden,SWE,2007,9148280,387881844813,52.879,5.78,88.952,10.765,37.014,2.165,1.339,0.168,74.248,60.655
Sweden,SWE,2008,9219903,388980516356,50.765,5.506,86.715,10.334,35.579,1.893,1.396,0.158,72.347,58.295
Sweden,SWE,2009,9298738,373026350439,47.143,5.07,74.164,7.365,34.615,2.487,1.263,0.15,68.712,54.613
Sweden,SWE,2010,9378234,399838964466,53.029,5.654,83.317,10.311,36.433,3.434,1.324,0.159,75.368,60.276
Sweden,SWE,2011,9449263,397617949429,49.114,5.198,82.153,9.467,34.027,2.721,1.361,0.142,69.135,56.292
Sweden,SWE,2012,9519477,395278763366,46.607,4.896,75.014,8.637,32.626,2.359,1.479,0.133,67.445,53.739
Sweden,SWE,2013,9600620,399973749048,45.106,4.698,72.511,8.736,31.245,2.362,1.402,0.128,64.433,51.941
Sweden,SWE,2014,9696438,410604225974,43.385,4.474,71.344,8.284,30.292,2.058,1.399,0.122,62.225,49.844
Sweden,SWE,2015,9799483,429037422635,43.31,4.42,69.147,8.016,30.38,1.97,1.537,0.122,62.81,49.681
Sweden,SWE,2016,9923281,437921057919,43.308,4.364,70.321,8.021,30.237,2.267,1.554,0.122,63.422,49.669
Sweden,SWE,2017,10057864,449166531542,42.355,4.211,70.989,8.307,29.316,1.816,1.484,0.118,63.633,48.779
Sweden,SWE,2018,10175400,457925387676,41.856,4.113,71.076,8.087,28.894,1.889,1.607,0.114,62.154,48.258
Sweden,SWE,2019,10279120,467020665386,40.772,3.967,66.999,8.108,28.464,1.777,1.357,0.11,61.677,47.137
Sweden,SWE,2020,10353682,456885314424,36.622,3.537,60.12,6.641,26.282,1.446,1.272,0.104,56.409,43.07
Sweden,SWE,2021,10416134,481492421258,38.568,3.703,66.18,6.984,27.891,1.9,1.259,0.105,59.835,45.042
Sweden,SWE,2022,10487335,494214521158,36.342,3.465,66.339,6.54,25.627,1.163,1.234,0.097,57.26,42.697
Sweden,SWE,2023,10551493,,36.709,3.479,61.722,6.508,25.949,1.388,1.165,0.096,57.466,43.02
Sweden,SWE,2024,10606993,,38.097,3.592,,6.546,27.149,1.503,1.2,0.099,56.954,44.427
Switzerland,CHE,1990,6713168,234154439697,44.149,6.576,86.757,1.467,35.932,3.91,2.55,0.194,55.283,47.13
Switzerland,CHE,1991,6796942,236201938759,46.131,6.787,87.296,1.211,38.033,4.369,2.222,0.199,57.073,49.12
Switzerland,CHE,1992,6875049,239958549277,46.018,6.693,96.8,0.896,38.169,4.581,2.083,0.204,56.605,48.886
Switzerland,CHE,1993,6938106,243429634467,43.61,6.286,88.047,0.763,35.868,4.794,1.89,0.192,53.995,46.214
Switzerland,CHE,1994,6993594,250752168329,42.668,6.101,86.498,0.778,34.797,4.721,2.085,0.186,52.817,45.117
Switzerland,CHE,1995,7040481,257142565611,43.414,6.166,89.986,0.797,35.187,5.181,1.966,0.185,53.377,45.831
Switzerland,CHE,1996,7071885,263448607219,44.107,6.237,98.958,0.576,35.857,5.622,1.77,0.182,53.802,46.492
Switzerland,CHE,1997,7089161,274617021730,43.046,6.072,92.981,0.5,35.249,5.439,1.588,0.177,52.494,45.35
Switzerland,CHE,1998,7110294,287985364256,44.622,6.276,107.551,0.439,36.724,5.6,1.588,0.184,54.139,46.862
Switzerland,CHE,1999,7144119,298226666662,44.447,6.221,85.326,0.453,36.327,5.807,1.587,0.179,53.365,46.629
Switzerland,CHE,2000,7184003,315545366882,43.621,6.072,90.739,0.645,35.211,5.788,1.704,0.171,53.043,45.697
Switzerland,CHE,2001,7226391,325520166982,45.085,6.239,109.581,0.654,36.394,6.025,1.737,0.175,54.617,47.133
Switzerland,CHE,2002,7278744,331802188855,43.467,5.972,97.957,0.594,35.018,5.921,1.671,0.165,52.404,45.449
Switzerland,CHE,2003,7333451,337991874208,44.651,6.089,101.293,0.602,35.898,6.255,1.634,0.161,53.437,46.578
Switzerland,CHE,2004,7384196,353894703206,45.231,6.125,102.701,0.588,36.158,6.466,1.731,0.158,53.571,47.18
Switzerland,CHE,2005,7431824,371135459405,45.776,6.159,110.931,0.633,36.37,6.634,1.825,0.155,54.125,47.736
Switzerland,CHE,2006,7478514,393075108386,45.365,6.066,123.022,0.68,36.104,6.459,1.831,0.148,53.789,47.336
Switzerland,CHE,2007,7545386,416832821635,43.359,5.746,116.907,0.741,34.172,6.296,1.863,0.138,51.762,45.318
Switzerland,CHE,2008,7641730,433739216893,44.701,5.85,111.105,0.681,35.209,6.702,1.834,0.139,53.106,46.744
Switzerland,CHE,2009,7737644,431737407420,43.526,5.625,120.581,0.636,34.404,6.423,1.825,0.138,51.404,45.237
Switzerland,CHE,2010,7825750,451139715920,45.034,5.755,113.406,0.649,35.013,7.179,1.932,0.135,52.932,46.817
Switzerland,CHE,2011,7914379,467103594697,40.973,5.177,127.599,0.608,31.814,6.383,1.902,0.119,48.563,42.694
Switzerland,CHE,2012,7998927,472611933649,42.242,5.281,175.35,0.557,32.669,6.978,1.786,0.121,49.857,44.022
Switzerland,CHE,2013,8091199,481081829913,43.183,5.337,153.129,0.583,33.233,7.332,1.811,0.122,51.056,45.042
Switzerland,CHE,2014,8190238,492386642888,39.244,4.792,160.016,0.602,30.183,6.373,1.858,0.111,46.902,41.109
Switzerland,CHE,2015,8283940,500484653705,38.756,4.678,159.658,0.56,29.499,6.798,1.695,0.109,46.464,40.703
Switzerland,CHE,2016,8374903,510838097521,39.225,4.684,170.805,0.525,29.605,7.145,1.748,0.111,46.936,41.254
Switzerland,CHE,2017,8453630,517799793781,38.234,4.523,135.271,0.503,28.684,7.104,1.739,0.106,46.192,40.312
Switzerland,CHE,2018,8516341,532611137213,36.945,4.338,127.167,0.475,27.851,6.703,1.718,0.101,44.811,39.058
Switzerland,CHE,2019,8577525,538693495449,36.822,4.293,124.009,0.431,27.584,6.897,1.712,0.099,44.477,39.013
Switzerland,CHE,2020,8640582,525896489462,34.343,3.975,109.806,0.414,25.416,6.67,1.658,0.098,41.904,36.572
Switzerland,CHE,2021,8707019,548098275898,35.902,4.123,120.789,0.423,26.31,7.272,1.711,0.097,43.869,38.275
Switzerland,CHE,2022,8792180,559384947989,32.951,3.748,125.669,0.434,24.636,6.023,1.667,0.088,40.751,35.325
Switzerland,CHE,2023,8870564,,31.977,3.605,118.33,0.354,24.382,5.563,1.506,0.084,39.939,34.421
Switzerland,CHE,2024,8921979,,32.072,3.595,,0.355,24.391,5.647,1.506,0.083,40.11,34.589
Syria,SYR,1990,12579212,113006349079,37.265,2.962,,0.0,28.381,3.133,1.68,0.164,66.837,61.744
Syria,SYR,1991,12980824,121259151277,42.425,3.268,,0.004,32.104,3.657,1.674,0.183,76.885,72.249
Syria,SYR,1992,13385570,132464551230,42.803,3.198,,0.004,31.375,3.781,1.763,0.19,75.766,72.298
Syria,SYR,1993,13795687,137136399700,45.522,3.3,,0.004,32.751,3.745,2.136,0.2,82.947,78.716
Syria,SYR,1994,14208585,139462673349,45.956,3.234,,0.004,32.841,4.059,2.128,0.2,84.21,79.733
Syria,SYR,1995,14616804,141596267280,46.392,3.174,,0.015,32.415,5.119,2.103,0.197,84.125,79.687
Syria,SYR,1996,15018110,140380949913,47.446,3.159,,0.011,33.206,5.453,2.113,0.196,86.112,80.486
Syria,SYR,1997,15417539,133631083179,49.605,3.217,,0.011,32.599,8.457,2.264,0.203,86.552,81.36
Syria,SYR,1998,15820409,135803038435,53.496,3.381,,0.011,34.504,10.941,2.147,0.22,89.925,84.09
Syria,SYR,1999,16228064,126804505194,55.534,3.422,,0.011,36.032,11.201,2.384,0.224,90.607,86.283
Syria,SYR,2000,16637884,125214242976,54.527,3.277,,0.011,34.842,11.314,2.142,0.214,93.023,86.599
Syria,SYR,2001,17051337,125631935247,51.343,3.011,,0.011,34.306,10.365,2.288,0.2,81.565,76.514
Syria,SYR,2002,17468335,128996142855,40.727,2.331,,0.007,22.97,12.611,2.114,0.155,68.103,61.134
Syria,SYR,2003,17889297,122501642286,55.377,3.096,,0.011,37.626,12.703,2.154,0.2,85.293,75.373
Syria,SYR,2004,18336879,126515329154,51.692,2.819,,0.011,33.988,13.167,2.099,0.181,77.637,69.434
Syria,SYR,2005,18814092,129657010670,51.162,2.719,,0.011,35.432,11.314,2.048,0.173,78.291,69.23
Syria,SYR,2006,19637016,132870748696,54.04,2.752,,0.011,38.242,11.684,2.072,0.177,81.597,70.922
Syria,SYR,2007,20884136,138933398255,66.973,3.207,,0.011,51.34,11.498,2.16,0.213,93.452,83.828
Syria,SYR,2008,21636566,140064268758,68.084,3.147,,0.011,52.974,11.201,2.239,0.212,92.241,84.006
Syria,SYR,2009,21976971,141886525419,63.261,2.879,,0.011,45.314,13.761,2.154,0.201,88.98,80.658
Syria,SYR,2010,22482417,143781004115,62.057,2.76,,0.011,39.842,17.858,2.487,0.186,86.595,79.436
Syria,SYR,2011,22878104,134274046453,59.078,2.582,,0.011,40.348,15.059,2.063,0.171,83.511,75.413
Syria,SYR,2012,22759763,98907693956,46.339,2.036,,0.004,30.581,11.962,2.458,0.133,65.139,57.449
Syria,SYR,2013,21666921,72894799336,34.257,1.581,,0.004,22.011,9.829,1.61,0.097,49.284,42.31
Syria,SYR,2014,20273661,65379097607,34.869,1.72,,0.004,24.301,9.086,0.747,0.098,48.8,42.175
Syria,SYR,2015,19424615,63295273863,31.115,1.602,,0.004,21.412,7.973,0.747,0.088,44.281,38.093
Syria,SYR,2016,19193835,59731474595,29.162,1.519,,0.004,20.474,6.954,0.99,0.082,42.069,36.057
Syria,SYR,2017,19224671,59296820428,34.473,1.793,,0.004,24.513,6.862,0.856,0.096,46.334,41.431
Syria,SYR,2018,19577849,60171975441,31.771,1.623,,0.004,22.878,6.826,0.724,0.086,41.529,37.085
Syria,SYR,2019,20353536,62427096792,33.492,1.645,,0.004,24.356,6.547,0.834,0.09,43.868,38.537
Syria,SYR,2020,21049431,55872251610,32.344,1.537,,0.004,23.772,5.749,0.982,0.092,41.566,37.163
Syria,SYR,2021,21628837,54251957890,32.508,1.503,,0.004,23.072,6.119,1.357,0.088,40.059,36.83
Syria,SYR,2022,22462170,52353139385,31.423,1.399,,0.004,23.198,5.007,1.212,0.084,38.639,35.408
Syria,SYR,2023,23594623,,31.674,1.342,,0.006,23.461,4.959,1.212,0.083,39.091,35.668
Syria,SYR,2024,24672758,,31.778,1.288,,0.007,23.583,4.833,1.212,0.082,38.616,35.331
Taiwan,TWN,1990,20594907,319544652000,124.258,6.033,81.596,42.935,67.581,3.06,9.093,0.547,138.951,132.995
Taiwan,TWN,1991,20781752,345211462786,133.631,6.43,87.202,46.533,70.96,5.44,9.535,0.576,148.633,142.67
Taiwan,TWN,1992,20982088,372503882517,142.432,6.788,96.774,53.93,71.124,5.523,10.333,0.632,157.755,151.603
Taiwan,TWN,1993,21174678,396575970496,154.046,7.275,103.78,59.317,75.594,5.256,11.676,0.677,169.479,163.348
Taiwan,TWN,1994,21357145,425304537408,161.564,7.565,109.137,62.47,78.584,7.251,11.129,0.703,177.213,171.154
Taiwan,TWN,1995,21534497,451738410710,170.064,7.897,111.05,65.445,84.093,7.76,10.93,0.723,186.156,180.125
Taiwan,TWN,1996,21709270,477921929086,178.059,8.202,115.742,73.952,83.303,8.159,10.611,0.735,194.09,188.031
Taiwan,TWN,1997,21885332,504501700824,190.782,8.717,243.437,83.914,84.115,9.36,10.644,0.783,207.114,200.9
Taiwan,TWN,1998,22049226,524131056297,200.546,9.095,241.228,90.347,86.825,11.809,9.975,0.825,216.934,211.298
Taiwan,TWN,1999,22203788,557640971015,208.023,9.369,265.0,94.085,91.347,11.846,9.262,0.838,224.523,219.191
Taiwan,TWN,2000,22332873,591153923509,226.934,10.161,283.01,110.895,92.142,13.411,8.824,0.89,243.825,238.431
Taiwan,TWN,2001,22446254,582366336280,231.431,10.31,264.008,118.133,88.183,15.141,9.086,0.901,249.66,244.299
Taiwan,TWN,2002,22566898,612808812199,238.567,10.572,271.981,125.727,85.26,16.931,9.774,0.908,257.023,251.655
Taiwan,TWN,2003,22664130,636240085985,249.129,10.992,267.854,135.62,85.301,17.867,9.313,0.901,267.541,262.603
Taiwan,TWN,2004,22745432,675272430215,259.367,11.403,308.629,141.041,86.759,20.875,9.546,0.907,278.08,273.285
Taiwan,TWN,2005,22824932,709313986797,266.888,11.693,300.1,145.935,87.816,21.88,9.977,0.902,285.719,280.859
Taiwan,TWN,2006,22914644,745965982529,276.552,12.069,304.221,153.557,88.935,23.031,9.812,0.904,295.974,291.071
Taiwan,TWN,2007,23006921,791900583149,280.08,12.174,284.935,160.562,84.166,24.981,9.484,0.889,300.462,295.613
Taiwan,TWN,2008,23086238,794389614968,266.975,11.564,278.2,154.853,75.889,26.853,8.504,0.833,286.359,281.754
Taiwan,TWN,2009,23164353,779014502319,253.028,10.923,243.59,147.445,70.98,26.14,7.865,0.803,272.705,268.164
Taiwan,TWN,2010,23224049,859487483344,270.718,11.657,296.932,157.049,72.398,32.653,8.105,0.813,290.936,286.504
Taiwan,TWN,2011,23273078,888546864638,276.771,11.892,307.695,162.701,68.657,35.839,8.512,0.803,296.563,292.086
Taiwan,TWN,2012,23345963,908290377366,273.282,11.706,280.976,160.364,65.86,37.726,7.996,0.782,293.372,288.834
Taiwan,TWN,2013,23416870,930852328389,274.576,11.726,286.861,163.101,64.128,37.48,8.03,0.778,294.959,290.487
Taiwan,TWN,2014,23472811,974779255338,276.959,11.799,298.322,164.219,64.377,39.636,7.088,0.781,297.462,293.04
Taiwan,TWN,2015,23529260,989069527295,276.264,11.741,265.786,160.696,64.288,42.933,6.313,0.78,296.75,292.503
Taiwan,TWN,2016,23586140,1010482869589,280.197,11.88,280.81,161.76,66.724,44.596,5.395,0.792,301.009,296.66
Taiwan,TWN,2017,23632950,1043939947916,285.736,12.091,288.75,164.346,66.051,49.07,5.357,0.794,306.638,302.337
Taiwan,TWN,2018,23659308,1073034529603,284.151,12.01,287.66,165.841,62.118,49.783,5.378,0.774,305.395,301.105
Taiwan,TWN,2019,23674137,1105912366266,274.704,11.604,287.243,161.552,57.936,48.715,5.508,0.741,296.094,291.828
Taiwan,TWN,2020,23663461,1143369531447,272.464,11.514,278.184,156.384,55.162,54.412,5.673,0.775,293.904,289.622
Taiwan,TWN,2021,23558330,1218008773904,283.821,12.048,291.574,167.94,49.903,59.21,5.82,0.77,305.592,301.591
Taiwan,TWN,2022,23420107,1247874288934,273.989,11.699,295.826,154.672,52.858,59.999,5.457,0.73,295.211,291.18
Taiwan,TWN,2023,23317145,,267.127,11.456,294.802,147.375,54.125,59.617,4.982,0.701,288.204,284.253
Taiwan,TWN,2024,23213964,,262.345,11.301,,141.109,51.598,63.85,4.802,0.68,283.537,279.695
Tajikistan,TJK,1990,5398773,25321416000,12.307,2.28,5.566,1.736,6.058,3.889,0.527,0.054,20.361,13.888
Tajikistan,TJK,1991,5541200,23089121806,10.015,1.807,4.354,1.51,4.693,3.222,0.5,0.043,17.777,11.42
Tajikistan,TJK,1992,5649397,15578962563,7.333,1.298,4.109,0.934,2.957,3.221,0.221,0.033,15.009,8.564
Tajikistan,TJK,1993,5725001,13768160225,5.153,0.9,2.814,0.52,1.798,2.706,0.129,0.023,11.482,6.25
Tajikistan,TJK,1994,5825371,10806547225,2.345,0.403,1.285,0.114,0.656,1.488,0.088,0.01,9.081,3.304
Tajikistan,TJK,1995,5948588,9460376115,2.435,0.409,0.546,0.051,0.671,1.674,0.039,0.01,8.459,3.339
Tajikistan,TJK,1996,6066524,8989080428,2.824,0.465,2.477,0.022,0.63,2.147,0.024,0.012,8.589,3.694
Tajikistan,TJK,1997,6139829,9105132518,2.15,0.35,3.34,0.062,0.63,1.44,0.018,0.009,7.345,3.027
Tajikistan,TJK,1998,6176403,9509161527,2.497,0.404,4.187,0.048,0.967,1.473,0.009,0.01,7.645,3.382
Tajikistan,TJK,1999,6208373,9907046803,2.519,0.406,4.022,0.033,1.004,1.466,0.016,0.01,7.525,3.407
Tajikistan,TJK,2000,6284737,10735320878,2.236,0.356,3.755,0.044,0.729,1.436,0.027,0.009,7.224,3.247
Tajikistan,TJK,2001,6407376,11697951502,2.287,0.357,3.753,0.066,0.78,1.407,0.034,0.009,7.327,3.332
Tajikistan,TJK,2002,6531674,12792791823,1.872,0.287,4.379,0.081,0.769,0.978,0.044,0.007,7.282,2.95
Tajikistan,TJK,2003,6658575,14027448844,2.072,0.311,5.794,0.106,0.832,1.052,0.082,0.007,7.985,3.183
Tajikistan,TJK,2004,6790555,15391086914,2.562,0.377,6.069,0.161,1.077,1.227,0.096,0.009,8.791,3.736
Tajikistan,TJK,2005,6924722,16469329106,2.441,0.352,7.204,0.169,0.917,1.229,0.125,0.008,9.474,3.641
Tajikistan,TJK,2006,7057566,17531184155,2.656,0.376,9.153,0.176,1.11,1.231,0.139,0.009,9.577,3.89
Tajikistan,TJK,2007,7194479,18731098417,3.229,0.449,6.398,0.311,1.524,1.238,0.155,0.01,10.4,4.545
Tajikistan,TJK,2008,7338402,20202934540,2.897,0.395,7.729,0.341,1.473,0.989,0.094,0.009,11.193,4.252
Tajikistan,TJK,2009,7490232,20969201626,2.445,0.326,6.128,0.308,1.598,0.443,0.096,0.008,9.019,3.823
Tajikistan,TJK,2010,7652144,22275913223,2.535,0.331,8.595,0.338,1.688,0.367,0.142,0.008,8.479,3.946
Tajikistan,TJK,2011,7824788,23719353153,2.342,0.299,8.67,0.367,1.457,0.371,0.148,0.007,8.225,3.81
Tajikistan,TJK,2012,8014087,25498307279,2.934,0.366,6.566,0.703,1.836,0.271,0.124,0.008,10.458,4.572
Tajikistan,TJK,2013,8216733,27385180748,2.908,0.354,11.0,0.876,1.836,0.007,0.19,0.008,11.367,4.636
Tajikistan,TJK,2014,8425559,29219994834,4.606,0.547,20.15,1.479,2.552,0.007,0.568,0.013,13.881,6.572
Tajikistan,TJK,2015,8643839,30973186706,5.307,0.614,9.616,1.757,2.841,0.007,0.7,0.015,15.469,7.399
Tajikistan,TJK,2016,8865623,33110336724,6.016,0.679,13.937,2.241,2.779,0.007,0.988,0.017,16.78,8.278
Tajikistan,TJK,2017,9085942,35461181351,6.879,0.757,13.936,2.962,2.372,0.004,1.542,0.019,16.995,9.331
Tajikistan,TJK,2018,9307345,38156222428,8.081,0.868,11.882,3.142,2.93,0.11,1.899,0.022,17.68,10.635
Tajikistan,TJK,2019,9529970,40979787244,8.714,0.914,11.883,3.424,2.936,0.279,2.076,0.023,18.621,11.368
Tajikistan,TJK,2020,9749312,42778793597,9.423,0.967,11.555,3.526,3.358,0.444,2.096,0.027,19.374,12.17
Tajikistan,TJK,2021,9966912,46800009054,9.384,0.942,11.276,3.67,3.135,0.465,2.114,0.025,19.376,12.185
Tajikistan,TJK,2022,10182228,50544013546,10.521,1.033,13.772,4.192,3.706,0.473,2.15,0.028,20.79,13.386
Tajikistan,TJK,2023,10389807,,10.264,0.988,13.021,3.859,3.808,0.447,2.15,0.027,20.701,13.208
Tajikistan,TJK,2024,10590930,,10.74,1.014,,4.375,3.767,0.448,2.15,0.028,21.428,13.751
Tanzania,TZA,1990,26110210,22062497802,2.112,0.081,2.89,0.011,1.88,,0.222,0.009,85.441,8.047
Tanzania,TZA,1991,26780440,23131982096,2.255,0.084,3.105,0.011,2.023,,0.221,0.01,79.327,8.19
Tanzania,TZA,1992,27457599,23907182271,2.178,0.079,3.052,0.011,1.946,,0.221,0.01,86.956,8.456
Tanzania,TZA,1993,28332691,24857214872,2.426,0.086,3.245,0.264,1.941,,0.221,0.011,88.537,9.149
Tanzania,TZA,1994,29442357,25964285650,2.063,0.07,2.989,0.15,1.784,,0.129,0.009,91.424,9.413
Tanzania,TZA,1995,30383496,27600945651,2.434,0.08,3.283,0.114,2.077,,0.243,0.01,98.068,9.901
Tanzania,TZA,1996,30945761,29677337167,2.527,0.082,3.376,0.15,2.081,,0.295,0.01,93.821,10.075
Tanzania,TZA,1997,31578093,31560772974,2.824,0.089,3.763,0.073,2.499,,0.252,0.012,94.597,10.356
Tanzania,TZA,1998,32420461,33614871213,2.481,0.077,3.618,0.121,2.045,,0.316,0.01,104.747,10.848
Tanzania,TZA,1999,33300335,36215287065,2.459,0.074,3.756,0.198,1.924,0.0,0.337,0.01,98.897,11.47
Tanzania,TZA,2000,34260142,39001698887,2.572,0.075,4.997,0.209,2.026,0.0,0.337,0.01,95.081,12.531
Tanzania,TZA,2001,35198303,42445346863,3.041,0.086,5.732,0.205,2.473,0.0,0.362,0.012,95.579,13.065
Tanzania,TZA,2002,36121301,46583070535,3.486,0.096,6.131,0.209,2.865,0.0,0.412,0.013,110.839,13.809
Tanzania,TZA,2003,37089555,50824600990,3.687,0.099,5.997,0.147,3.067,0.0,0.474,0.013,134.115,14.666
Tanzania,TZA,2004,38109666,55891196644,4.221,0.111,6.61,0.172,3.294,0.245,0.51,0.015,149.492,15.201
Tanzania,TZA,2005,39182083,61018758994,5.356,0.137,8.404,0.081,4.056,0.678,0.541,0.018,163.332,17.018
Tanzania,TZA,2006,40294900,65508013137,5.876,0.146,8.293,0.048,4.346,0.945,0.538,0.019,187.969,17.601
Tanzania,TZA,2007,41435508,72909539423,5.706,0.138,8.816,0.073,3.984,1.018,0.631,0.018,186.732,17.791
Tanzania,TZA,2008,42570728,78993514738,5.989,0.141,11.222,0.278,3.984,1.051,0.675,0.019,170.367,18.388
Tanzania,TZA,2009,43633975,85446168824,5.807,0.133,9.43,0.216,3.602,1.242,0.747,0.018,173.926,18.732
Tanzania,TZA,2010,44758491,93371216148,7.194,0.161,10.649,0.264,4.567,1.472,0.892,0.022,195.732,20.497
Tanzania,TZA,2011,46029371,103624510902,8.44,0.183,13.447,0.461,5.431,1.626,0.921,0.024,179.215,22.067
Tanzania,TZA,2012,47374261,108951852558,10.367,0.219,14.905,0.268,7.252,1.859,0.987,0.03,175.118,24.268
Tanzania,TZA,2013,48824134,116340969671,11.251,0.23,19.725,0.168,8.296,1.868,0.913,0.032,174.723,25.546
Tanzania,TZA,2014,50351506,124173043529,10.997,0.218,19.573,0.663,7.445,1.799,1.088,0.031,185.465,25.461
Tanzania,TZA,2015,52020958,131823350494,12.783,0.246,20.706,0.916,8.678,1.974,1.215,0.036,182.306,27.911
Tanzania,TZA,2016,53824012,140875654933,13.529,0.251,19.272,0.894,8.493,2.565,1.577,0.038,181.781,28.997
Tanzania,TZA,2017,55652888,150417154803,13.513,0.243,18.355,1.198,7.977,2.711,1.627,0.038,178.552,29.315
Tanzania,TZA,2018,57437134,160884699826,14.233,0.248,20.166,1.172,8.189,3.144,1.728,0.039,178.463,30.213
Tanzania,TZA,2019,59174889,172128919031,16.191,0.274,21.261,1.385,8.893,3.389,2.524,0.044,183.319,33.148
Tanzania,TZA,2020,60972803,180418650860,15.952,0.262,21.442,1.231,9.169,3.034,2.517,0.045,174.174,33.175
Tanzania,TZA,2021,62830410,189343959556,17.678,0.281,23.963,1.469,10.23,3.448,2.531,0.048,165.011,35.518
Tanzania,TZA,2022,64711822,198220407805,19.702,0.304,25.799,1.711,10.847,4.2,2.944,0.053,171.718,38.588
Tanzania,TZA,2023,66617607,,20.31,0.305,25.788,1.978,11.06,4.327,2.944,0.053,178.7,39.445
Tanzania,TZA,2024,68560162,,20.018,0.292,,2.02,11.255,3.8,2.944,0.052,185.769,39.833
Thailand,THA,1990,54738329,407627796816,86.563,1.581,124.819,16.594,53.221,10.28,6.468,0.381,283.074,117.726
Thailand,THA,1991,55637436,437871480572,95.045,1.708,126.077,19.425,56.495,13.129,5.995,0.41,269.698,128.438
Thailand,THA,1992,56528832,473484188457,105.513,1.867,165.425,20.79,62.417,14.074,8.232,0.469,268.208,138.342
Thailand,THA,1993,57408198,509703199590,121.855,2.123,161.475,23.109,70.672,16.01,12.064,0.536,293.821,153.485
Thailand,THA,1994,58260855,545365114818,136.87,2.349,167.19,26.664,78.419,18.252,13.357,0.596,317.887,168.229
Thailand,THA,1995,59098231,584005907369,153.65,2.6,178.49,30.339,88.777,18.956,15.337,0.653,334.376,184.823
Thailand,THA,1996,59920059,611290639859,173.566,2.897,180.263,36.777,96.915,22.27,17.355,0.716,353.312,205.165
Thailand,THA,1997,60724588,589240402273,181.203,2.984,168.515,38.024,95.44,28.148,19.34,0.743,352.22,213.768
Thailand,THA,1998,61522632,539314649597,159.704,2.596,128.251,30.637,85.415,30.146,13.279,0.657,326.572,191.915
Thailand,THA,1999,62299039,558464047703,167.235,2.684,149.53,32.373,84.654,33.856,16.077,0.673,333.755,200.478
Thailand,THA,2000,63007815,579217712636,167.352,2.656,150.007,33.1,79.347,39.32,15.299,0.656,334.337,200.96
Thailand,THA,2001,63651137,596448007832,172.267,2.706,156.272,36.81,75.165,42.534,17.47,0.67,343.759,206.642
Thailand,THA,2002,64266433,630177413705,184.665,2.873,172.133,39.244,78.938,46.469,19.739,0.703,355.795,220.162
Thailand,THA,2003,64868164,672602585235,191.088,2.946,187.311,39.903,83.86,49.47,17.49,0.691,368.632,228.257
Thailand,THA,2004,65452049,712165919937,207.331,3.168,207.398,44.763,91.753,52.102,18.26,0.725,388.647,247.278
Thailand,THA,2005,66017415,739238460898,214.325,3.246,221.659,48.333,90.839,54.462,20.236,0.724,399.267,255.105
Thailand,THA,2006,66567685,773067090714,215.825,3.242,218.123,51.313,87.308,55.579,21.226,0.705,402.528,257.512
Thailand,THA,2007,67102388,811667437725,224.083,3.339,223.544,57.803,84.633,59.253,22.01,0.711,435.268,268.276
Thailand,THA,2008,67619835,822020817321,224.249,3.316,234.896,62.251,78.484,63.7,19.441,0.7,428.78,269.175
Thailand,THA,2009,68121077,812859746470,228.836,3.359,231.497,62.403,79.822,67.513,18.68,0.726,435.926,274.993
Thailand,THA,2010,68579443,870109340511,241.019,3.514,257.38,64.008,80.785,77.345,18.486,0.723,459.048,289.757
Thailand,THA,2011,69007212,873642799890,244.878,3.549,264.541,65.35,84.609,76.017,18.206,0.71,451.98,293.426
Thailand,THA,2012,69436091,936920832597,262.348,3.778,286.783,68.155,90.833,83.615,18.746,0.751,456.286,312.299
Thailand,THA,2013,69845112,962095812070,263.754,3.776,295.212,67.149,91.381,85.504,18.914,0.748,451.94,314.939
Thailand,THA,2014,70216362,971562808709,272.488,3.881,275.975,73.794,91.137,87.093,19.722,0.768,458.372,323.279
Thailand,THA,2015,70540787,1002011619070,277.099,3.928,274.262,72.142,95.218,88.912,20.024,0.783,445.985,328.085
Thailand,THA,2016,70859835,1036430730493,284.045,4.009,285.36,73.6,98.924,87.759,23.053,0.803,448.417,331.574
Thailand,THA,2017,71160183,1079732734924,283.348,3.982,290.297,73.824,101.146,85.289,22.388,0.788,446.128,329.808
Thailand,THA,2018,71376081,1125329902301,288.305,4.039,305.515,78.564,102.33,84.332,22.466,0.785,465.432,332.079
Thailand,THA,2019,71522264,1149130685920,281.877,3.941,303.671,70.06,103.652,85.27,22.304,0.76,480.764,326.014
Thailand,THA,2020,71641484,1078332670656,271.923,3.796,300.078,74.799,96.312,78.28,21.926,0.773,481.44,313.77
Thailand,THA,2021,71727338,1095187026392,267.142,3.724,309.344,76.648,90.92,77.923,21.151,0.725,444.667,308.661
Thailand,THA,2022,71735321,1124143758569,272.573,3.8,319.547,69.809,105.828,75.532,20.995,0.726,459.034,314.531
Thailand,THA,2023,71702436,,264.734,3.692,305.567,59.327,104.343,81.421,19.248,0.695,449.417,307.176
Thailand,THA,2024,71668010,,267.76,3.736,,60.216,105.336,84.088,17.724,0.694,456.714,309.157
Togo,TGO,1990,3714023,4744275000,0.978,0.263,0.927,,0.575,,0.402,0.004,7.627,2.365
Togo,TGO,1991,3822637,4804300007,1.05,0.275,0.995,,0.649,,0.401,0.005,7.691,2.495
Togo,TGO,1992,3932581,4695574340,1.03,0.262,1.005,,0.66,,0.371,0.005,7.971,2.534
Togo,TGO,1993,3887976,3965510675,1.069,0.275,1.051,,0.689,,0.38,0.005,7.943,2.632
Togo,TGO,1994,3904183,4562486354,1.007,0.258,0.974,,0.689,,0.318,0.004,8.69,2.687
Togo,TGO,1995,4110452,4920021949,1.175,0.286,1.172,,0.777,,0.398,0.005,9.02,2.95
Togo,TGO,1996,4291129,5351687437,1.265,0.295,1.177,,0.854,,0.411,0.005,10.816,3.163
Togo,TGO,1997,4438798,5606767164,0.879,0.198,0.808,,0.777,,0.102,0.004,10.224,2.842
Togo,TGO,1998,4551633,5539430872,1.29,0.283,1.16,,0.916,,0.374,0.005,10.531,3.394
Togo,TGO,1999,4665757,5739978782,1.85,0.397,1.24,,1.235,,0.616,0.007,10.862,4.078
Togo,TGO,2000,4783721,5742626906,1.331,0.278,0.982,,1.011,,0.32,0.005,10.088,3.598
Togo,TGO,2001,4904135,5728350754,1.159,0.236,0.757,,0.762,,0.397,0.005,8.931,3.494
Togo,TGO,2002,5027128,5709447507,1.322,0.263,0.995,,0.832,,0.491,0.005,8.839,3.698
Togo,TGO,2003,5154113,6045966479,1.805,0.35,1.111,,1.063,,0.742,0.007,8.423,4.243
Togo,TGO,2004,5281320,6257433355,1.744,0.33,1.027,,0.997,,0.747,0.006,9.082,4.226
Togo,TGO,2005,5413151,6399681696,1.722,0.318,1.119,,0.938,,0.784,0.006,11.738,4.329
Togo,TGO,2006,5569659,6714729819,1.501,0.269,3.742,,0.821,,0.68,0.005,9.828,4.124
Togo,TGO,2007,5748437,6923652593,1.517,0.264,1.28,,0.912,,0.604,0.005,10.051,4.185
Togo,TGO,2008,5936140,7155226201,1.523,0.257,1.231,,1.052,,0.471,0.005,9.868,4.281
Togo,TGO,2009,6130944,7467517725,2.536,0.414,1.867,,1.99,,0.546,0.008,9.901,5.509
Togo,TGO,2010,6325791,7846071439,2.596,0.41,1.832,,2.045,,0.551,0.008,10.248,5.638
Togo,TGO,2011,6500577,8309244000,2.504,0.385,1.742,,1.865,0.015,0.624,0.007,15.002,5.668
Togo,TGO,2012,6653719,8791743000,2.216,0.333,1.841,,1.576,0.033,0.607,0.006,11.368,5.424
Togo,TGO,2013,6798851,9242968000,1.635,0.241,1.192,,1.129,0.033,0.474,0.005,9.602,4.926
Togo,TGO,2014,6937647,9806234000,1.491,0.215,1.318,,1.055,0.0,0.435,0.004,8.365,4.847
Togo,TGO,2015,7071500,10346240000,1.798,0.254,1.79,,0.936,0.048,0.814,0.005,8.849,5.276
Togo,TGO,2016,7200883,10960546310,2.293,0.318,2.274,,1.466,0.007,0.82,0.006,9.372,5.846
Togo,TGO,2017,7324379,11420230383,1.912,0.261,1.784,,1.075,0.073,0.764,0.005,9.931,5.516
Togo,TGO,2018,7458205,11989462252,2.034,0.273,7.879,,1.359,0.055,0.62,0.006,9.893,5.821
Togo,TGO,2019,7619916,12579682405,2.364,0.31,7.992,,1.319,0.125,0.92,0.006,9.856,6.274
Togo,TGO,2020,7788058,12720130961,2.751,0.353,7.54,,1.748,0.139,0.864,0.008,10.837,6.906
Togo,TGO,2021,7936185,13482266787,2.62,0.33,8.357,,1.414,0.286,0.92,0.007,10.842,6.867
Togo,TGO,2022,8068616,14265660408,2.739,0.339,8.885,,1.46,0.33,0.948,0.007,11.653,7.091
Togo,TGO,2023,8223853,,2.671,0.325,8.647,,1.397,0.327,0.948,0.007,11.976,7.026
Togo,TGO,2024,8406554,,2.754,0.328,,,1.451,0.355,0.948,0.007,12.76,7.284
Tonga,TON,1990,99717,,0.081,0.808,,,0.081,,0.0,0.0,0.175,0.116
Tonga,TON,1991,99911,,0.088,0.88,,,0.088,,0.0,0.0,0.183,0.123
Tonga,TON,1992,100045,,0.073,0.732,,,0.073,,0.0,0.0,0.172,0.109
Tonga,TON,1993,100120,,0.084,0.842,,,0.084,,0.0,0.0,0.185,0.12
Tonga,TON,1994,100187,,0.088,0.878,,,0.088,,0.0,0.0,0.213,0.126
Tonga,TON,1995,100240,,0.095,0.95,,,0.095,,0.0,0.0,0.209,0.132
Tonga,TON,1996,100294,,0.077,0.767,,,0.077,,0.0,0.0,0.15,0.115
Tonga,TON,1997,100691,,0.095,0.946,,,0.095,,0.0,0.0,0.178,0.133
Tonga,TON,1998,101406,,0.092,0.903,,,0.092,,0.0,0.0,0.177,0.13
Tonga,TON,1999,102058,,0.11,1.077,,,0.11,,0.0,0.0,0.184,0.149
Tonga,TON,2000,102695,,0.099,0.963,,,0.099,,0.0,0.0,0.176,0.136
Tonga,TON,2001,103305,,0.092,0.887,,,0.092,,0.0,0.0,0.17,0.129
Tonga,TON,2002,103888,,0.095,0.917,,,0.095,,0.0,0.0,0.175,0.133
Tonga,TON,2003,104481,,0.117,1.122,,,0.117,,0.0,0.0,0.199,0.156
Tonga,TON,2004,105088,,0.114,1.081,,,0.114,,0.0,0.0,0.198,0.152
Tonga,TON,2005,105684,,0.114,1.075,,,0.114,,0.0,0.0,0.23,0.152
Tonga,TON,2006,106266,,0.128,1.207,,,0.128,,0.0,0.0,0.251,0.167
Tonga,TON,2007,106744,,0.114,1.064,,,0.114,,0.0,0.0,0.231,0.153
Tonga,TON,2008,107036,,0.106,0.993,,,0.106,,0.0,0.0,0.249,0.146
Tonga,TON,2009,107219,,0.121,1.128,,,0.121,,0.0,0.0,0.258,0.161
Tonga,TON,2010,107415,,0.117,1.092,,,0.117,,0.0,0.0,0.25,0.157
Tonga,TON,2011,107584,,0.106,0.988,,,0.106,,0.0,0.0,0.263,0.146
Tonga,TON,2012,107476,,0.106,0.989,,,0.106,,0.0,0.0,0.259,0.147
Tonga,TON,2013,107093,,0.11,1.026,,,0.11,,0.0,0.0,0.286,0.15
Tonga,TON,2014,106627,,0.106,0.997,,,0.106,,0.0,0.0,0.291,0.147
Tonga,TON,2015,106110,,0.106,1.001,,,0.106,,0.0,0.0,0.284,0.147
Tonga,TON,2016,105536,,0.139,1.319,,,0.139,,0.0,0.0,0.312,0.181
Tonga,TON,2017,105373,,0.143,1.356,,,0.143,,0.0,0.0,0.311,0.186
Tonga,TON,2018,105590,,0.132,1.249,,,0.132,,0.0,0.0,0.29,0.174
Tonga,TON,2019,105688,,0.161,1.525,,,0.161,,0.0,0.0,0.313,0.205
Tonga,TON,2020,105721,,0.139,1.317,,,0.139,,0.0,0.0,0.286,0.183
Tonga,TON,2021,105504,,0.139,1.32,,,0.139,,0.0,0.0,0.281,0.184
Tonga,TON,2022,105053,,0.147,1.395,,,0.147,,0.0,0.0,0.283,0.192
Tonga,TON,2023,104613,,0.146,1.394,,,0.146,,0.0,0.0,0.275,0.191
Tonga,TON,2024,104192,,0.153,1.464,,,0.153,,0.0,0.0,0.275,0.199
Trinidad and Tobago,TTO,1990,1252215,17710560000,16.978,13.559,10.532,,3.554,10.75,0.186,0.075,21.75,21.035
Trinidad and Tobago,TTO,1991,1262174,17744930735,16.964,13.441,11.231,,3.196,10.848,0.205,0.073,21.141,20.992
Trinidad and Tobago,TTO,1992,1271681,18033685367,19.098,15.018,12.792,,4.855,11.109,0.203,0.085,23.027,23.051
Trinidad and Tobago,TTO,1993,1280474,17565341385,17.405,13.593,11.639,,3.609,11.018,0.221,0.077,21.476,21.505
Trinidad and Tobago,TTO,1994,1288353,17136543834,15.342,11.908,9.868,,2.909,11.697,0.243,0.067,19.665,19.832
Trinidad and Tobago,TTO,1995,1295167,18276117548,14.725,11.369,8.762,,2.755,11.516,0.232,0.063,19.044,19.125
Trinidad and Tobago,TTO,1996,1300937,19382659994,18.449,14.181,11.353,,4.551,13.198,0.255,0.076,22.659,22.84
Trinidad and Tobago,TTO,1997,1305838,20630081772,18.9,14.473,11.842,,4.514,13.81,0.268,0.078,22.882,23.168
Trinidad and Tobago,TTO,1998,1310226,22081300091,19.892,15.182,13.102,,3.232,16.224,0.282,0.082,24.735,24.867
Trinidad and Tobago,TTO,1999,1314711,23618240997,22.58,17.175,11.466,,3.902,18.269,0.28,0.091,27.49,27.601
Trinidad and Tobago,TTO,2000,1319781,24996996038,24.35,18.45,10.066,,4.272,19.602,0.3,0.095,29.189,29.484
Trinidad and Tobago,TTO,2001,1325573,25814786793,26.74,20.172,12.08,,3.727,22.548,0.278,0.104,31.674,32.051
Trinidad and Tobago,TTO,2002,1332017,27665233734,28.683,21.533,14.878,,3.613,24.666,0.293,0.109,34.024,34.217
Trinidad and Tobago,TTO,2003,1338718,31435997895,32.37,24.18,17.627,,4.477,27.454,0.298,0.117,37.918,38.28
Trinidad and Tobago,TTO,2004,1345386,33689560531,32.688,24.297,17.21,,2.568,29.69,0.295,0.114,38.591,38.914
Trinidad and Tobago,TTO,2005,1352040,35495977662,38.205,28.257,16.174,,4.019,33.643,0.26,0.129,44.986,45.265
Trinidad and Tobago,TTO,2006,1358706,39852731106,42.708,31.433,14.53,,4.001,38.054,0.34,0.14,50.16,50.413
Trinidad and Tobago,TTO,2007,1365381,41413662308,45.564,33.371,20.353,,4.965,39.908,0.343,0.145,52.962,53.207
Trinidad and Tobago,TTO,2008,1372090,42494149374,44.443,32.39,19.747,,5.016,38.699,0.358,0.139,51.624,51.838
Trinidad and Tobago,TTO,2009,1379056,40299152132,44.417,32.209,25.595,,4.788,39.085,0.323,0.141,51.689,51.89
Trinidad and Tobago,TTO,2010,1386657,41285434067,47.092,33.961,25.439,,4.639,42.008,0.292,0.141,54.562,54.692
Trinidad and Tobago,TTO,2011,1394990,40819362692,47.043,33.723,19.51,,4.906,41.448,0.303,0.136,54.535,54.637
Trinidad and Tobago,TTO,2012,1403814,42669299120,46.159,32.881,21.572,,4.723,40.579,0.237,0.132,53.252,53.336
Trinidad and Tobago,TTO,2013,1412658,44309506041,45.799,32.421,14.373,,3.855,41.07,0.287,0.13,52.575,52.6
Trinidad and Tobago,TTO,2014,1421135,45781910542,46.866,32.978,19.37,,4.76,41.301,0.299,0.132,53.836,53.801
Trinidad and Tobago,TTO,2015,1429190,45435797433,45.534,31.86,23.144,,5.133,39.663,0.3,0.129,52.643,52.529
Trinidad and Tobago,TTO,2016,1437031,42362516644,39.867,27.743,28.399,,4.056,35.201,0.257,0.113,46.505,46.36
Trinidad and Tobago,TTO,2017,1445265,40368511597,40.297,27.882,24.796,,5.108,34.58,0.239,0.112,47.079,46.921
Trinidad and Tobago,TTO,2018,1470522,40016907555,40.307,27.41,22.914,,3.931,35.775,0.237,0.11,47.103,46.942
Trinidad and Tobago,TTO,2019,1484898,40060922958,40.755,27.446,25.753,,3.748,36.416,0.242,0.11,47.557,47.424
Trinidad and Tobago,TTO,2020,1481026,36985045051,35.043,23.661,25.709,,3.44,31.001,0.225,0.1,41.679,41.52
Trinidad and Tobago,TTO,2021,1487715,36605213818,36.389,24.46,20.715,,3.144,32.709,0.258,0.099,42.929,42.745
Trinidad and Tobago,TTO,2022,1495923,37513383973,37.493,25.063,16.834,,4.163,32.779,0.252,0.1,44.066,43.871
Trinidad and Tobago,TTO,2023,1502938,,35.536,23.644,22.352,,4.247,30.765,0.252,0.093,42.063,41.885
Trinidad and Tobago,TTO,2024,1507778,,34.576,22.932,,,4.333,29.813,0.252,0.09,40.983,40.801
Tunisia,TUN,1990,8324509,43649701957,14.622,1.757,12.897,0.264,9.023,2.5,2.762,0.064,23.794,19.835
Tunisia,TUN,1991,8501826,45587109207,16.755,1.971,13.693,0.271,11.714,1.876,2.81,0.072,26.434,22.353
Tunisia,TUN,1992,8682509,49384845105,15.843,1.825,16.483,0.278,10.149,2.583,2.745,0.07,26.478,21.622
Tunisia,TUN,1993,8857916,50757975923,17.18,1.939,15.558,0.289,11.385,2.487,2.963,0.076,26.416,22.703
Tunisia,TUN,1994,9018447,52754322601,16.761,1.858,13.731,0.264,9.639,3.427,3.006,0.073,27.546,22.163
Tunisia,TUN,1995,9161263,54252486853,16.623,1.815,13.74,0.238,9.321,3.752,2.908,0.071,27.295,22.199
Tunisia,TUN,1996,9294433,58083472037,17.211,1.852,12.544,0.238,9.639,3.991,2.96,0.071,27.856,22.881
Tunisia,TUN,1997,9421273,61515605479,17.81,1.89,12.405,0.26,9.999,4.298,2.89,0.073,29.082,23.529
Tunisia,TUN,1998,9541669,64700491559,18.292,1.917,12.701,0.209,9.983,4.808,2.889,0.075,30.271,24.327
Tunisia,TUN,1999,9655966,68718201843,18.709,1.938,13.981,0.297,10.303,5.027,2.602,0.075,29.608,25.19
Tunisia,TUN,2000,9764940,71818861344,19.436,1.99,13.825,0.279,10.562,5.336,2.837,0.076,29.797,25.839
Tunisia,TUN,2001,9869679,75444595962,20.261,2.053,13.943,0.256,10.849,5.914,2.825,0.079,31.054,26.73
Tunisia,TUN,2002,9971521,76877531228,20.38,2.044,14.425,0.216,10.981,5.914,2.857,0.078,31.774,26.814
Tunisia,TUN,2003,10071638,81240064067,21.042,2.089,15.635,0.062,11.267,6.243,3.07,0.076,32.233,27.495
Tunisia,TUN,2004,10166170,86232298416,22.144,2.178,15.797,,11.659,6.515,3.554,0.077,33.253,28.812
Tunisia,TUN,2005,10255474,89804282207,22.516,2.196,15.449,,11.831,6.709,3.496,0.076,34.967,29.538
Tunisia,TUN,2006,10346408,95016289901,22.915,2.215,16.215,,11.836,6.895,3.608,0.075,36.316,30.418
Tunisia,TUN,2007,10441705,101101822575,24.725,2.368,16.718,,12.225,8.051,3.864,0.078,39.009,32.233
Tunisia,TUN,2008,10542637,105766317552,25.453,2.414,16.82,,11.97,8.764,3.921,0.079,40.311,33.899
Tunisia,TUN,2009,10650682,109299724050,25.353,2.38,18.796,,11.554,9.121,3.917,0.08,44.989,33.705
Tunisia,TUN,2010,10765984,112484995734,27.9,2.591,20.268,0.055,11.498,11.637,4.053,0.084,44.127,35.835
Tunisia,TUN,2011,10886041,110760053250,26.429,2.428,19.016,0.04,10.768,11.267,3.414,0.077,40.051,33.983
Tunisia,TUN,2012,11009649,115430801370,28.194,2.561,20.8,0.0,10.823,12.157,3.992,0.081,42.269,35.794
Tunisia,TUN,2013,11141365,118235775346,28.773,2.583,20.989,,11.386,12.123,4.156,0.082,40.303,36.245
Tunisia,TUN,2014,11274295,121889250523,29.875,2.65,22.443,,11.852,12.057,4.84,0.084,41.288,37.179
Tunisia,TUN,2015,11402270,123069138453,31.381,2.752,23.849,,14.004,11.571,4.896,0.089,43.274,38.55
Tunisia,TUN,2016,11528676,124443824545,30.971,2.686,24.252,,13.679,11.935,4.683,0.088,44.682,38.089
Tunisia,TUN,2017,11650504,127228891219,31.677,2.719,24.28,,14.314,12.438,4.397,0.088,43.707,38.587
Tunisia,TUN,2018,11765515,130568635947,31.122,2.645,30.953,,13.74,12.582,4.25,0.085,42.866,38.04
Tunisia,TUN,2019,11875084,132642060864,30.579,2.575,30.061,,13.066,12.644,4.405,0.082,42.03,37.417
Tunisia,TUN,2020,11974058,120945694784,28.845,2.409,28.932,,12.463,12.057,3.886,0.082,40.05,35.592
Tunisia,TUN,2021,12048625,126273349199,31.527,2.617,31.527,,13.506,12.927,4.583,0.086,43.324,38.725
Tunisia,TUN,2022,12119338,129457959410,30.785,2.54,30.057,,13.408,12.642,4.21,0.082,42.202,37.828
Tunisia,TUN,2023,12200434,,31.738,2.601,30.179,,14.462,12.717,4.21,0.083,42.939,38.816
Tunisia,TUN,2024,12277103,,32.664,2.661,,,15.185,12.948,4.21,0.085,43.539,39.877
Turkey,TUR,1990,56015627,486761175773,154.572,2.759,209.635,70.393,61.206,8.902,10.845,0.68,233.442,173.975
Turkey,TUR,1991,57009892,498030901697,161.126,2.826,210.76,75.122,59.922,10.391,12.482,0.694,231.524,180.959
Turkey,TUR,1992,57990121,535075772045,167.234,2.884,243.553,75.2,64.451,11.234,13.775,0.743,239.7,188.823
Turkey,TUR,1993,58999164,586262069548,174.291,2.954,227.622,70.693,74.234,12.483,13.549,0.766,256.232,195.719
Turkey,TUR,1994,60033832,562010879560,170.592,2.842,207.464,68.715,71.561,12.768,14.011,0.743,240.383,190.87
Turkey,TUR,1995,61024501,610881311777,184.675,3.026,222.237,71.239,79.154,15.957,14.675,0.785,253.127,209.304
Turkey,TUR,1996,61951134,662700429389,203.098,3.278,214.589,82.834,83.31,18.352,15.225,0.838,274.507,232.225
Turkey,TUR,1997,62852968,722433616413,215.512,3.429,226.141,90.689,83.012,22.32,15.684,0.884,302.625,248.819
Turkey,TUR,1998,63734385,754598720693,215.586,3.383,228.375,94.199,78.611,23.216,15.879,0.887,304.182,252.373
Turkey,TUR,1999,64591916,725083487631,211.238,3.27,231.128,84.441,79.991,28.197,15.15,0.85,292.581,251.347
Turkey,TUR,2000,65425957,785054993224,232.934,3.56,253.992,98.746,83.478,31.52,15.767,0.913,320.576,276.788
Turkey,TUR,2001,66245125,732284634333,216.872,3.274,204.202,84.738,79.198,34.08,15.666,0.844,309.57,261.789
Turkey,TUR,2002,67048792,796073298321,224.32,3.346,224.342,87.46,81.248,36.118,16.109,0.854,298.528,264.758
Turkey,TUR,2003,67831735,848549642280,239.849,3.536,248.956,92.222,82.782,44.58,16.637,0.867,340.492,281.357
Turkey,TUR,2004,68592621,931152861082,247.843,3.613,282.541,93.6,86.729,45.741,17.868,0.866,332.467,286.265
Turkey,TUR,2005,69329557,1017383777200,267.711,3.861,309.416,102.317,85.264,55.996,19.851,0.904,338.159,307.03
Turkey,TUR,2006,70045351,1096826103018,285.429,4.075,337.929,111.846,84.056,63.272,21.64,0.933,359.684,331.079
Turkey,TUR,2007,70750593,1158406990670,316.497,4.473,373.1,126.307,88.686,72.95,23.654,1.005,387.689,365.492
Turkey,TUR,2008,71562343,1179868355277,312.628,4.369,359.728,123.11,87.255,72.056,25.804,0.975,382.37,361.339
Turkey,TUR,2009,72464846,1122756788420,318.568,4.396,335.772,130.557,84.008,72.087,28.078,1.011,400.912,371.265
Turkey,TUR,2010,73346766,1240496805446,318.71,4.345,366.102,129.887,81.342,72.076,31.128,0.957,397.616,377.17
Turkey,TUR,2011,74215203,1364782716000,344.215,4.638,400.533,135.545,84.966,86.095,32.661,0.998,434.297,404.439
Turkey,TUR,2012,75197196,1430132002360,358.645,4.769,407.462,141.931,90.715,87.321,32.576,1.026,454.121,422.245
Turkey,TUR,2013,76403032,1551491738617,350.634,4.589,404.495,125.758,95.672,87.21,35.215,0.994,458.164,416.137
Turkey,TUR,2014,78036154,1628131977724,367.272,4.706,414.091,130.662,100.357,93.898,35.823,1.036,475.808,436.138
Turkey,TUR,2015,80014222,1727192876718,387.704,4.845,432.124,139.511,109.354,97.265,35.554,1.095,504.964,458.221
Turkey,TUR,2016,81652087,1784590365590,405.552,4.967,437.727,152.353,116.646,91.833,38.268,1.146,526.832,479.642
Turkey,TUR,2017,83083667,1918472081554,430.622,5.183,461.481,158.754,119.63,104.5,40.574,1.197,556.874,508.322
Turkey,TUR,2018,84415966,1975637604336,423.818,5.021,448.303,163.517,116.761,95.751,40.815,1.154,536.63,505.791
Turkey,TUR,2019,85357670,1991116616493,406.568,4.763,418.83,166.01,115.728,84.189,34.256,1.096,534.576,490.295
Turkey,TUR,2020,86091691,2029749392174,416.328,4.836,421.198,159.424,115.652,92.305,42.497,1.184,568.584,502.677
Turkey,TUR,2021,86686254,2260196231771,457.377,5.276,447.997,166.276,122.541,115.661,46.306,1.241,630.849,547.343
Turkey,TUR,2022,87058469,2385996374127,443.603,5.095,442.38,166.445,128.859,100.05,42.022,1.182,611.291,535.83
Turkey,TUR,2023,87270502,,486.945,5.58,483.031,194.937,133.637,110.09,42.511,1.278,656.268,580.617
Turkey,TUR,2024,87473800,,513.035,5.865,,209.284,136.297,119.504,42.181,1.329,680.012,609.954
Turkmenistan,TKM,1990,3760561,21201768000,33.361,8.871,,1.416,14.324,16.75,0.608,0.147,58.74,43.695
Turkmenistan,TKM,1991,3855902,20437989542,30.439,7.894,,1.207,12.003,16.413,0.572,0.131,56.63,42.156
Turkmenistan,TKM,1992,3944689,17569987922,31.994,8.111,,1.59,17.34,12.617,0.447,0.142,54.73,41.219
Turkmenistan,TKM,1993,4032415,18037537140,27.516,6.824,,0.359,8.789,17.922,0.447,0.121,51.48,36.686
Turkmenistan,TKM,1994,4116662,15091315379,34.216,8.312,,0.0,8.813,24.346,0.284,0.149,56.645,41.282
Turkmenistan,TKM,1995,4191207,14166397093,34.569,8.248,,0.0,8.111,25.645,0.177,0.147,57.098,40.97
Turkmenistan,TKM,1996,4263818,13366623522,31.654,7.424,,0.264,9.42,20.738,0.183,0.131,55.888,39.617
Turkmenistan,TKM,1997,4336732,11995995999,31.196,7.193,,0.0,9.209,21.166,0.182,0.128,52.812,36.551
Turkmenistan,TKM,1998,4410511,12945785203,33.446,7.583,,0.0,11.809,20.035,0.182,0.138,57.62,41.779
Turkmenistan,TKM,1999,4492174,15251899688,39.797,8.859,,0.0,12.906,24.518,0.182,0.16,68.247,51.783
Turkmenistan,TKM,2000,4582675,18299208667,39.361,8.589,,0.0,12.337,24.948,0.181,0.154,67.507,52.098
Turkmenistan,TKM,2001,4675416,22282743473,34.034,7.279,,0.0,11.611,20.372,0.181,0.132,63.402,46.66
Turkmenistan,TKM,2002,4769473,26092440396,30.131,6.317,,0.0,13.124,14.52,0.18,0.115,64.043,44.833
Turkmenistan,TKM,2003,4863871,30907677346,40.568,8.341,,0.0,14.836,22.552,0.179,0.147,77.09,58.389
Turkmenistan,TKM,2004,4958091,35857575608,49.355,9.954,,0.0,15.345,30.884,0.218,0.173,90.372,67.14
Turkmenistan,TKM,2005,5052260,41000508021,47.929,9.487,,0.0,15.359,29.821,0.256,0.162,85.264,64.387
Turkmenistan,TKM,2006,5147103,46019998793,49.5,9.617,,0.0,14.997,31.518,0.359,0.162,84.714,66.921
Turkmenistan,TKM,2007,5244047,51693703669,49.183,9.379,,0.0,15.679,30.718,0.362,0.156,82.762,66.08
Turkmenistan,TKM,2008,5345033,60001295021,59.438,11.12,,0.0,16.202,40.073,0.392,0.185,93.791,77.795
Turkmenistan,TKM,2009,5451597,64409212896,52.462,9.623,,0.0,15.253,34.497,0.42,0.166,82.154,67.034
Turkmenistan,TKM,2010,5564356,71115148352,59.184,10.636,,0.0,16.986,39.685,0.439,0.178,88.306,73.62
Turkmenistan,TKM,2011,5683413,82520290491,65.155,11.464,,0.0,17.752,43.327,0.738,0.189,96.548,81.829
Turkmenistan,TKM,2012,5808548,87581261691,66.939,11.524,,0.0,18.576,42.865,0.894,0.192,101.094,84.702
Turkmenistan,TKM,2013,5939348,87286119372,64.34,10.833,,0.0,19.093,40.0,1.013,0.182,98.09,83.463
Turkmenistan,TKM,2014,6075286,90639646545,62.799,10.337,,0.0,19.98,37.97,1.107,0.177,97.82,82.305
Turkmenistan,TKM,2015,6215773,93346148579,63.092,10.15,,0.0,18.881,39.487,1.259,0.178,100.971,83.185
Turkmenistan,TKM,2016,6360041,92434154525,62.091,9.763,,0.0,17.971,39.485,1.336,0.175,97.377,81.074
Turkmenistan,TKM,2017,6507065,96785037864,62.957,9.675,,0.0,18.965,39.487,1.374,0.175,96.826,81.343
Turkmenistan,TKM,2018,6655523,97638670425,61.302,9.211,,0.0,17.983,39.487,1.03,0.167,102.929,79.434
Turkmenistan,TKM,2019,6803943,94329707021,62.254,9.15,,0.0,17.668,41.143,0.916,0.168,106.263,80.387
Turkmenistan,TKM,2020,6949915,91559235694,62.905,9.051,,0.0,16.232,42.814,0.725,0.179,101.056,80.679
Turkmenistan,TKM,2021,7092042,95789282239,91.694,12.929,,0.0,16.462,72.269,0.763,0.249,128.081,109.386
Turkmenistan,TKM,2022,7230197,97502944727,102.063,14.116,,0.0,17.177,82.073,0.801,0.272,139.304,119.877
Turkmenistan,TKM,2023,7364437,,95.421,12.957,,0.0,15.232,77.176,0.801,0.25,132.696,112.815
Turkmenistan,TKM,2024,7494494,,81.006,10.809,,0.0,15.31,62.365,0.801,0.21,118.345,98.336
Turks and Caicos Islands,TCA,1990,11708,,0.059,5.007,,,0.059,,0.0,0.0,0.063,0.063
Turks and Caicos Islands,TCA,1991,12328,,0.062,5.053,,,0.062,,0.0,0.0,0.067,0.067
Turks and Caicos Islands,TCA,1992,12992,,0.062,4.794,,,0.062,,0.0,0.0,0.067,0.067
Turks and Caicos Islands,TCA,1993,13670,,0.066,4.825,,,0.066,,0.0,0.0,0.072,0.072
Turks and Caicos Islands,TCA,1994,14368,,0.07,4.845,,,0.07,,0.0,0.0,0.076,0.076
Turks and Caicos Islands,TCA,1995,15074,,0.073,4.861,,,0.073,,0.0,0.0,0.08,0.08
Turks and Caicos Islands,TCA,1996,15786,,0.073,4.642,,,0.073,,0.0,0.0,0.08,0.08
Turks and Caicos Islands,TCA,1997,16505,,0.084,5.106,,,0.084,,0.0,0.0,0.091,0.091
Turks and Caicos Islands,TCA,1998,17236,,0.088,5.102,,,0.088,,0.0,0.0,0.095,0.095
Turks and Caicos Islands,TCA,1999,17981,,0.099,5.502,,,0.099,,0.0,0.0,0.106,0.106
Turks and Caicos Islands,TCA,2000,18754,,0.106,5.666,,,0.106,,0.0,0.0,0.115,0.115
Turks and Caicos Islands,TCA,2001,19603,,0.114,5.794,,,0.114,,0.0,0.0,0.123,0.123
Turks and Caicos Islands,TCA,2002,20619,,0.15,7.286,,,0.15,,0.0,0.001,0.16,0.16
Turks and Caicos Islands,TCA,2003,21749,,0.154,7.076,,,0.154,,0.0,0.001,0.159,0.159
Turks and Caicos Islands,TCA,2004,22881,,0.161,7.046,,,0.161,,0.0,0.001,0.17,0.17
Turks and Caicos Islands,TCA,2005,24011,,0.187,7.782,,,0.187,,0.0,0.001,0.196,0.196
Turks and Caicos Islands,TCA,2006,25146,,0.216,8.597,,,0.216,,0.0,0.001,0.226,0.226
Turks and Caicos Islands,TCA,2007,26290,,0.253,9.616,,,0.253,,0.0,0.001,0.263,0.263
Turks and Caicos Islands,TCA,2008,27452,,0.264,9.61,,,0.264,,0.0,0.001,0.275,0.275
Turks and Caicos Islands,TCA,2009,28610,,0.275,9.605,,,0.275,,0.0,0.001,0.287,0.286
Turks and Caicos Islands,TCA,2010,29763,,0.282,9.479,,,0.282,,0.0,0.001,0.293,0.293
Turks and Caicos Islands,TCA,2011,30870,,0.282,9.139,,,0.282,,0.0,0.001,0.294,0.294
Turks and Caicos Islands,TCA,2012,32152,,0.282,8.775,,,0.282,,0.0,0.001,0.294,0.294
Turks and Caicos Islands,TCA,2013,33675,,0.286,8.487,,,0.286,,0.0,0.001,0.298,0.298
Turks and Caicos Islands,TCA,2014,35077,,0.308,8.774,,,0.308,,0.0,0.001,0.319,0.319
Turks and Caicos Islands,TCA,2015,36632,,0.315,8.602,,,0.315,,0.0,0.001,0.327,0.327
Turks and Caicos Islands,TCA,2016,38342,,0.326,8.505,,,0.326,,0.0,0.001,0.337,0.337
Turks and Caicos Islands,TCA,2017,39931,,0.352,8.809,,,0.352,,0.0,0.001,0.362,0.362
Turks and Caicos Islands,TCA,2018,41580,,0.359,8.636,,,0.359,,0.0,0.001,0.369,0.369
Turks and Caicos Islands,TCA,2019,43191,,0.363,8.398,,,0.363,,0.0,0.001,0.372,0.372
Turks and Caicos Islands,TCA,2020,44405,,0.359,8.086,,,0.359,,0.0,0.001,0.368,0.368
Turks and Caicos Islands,TCA,2021,45262,,0.366,8.095,,,0.366,,0.0,0.001,0.375,0.375
Turks and Caicos Islands,TCA,2022,45869,,0.366,7.97,,,0.366,,0.0,0.001,0.373,0.373
Turks and Caicos Islands,TCA,2023,46221,,0.365,7.893,,,0.365,,0.0,0.001,0.372,0.372
Turks and Caicos Islands,TCA,2024,46563,,0.379,8.136,,,0.379,,0.0,0.001,0.386,0.386
Tuvalu,TUV,1990,8821,,0.004,0.415,,,0.004,,0.0,0.0,0.01,0.005
Tuvalu,TUV,1991,8953,,0.004,0.409,,,0.004,,0.0,0.0,0.011,0.005
Tuvalu,TUV,1992,9060,,0.004,0.404,,,0.004,,0.0,0.0,0.011,0.005
Tuvalu,TUV,1993,9146,,0.007,0.801,,,0.007,,0.0,0.0,0.015,0.008
Tuvalu,TUV,1994,9231,,0.004,0.397,,,0.004,,0.0,0.0,0.011,0.005
Tuvalu,TUV,1995,9299,,0.004,0.394,,,0.004,,0.0,0.0,0.011,0.005
Tuvalu,TUV,1996,9363,,0.004,0.391,,,0.004,,0.0,0.0,0.011,0.005
Tuvalu,TUV,1997,9425,,0.007,0.778,,,0.007,,0.0,0.0,0.015,0.008
Tuvalu,TUV,1998,9469,,0.007,0.774,,,0.007,,0.0,0.0,0.015,0.008
Tuvalu,TUV,1999,9518,,0.007,0.77,,,0.007,,0.0,0.0,0.015,0.008
Tuvalu,TUV,2000,9566,,0.007,0.766,,,0.007,,0.0,0.0,0.015,0.008
Tuvalu,TUV,2001,9608,,0.007,0.763,,,0.007,,0.0,0.0,0.015,0.008
Tuvalu,TUV,2002,9645,,0.011,1.14,,,0.011,,0.0,0.0,0.019,0.012
Tuvalu,TUV,2003,9715,,0.011,1.131,,,0.011,,0.0,0.0,0.019,0.012
Tuvalu,TUV,2004,9839,,0.011,1.117,,,0.011,,0.0,0.0,0.019,0.012
Tuvalu,TUV,2005,9964,,0.011,1.103,,,0.011,,0.0,0.0,0.019,0.012
Tuvalu,TUV,2006,10078,,0.011,1.091,,,0.011,,0.0,0.0,0.019,0.012
Tuvalu,TUV,2007,10204,,0.011,1.077,,,0.011,,0.0,0.0,0.019,0.012
Tuvalu,TUV,2008,10344,,0.007,0.708,,,0.007,,0.0,0.0,0.015,0.008
Tuvalu,TUV,2009,10479,,0.011,1.049,,,0.011,,0.0,0.0,0.019,0.012
Tuvalu,TUV,2010,10635,,0.011,1.034,,,0.011,,0.0,0.0,0.019,0.012
Tuvalu,TUV,2011,10804,,0.011,1.017,,,0.011,,0.0,0.0,0.019,0.012
Tuvalu,TUV,2012,10960,,0.011,1.003,,,0.011,,0.0,0.0,0.019,0.012
Tuvalu,TUV,2013,11028,,0.007,0.664,,,0.007,,0.0,0.0,0.015,0.008
Tuvalu,TUV,2014,11007,,0.007,0.666,,,0.007,,0.0,0.0,0.015,0.008
Tuvalu,TUV,2015,10985,,0.007,0.667,,,0.007,,0.0,0.0,0.015,0.008
Tuvalu,TUV,2016,10951,,0.007,0.669,,,0.007,,0.0,0.0,0.015,0.008
Tuvalu,TUV,2017,10892,,0.007,0.673,,,0.007,,0.0,0.0,0.015,0.008
Tuvalu,TUV,2018,10775,,0.011,1.02,,,0.011,,0.0,0.0,0.019,0.012
Tuvalu,TUV,2019,10603,,0.011,1.037,,,0.011,,0.0,0.0,0.019,0.012
Tuvalu,TUV,2020,10423,,0.011,1.055,,,0.011,,0.0,0.0,0.019,0.012
Tuvalu,TUV,2021,10214,,0.011,1.076,,,0.011,,0.0,0.0,0.019,0.012
Tuvalu,TUV,2022,10012,,0.011,1.098,,,0.011,,0.0,0.0,0.019,0.012
Tuvalu,TUV,2023,9837,,0.011,1.112,,,0.011,,0.0,0.0,0.019,0.012
Tuvalu,TUV,2024,9669,,0.011,1.183,,,0.011,,0.0,0.0,0.02,0.013
Uganda,UGA,1990,17569895,16268766281,0.761,0.043,1.313,,0.751,,0.01,0.003,37.831,6.25
Uganda,UGA,1991,18155901,16538921393,0.783,0.043,1.337,,0.766,,0.018,0.003,36.873,6.46
Uganda,UGA,1992,18785037,17483615008,0.801,0.043,1.396,,0.784,,0.017,0.004,35.187,6.678
Uganda,UGA,1993,19445161,18599694641,0.797,0.041,1.542,,0.78,,0.017,0.004,34.08,6.813
Uganda,UGA,1994,20108804,19993293080,0.712,0.035,1.469,,0.7,,0.012,0.003,34.047,6.896
Uganda,UGA,1995,20665673,21811147459,0.925,0.045,1.691,,0.898,,0.028,0.004,34.019,7.24
Uganda,UGA,1996,21231553,23216439568,1.018,0.048,1.695,,0.938,,0.08,0.004,33.759,7.523
Uganda,UGA,1997,21856044,24283122652,1.062,0.049,1.783,,0.971,,0.091,0.004,35.011,7.725
Uganda,UGA,1998,22515809,25735377689,1.209,0.054,2.011,,1.11,,0.099,0.005,34.482,8.007
Uganda,UGA,1999,23257279,27748054330,1.255,0.054,2.863,,1.15,,0.104,0.005,38.967,8.208
Uganda,UGA,2000,24000158,28839086120,1.361,0.057,2.75,,1.253,,0.108,0.005,38.395,8.473
Uganda,UGA,2001,24745678,31387264047,1.417,0.057,2.581,,1.293,,0.124,0.006,40.003,8.73
Uganda,UGA,2002,25532872,33626854165,1.443,0.056,2.964,,1.301,,0.142,0.005,41.001,8.985
Uganda,UGA,2003,26352124,35593796200,1.513,0.057,2.65,,1.374,,0.139,0.005,41.382,9.32
Uganda,UGA,2004,27154513,37411396915,1.607,0.059,2.874,,1.458,,0.149,0.006,37.128,9.625
Uganda,UGA,2005,27963287,40921116463,2.018,0.072,3.415,0.0,1.854,,0.164,0.007,38.932,10.294
Uganda,UGA,2006,28794005,43572248099,2.387,0.083,3.851,0.0,2.224,,0.163,0.008,40.632,10.841
Uganda,UGA,2007,29653437,46853864818,2.706,0.091,4.363,0.0,2.561,,0.145,0.009,45.812,11.453
Uganda,UGA,2008,30539547,51468911832,2.78,0.091,4.466,0.0,2.594,,0.186,0.009,51.876,11.833
Uganda,UGA,2009,31451147,55303695281,2.996,0.095,5.004,0.0,2.796,,0.201,0.01,54.148,12.52
Uganda,UGA,2010,32390801,59228535712,3.57,0.11,5.625,0.0,3.246,,0.323,0.011,56.442,13.566
Uganda,UGA,2011,33354541,62855840742,3.828,0.115,6.094,0.0,3.433,,0.395,0.011,55.012,14.32
Uganda,UGA,2012,34337436,64322268140,3.627,0.106,5.432,0.0,3.199,,0.428,0.01,54.502,14.627
Uganda,UGA,2013,35337050,66855286085,3.755,0.106,5.758,0.0,3.397,,0.358,0.011,53.884,15.354
Uganda,UGA,2014,36395542,70696115682,4.09,0.112,6.292,0.0,3.697,,0.393,0.012,52.884,16.227
Uganda,UGA,2015,37531444,76356053069,4.529,0.121,6.453,0.0,4.18,,0.349,0.013,54.688,17.291
Uganda,UGA,2016,38799153,76477462940,4.817,0.124,6.808,0.0,4.444,,0.373,0.014,56.388,18.316
Uganda,UGA,2017,40177384,81700865546,5.406,0.135,7.604,0.0,5.031,,0.376,0.015,57.183,19.33
Uganda,UGA,2018,41565839,86196050499,5.549,0.133,7.74,0.0,5.166,,0.382,0.015,57.753,20.147
Uganda,UGA,2019,42999636,92903828922,5.761,0.134,7.77,0.0,5.302,,0.459,0.016,60.248,22.002
Uganda,UGA,2020,44457148,91695146192,5.571,0.125,7.483,0.0,5.012,,0.559,0.016,60.906,22.771
Uganda,UGA,2021,45910931,97200521048,6.232,0.136,8.568,0.0,5.544,,0.689,0.017,63.01,24.808
Uganda,UGA,2022,47312718,101995416951,6.128,0.13,9.026,0.0,5.47,,0.658,0.016,62.92,25.093
Uganda,UGA,2023,48656606,,6.236,0.128,8.802,0.0,5.578,,0.658,0.016,62.371,25.335
Uganda,UGA,2024,50015091,,6.334,0.127,,0.0,5.676,,0.658,0.016,63.942,26.595
Ukraine,UKR,1990,52054096,495935180914,706.526,13.573,515.946,263.168,205.658,216.489,9.401,3.108,900.113,793.779
Ukraine,UKR,1991,52170967,460353469353,633.194,12.137,466.902,222.622,167.016,225.154,8.918,2.729,819.07,712.167
Ukraine,UKR,1992,52323675,421710473536,589.505,11.267,445.812,245.344,129.091,197.352,8.679,2.618,760.741,666.468
Ukraine,UKR,1993,52350122,367893677382,510.495,9.752,380.033,235.88,94.454,166.041,6.398,2.244,669.811,583.945
Ukraine,UKR,1994,52076000,288418666392,419.63,8.058,281.924,185.817,77.552,144.444,4.991,1.826,569.229,484.463
Ukraine,UKR,1995,51665535,257477945796,390.173,7.552,228.548,174.093,72.284,134.149,3.408,1.659,526.817,452.652
Ukraine,UKR,1996,51226111,235602711740,351.834,6.868,283.905,146.215,60.753,137.963,2.161,1.452,473.626,409.376
Ukraine,UKR,1997,50786881,232333254592,340.586,6.706,275.191,154.305,49.44,129.79,2.415,1.397,454.556,398.842
Ukraine,UKR,1998,50379728,231737294856,328.878,6.528,251.173,123.079,42.523,155.991,2.788,1.354,431.185,386.752
Ukraine,UKR,1999,49976445,235148309693,298.636,5.976,234.785,123.714,37.496,130.423,2.535,1.202,409.897,356.769
Ukraine,UKR,2000,49556654,253196030608,285.663,5.764,216.596,122.878,31.578,124.314,2.261,1.12,393.685,343.812
Ukraine,UKR,2001,49106854,281110336028,303.876,6.188,254.565,131.831,33.959,130.417,2.475,1.183,407.719,364.191
Ukraine,UKR,2002,48677280,301087057315,295.901,6.079,244.011,136.228,35.329,116.284,2.817,1.127,401.455,358.853
Ukraine,UKR,2003,48315133,335257370240,307.245,6.359,218.725,132.444,37.207,128.304,3.612,1.111,413.215,371.183
Ukraine,UKR,2004,47979502,381078098070,310.626,6.474,205.287,135.323,36.424,128.409,4.264,1.086,412.383,375.263
Ukraine,UKR,2005,47585558,399366244154,313.513,6.588,235.062,135.906,36.209,130.345,4.785,1.059,417.94,381.603
Ukraine,UKR,2006,47278691,436786761547,333.054,7.044,257.602,154.04,40.458,126.73,5.484,1.089,435.004,400.671
Ukraine,UKR,2007,47062802,480580682697,336.829,7.157,284.127,161.469,43.07,119.453,6.164,1.069,444.975,408.483
Ukraine,UKR,2008,46819168,499592169886,325.983,6.963,291.425,154.64,43.841,114.802,6.294,1.017,433.91,397.894
Ukraine,UKR,2009,46623731,431074416655,277.593,5.954,247.778,136.611,42.642,89.978,2.59,0.881,384.735,344.647
Ukraine,UKR,2010,46455997,439429783004,294.366,6.336,236.903,145.421,39.788,100.442,2.882,0.884,397.561,360.541
Ukraine,UKR,2011,46307854,471221167316,308.376,6.659,265.501,153.853,39.729,104.231,3.901,0.894,418.36,381.164
Ukraine,UKR,2012,46210051,472276721174,304.43,6.588,257.82,158.981,38.431,97.275,3.281,0.871,424.03,376.891
Ukraine,UKR,2013,46126760,472286166147,297.54,6.45,251.774,160.185,37.337,90.538,3.397,0.843,413.975,370.136
Ukraine,UKR,2014,45972379,441233307180,257.703,5.606,195.282,138.373,35.33,75.249,3.299,0.727,365.937,324.527
Ukraine,UKR,2015,45784904,398045419167,223.85,4.889,167.449,119.393,30.481,65.549,3.278,0.632,323.674,280.296
Ukraine,UKR,2016,45616831,407666198456,234.106,5.132,190.977,126.828,34.119,64.212,3.627,0.661,335.635,295.03
Ukraine,UKR,2017,45436037,417287091525,223.288,4.914,199.675,112.586,35.336,66.828,3.557,0.621,321.033,278.622
Ukraine,UKR,2018,45208903,431842093109,231.9,5.13,213.284,120.544,35.209,67.185,3.716,0.631,329.975,288.889
Ukraine,UKR,2019,44957451,445656664440,222.188,4.942,209.37,114.046,38.477,60.633,3.961,0.599,320.207,280.544
Ukraine,UKR,2020,44680008,428931213784,207.101,4.635,194.506,102.155,34.911,60.882,4.065,0.589,305.545,266.261
Ukraine,UKR,2021,44298642,443313281092,210.636,4.755,203.006,103.68,37.067,60.415,4.339,0.571,307.162,267.889
Ukraine,UKR,2022,41048768,309166674673,143.04,3.485,168.126,61.251,31.397,44.152,2.926,0.381,225.846,192.208
Ukraine,UKR,2023,37732833,,139.325,3.692,166.306,54.793,31.055,46.487,3.33,0.366,223.983,189.361
Ukraine,UKR,2024,37860221,,142.498,3.764,,54.556,31.476,49.476,3.33,0.369,222.882,190.094
United Arab Emirates,ARE,1990,1898220,40641367500,51.908,27.346,55.09,,17.624,30.701,1.565,0.228,73.752,73.295
United Arab Emirates,ARE,1991,2006630,,56.896,28.354,60.447,,17.437,36.798,1.661,0.245,79.165,78.639
United Arab Emirates,ARE,1992,2114738,,58.005,27.429,62.756,,20.575,34.004,1.811,0.258,81.971,81.391
United Arab Emirates,ARE,1993,2222098,55149661292,65.832,29.626,68.026,,27.489,35.597,1.899,0.289,93.029,92.413
United Arab Emirates,ARE,1994,2328191,64654417907,75.35,32.364,78.156,,28.563,41.266,2.365,0.328,100.736,100.072
United Arab Emirates,ARE,1995,2434667,75243844061,72.874,29.932,78.192,,22.066,44.875,2.789,0.31,98.648,97.927
United Arab Emirates,ARE,1996,2597570,87750952594,75.836,29.195,79.712,,15.392,54.238,2.817,0.313,103.022,102.237
United Arab Emirates,ARE,1997,2817410,104923199568,73.298,26.016,83.359,,14.942,53.157,2.456,0.301,98.628,97.8
United Arab Emirates,ARE,1998,3040432,115962052318,80.625,26.517,97.408,,19.119,55.905,3.293,0.332,104.889,103.741
United Arab Emirates,ARE,1999,3266011,131410914902,77.844,23.835,102.121,,15.309,56.982,3.282,0.313,101.686,100.555
United Arab Emirates,ARE,2000,3493583,160530689682,112.277,32.138,85.748,,46.617,60.331,2.822,0.44,138.192,137.089
United Arab Emirates,ARE,2001,3723596,177271829556,101.896,27.365,89.71,0.07,34.955,61.929,2.789,0.397,126.727,125.63
United Arab Emirates,ARE,2002,3956829,195394872658,85.213,21.536,88.595,0.359,10.31,69.525,3.163,0.324,108.602,107.452
United Arab Emirates,ARE,2003,4192465,224547226340,107.106,25.547,125.083,0.421,28.904,72.211,3.572,0.387,132.398,131.196
United Arab Emirates,ARE,2004,4428964,252047957126,112.469,25.394,133.538,0.476,29.278,77.073,3.97,0.393,137.286,136.076
United Arab Emirates,ARE,2005,4664797,262413275144,115.273,24.711,148.085,0.55,30.43,78.226,4.358,0.389,141.107,139.788
United Arab Emirates,ARE,2006,5009106,307378573765,122.723,24.5,170.673,1.066,31.694,82.561,5.607,0.401,150.191,148.821
United Arab Emirates,ARE,2007,5624640,367816178792,134.103,23.842,189.206,0.513,33.797,91.296,6.772,0.426,161.86,160.364
United Arab Emirates,ARE,2008,6302669,464692468324,155.03,24.598,221.324,1.374,35.07,107.807,9.182,0.484,183.023,181.589
United Arab Emirates,ARE,2009,6707063,480551549339,169.088,25.21,213.095,1.041,45.082,113.47,7.905,0.537,196.882,195.193
United Arab Emirates,ARE,2010,6938372,490048925162,185.848,26.786,216.543,2.477,57.387,116.869,7.46,0.558,215.163,213.634
United Arab Emirates,ARE,2011,7199436,551070287560,198.518,27.574,231.979,1.678,58.348,130.169,6.603,0.576,230.05,228.507
United Arab Emirates,ARE,2012,7497122,577394943300,208.324,27.787,241.162,5.251,62.535,132.61,6.144,0.596,241.318,239.771
United Arab Emirates,ARE,2013,7831851,606587973942,214.188,27.348,258.6,6.72,62.408,136.408,6.321,0.607,248.773,247.068
United Arab Emirates,ARE,2014,8236880,631858461256,214.53,26.045,258.772,7.485,60.256,133.339,11.707,0.605,248.748,246.931
United Arab Emirates,ARE,2015,8674633,674742705535,225.045,25.943,261.447,6.507,74.301,134.155,8.28,0.636,261.636,259.733
United Arab Emirates,ARE,2016,9030873,712265114847,227.898,25.235,259.005,6.976,77.715,134.914,6.826,0.644,265.602,263.686
United Arab Emirates,ARE,2017,9234330,717500233045,196.493,21.279,238.64,8.068,59.602,119.959,7.028,0.546,232.92,230.97
United Arab Emirates,ARE,2018,9346870,726928170282,204.105,21.837,247.257,7.277,70.029,117.576,6.947,0.556,240.554,238.577
United Arab Emirates,ARE,2019,9377855,734982504070,204.058,21.76,236.716,6.734,58.165,130.964,6.503,0.55,241.486,239.488
United Arab Emirates,ARE,2020,9448529,698549476819,215.266,22.783,221.779,8.086,67.015,132.351,6.018,0.612,251.212,249.173
United Arab Emirates,ARE,2021,9789055,725904671328,212.173,21.675,239.585,10.054,69.805,124.621,6.058,0.576,248.391,246.33
United Arab Emirates,ARE,2022,10242085,779701520404,207.103,20.221,252.654,3.94,60.793,134.488,6.139,0.552,246.914,244.722
United Arab Emirates,ARE,2023,10642089,,210.425,19.773,248.068,4.012,62.891,135.677,6.139,0.552,249.873,247.634
United Arab Emirates,ARE,2024,11027135,,221.988,20.131,,4.317,65.559,144.453,6.139,0.575,262.13,259.833
United Kingdom,GBR,1990,57367867,1505692258761,601.945,10.493,666.007,252.69,217.8,113.518,7.295,2.648,784.056,709.414
United Kingdom,GBR,1991,57555199,1488075367051,609.413,10.588,677.034,253.623,218.39,121.693,5.994,2.626,792.385,720.104
United Kingdom,GBR,1992,57719273,1491752084171,593.846,10.289,701.879,237.747,218.447,122.296,5.456,2.637,762.51,699.897
United Kingdom,GBR,1993,57861037,1527509015289,579.613,10.017,660.38,207.686,219.163,137.591,5.525,2.548,745.05,681.128
United Kingdom,GBR,1994,58003200,1585373248060,574.017,9.896,651.189,195.376,215.736,145.455,6.368,2.498,736.747,668.9
United Kingdom,GBR,1995,58154632,1623858039641,566.159,9.735,647.734,181.699,211.595,154.254,6.285,2.407,741.1,664.997
United Kingdom,GBR,1996,58298563,1663446715470,586.761,10.065,673.726,173.072,216.892,177.543,6.416,2.421,764.923,684.077
United Kingdom,GBR,1997,58447091,1713864597603,562.708,9.628,661.345,154.729,207.743,182.887,6.71,2.308,731.147,658.016
United Kingdom,GBR,1998,58626822,1766619867063,568.544,9.698,691.94,154.088,204.934,191.361,6.838,2.34,722.015,655.919
United Kingdom,GBR,1999,58838663,1823341961805,561.65,9.546,688.601,138.313,201.663,205.231,6.531,2.261,706.621,642.545
United Kingdom,GBR,2000,59057333,1889565292321,569.034,9.635,739.098,144.443,198.238,210.131,6.332,2.23,710.466,644.17
United Kingdom,GBR,2001,59288095,1939268312671,577.971,9.749,729.478,153.534,198.651,210.16,5.844,2.25,715.181,651.636
United Kingdom,GBR,2002,59540764,1983994308619,560.273,9.41,734.855,141.691,196.13,207.03,5.988,2.133,693.542,629.635
United Kingdom,GBR,2003,59820385,2050625402735,571.619,9.556,763.025,153.103,194.397,208.462,5.868,2.067,701.843,636.31
United Kingdom,GBR,2004,60169964,2099526641365,573.43,9.53,774.668,147.662,197.952,211.734,5.977,2.004,701.971,633.561
United Kingdom,GBR,2005,60596107,2161729510824,570.338,9.412,765.833,148.033,200.448,205.438,5.941,1.927,714.9,623.272
United Kingdom,GBR,2006,61051093,2212618867772,567.846,9.301,766.86,160.844,197.183,194.126,5.893,1.856,695.775,615.311
United Kingdom,GBR,2007,61535859,2267631534502,559.566,9.093,764.976,150.844,196.16,196.52,6.117,1.776,677.496,603.1
United Kingdom,GBR,2008,62027303,2252034759561,544.932,8.785,731.521,139.219,188.8,202.655,5.205,1.7,652.777,583.452
United Kingdom,GBR,2009,62506222,2151479208521,494.108,7.905,641.824,113.823,180.264,188.07,3.721,1.568,595.137,529.536
United Kingdom,GBR,2010,63006482,2190919919855,511.905,8.125,686.866,118.03,179.848,201.927,3.792,1.536,608.752,542.746
United Kingdom,GBR,2011,63509285,2223011392593,469.713,7.396,626.621,117.15,172.06,168.236,4.097,1.362,565.547,498.398
United Kingdom,GBR,2012,63960488,2255210551431,487.477,7.622,640.541,148.005,170.288,158.24,3.724,1.395,584.893,515.294
United Kingdom,GBR,2013,64389386,2296252599482,477.611,7.418,624.81,142.457,165.756,157.622,4.029,1.354,571.726,502.995
United Kingdom,GBR,2014,64865914,2369725553442,438.807,6.765,604.907,115.434,166.511,144.492,4.215,1.237,530.834,462.865
United Kingdom,GBR,2015,65382107,2426435869267,422.461,6.461,597.001,91.548,170.773,147.899,4.393,1.193,518.771,445.941
United Kingdom,GBR,2016,65893359,2478973016876,399.43,6.062,582.755,47.825,173.93,165.742,4.553,1.129,494.14,422.051
United Kingdom,GBR,2017,66354473,2539548543933,387.367,5.838,558.336,39.129,174.851,161.697,4.41,1.077,477.853,410.492
United Kingdom,GBR,2018,66752473,2582848171416,379.73,5.689,545.247,33.28,173.087,161.485,4.364,1.034,475.272,403.013
United Kingdom,GBR,2019,67110958,2624285076706,364.753,5.435,524.734,24.513,168.996,159.321,4.448,0.984,453.993,387.597
United Kingdom,GBR,2020,67351860,2334804059780,326.263,4.844,469.892,22.809,143.981,149.42,3.9,0.928,411.774,348.027
United Kingdom,GBR,2021,67668788,2512190098029,342.366,5.059,517.614,23.758,149.626,158.503,4.215,0.929,425.768,364.653
United Kingdom,GBR,2022,68179315,2615230634906,311.118,4.563,502.77,19.979,146.334,135.047,4.045,0.829,392.132,333.067
United Kingdom,GBR,2023,68682965,,307.826,4.482,487.1,17.914,154.684,125.766,3.515,0.808,386.611,329.246
United Kingdom,GBR,2024,69138185,,312.906,4.526,,16.948,159.6,126.62,3.624,0.811,390.275,334.159
United States,USA,1990,253373387,9250377579093,5131.761,20.254,5051.34,1781.824,2139.346,1004.975,33.484,22.575,6489.288,5886.553
United States,USA,1991,256471424,9224688313722,5076.413,19.793,4974.38,1764.221,2082.099,1023.332,32.736,21.876,6393.464,5823.643
United States,USA,1992,259606021,9552658514601,5178.77,19.949,5187.538,1780.599,2130.489,1058.593,32.993,22.996,6464.021,5929.329
United States,USA,1993,262633229,9814940456277,5279.52,20.102,5227.086,1847.292,2144.156,1090.166,34.838,23.207,6552.8,6031.417
United States,USA,1994,265474811,10211204686187,5361.863,20.197,5322.476,1855.938,2181.844,1114.334,36.31,23.338,6686.332,6118.663
United States,USA,1995,268205796,10488856843750,5425.837,20.23,5386.56,1875.787,2174.303,1163.186,37.075,23.072,6642.142,6167.541
United States,USA,1996,270860695,10886952373500,5601.094,20.679,5545.206,1951.815,2257.023,1181.318,37.309,23.113,6806.676,6339.518
United States,USA,1997,273468014,11375561318703,5673.144,20.745,5638.635,1992.723,2273.815,1186.717,38.561,23.269,6885.409,6407.578
United States,USA,1998,276119323,11881792533609,5736.36,20.775,5838.892,2018.609,2320.08,1165.559,39.461,23.611,6926.782,6454.869
United States,USA,1999,278785482,12438444530000,5800.281,20.806,5937.449,2013.12,2374.201,1168.759,40.239,23.353,7014.896,6505.387
United States,USA,2000,281484126,12947417795437,6023.158,21.398,6229.7,2122.34,2440.405,1227.529,41.445,23.61,7217.24,6723.977
United States,USA,2001,284279634,13073810008320,5903.562,20.767,6149.08,2054.729,2448.622,1173.162,41.613,22.977,6976.344,6576.034
United States,USA,2002,287084335,13307343638671,5947.819,20.718,6273.817,2060.072,2443.823,1212.087,43.164,22.645,7059.111,6598.419
United States,USA,2003,289908091,13680911930765,6006.44,20.718,6435.501,2100.323,2505.134,1176.551,43.349,21.721,7245.448,6664.081
United States,USA,2004,292786248,14198910513593,6111.545,20.874,6555.775,2115.293,2571.107,1177.528,45.886,21.362,7314.667,6770.908
United States,USA,2005,295716666,14673826218839,6126.903,20.719,6656.012,2139.954,2584.13,1160.661,46.194,20.7,7428.8,6792.139
United States,USA,2006,298730208,15065164240312,6045.326,20.237,6618.921,2103.871,2550.54,1146.714,46.851,19.76,7064.877,6721.139
United States,USA,2007,301844223,15333183877566,6121.542,20.28,6526.727,2130.169,2538.968,1221.593,45.509,19.434,7181.516,6806.651
United States,USA,2008,304970325,15288552732632,5919.221,19.409,6218.075,2096.888,2370.623,1229.733,41.416,18.469,7074.333,6613.292
United States,USA,2009,308023452,14864003344421,5486.104,17.811,5726.083,1842.392,2243.79,1211.966,29.615,17.409,6577.918,6136.385
United States,USA,2010,311062785,15239586726210,5669.25,18.225,5889.832,1946.51,2258.293,1266.778,31.449,17.016,6823.523,6307.125
United States,USA,2011,314105075,15477885525000,5538.973,17.634,5737.398,1840.243,2212.686,1287.589,32.208,16.064,6523.64,6186.227
United States,USA,2012,317115349,15830886903539,5331.467,16.812,5550.323,1625.427,2152.244,1344.719,35.27,15.252,6388.708,5962.164
United States,USA,2013,320110752,16122472460312,5473.436,17.099,5637.723,1684.672,2178.417,1381.183,36.369,15.516,6488.665,6108.991
United States,USA,2014,323115377,16491319003554,5531.385,17.119,5758.396,1682.162,2210.569,1411.355,39.439,15.596,6610.767,6180.719
United States,USA,2015,326126496,16937633974582,5368.497,16.461,5693.528,1446.99,2235.988,1444.047,39.907,15.164,6408.286,6005.932
United States,USA,2016,329179423,17220065720000,5245.362,15.935,5557.76,1319.993,2252.27,1451.146,39.439,14.82,6308.617,5852.134
United States,USA,2017,332204657,17606124654726,5195.417,15.639,5526.131,1277.049,2259.157,1424.996,40.324,14.442,6319.225,5815.081
United States,USA,2018,335056492,18124692769570,5361.236,16.001,5684.537,1224.38,2305.441,1577.716,38.971,14.595,6466.737,6005.333
United States,USA,2019,337790069,18540552700117,5235.912,15.5,5580.077,1043.896,2299.82,1632.056,40.896,14.118,6360.787,5899.809
United States,USA,2020,339436156,18027359681343,4689.954,13.817,5103.084,853.925,1991.579,1612.504,40.688,13.34,5758.456,5309.856
United States,USA,2021,340161438,19099378164000,5020.111,14.758,5489.663,979.504,2182.605,1617.424,41.312,13.617,6131.129,5675.305
United States,USA,2022,341534041,19493170182843,5055.403,14.802,5565.989,916.343,2198.937,1707.391,41.884,13.471,6201.504,5728.265
United States,USA,2023,343477330,,4918.407,14.319,5431.659,758.572,2199.111,1723.424,40.636,12.911,6078.455,5606.243
United States,USA,2024,345426566,,4904.12,14.197,,732.886,2189.161,1748.138,37.271,12.705,6054.308,5594.31
Uruguay,URY,1990,3104404,32048550000,3.977,1.281,4.807,0.004,3.737,,0.236,0.017,25.558,4.645
Uruguay,URY,1991,3122357,33068762787,4.537,1.453,5.375,0.004,4.298,,0.235,0.02,27.255,5.238
Uruguay,URY,1992,3139704,35598179277,5.151,1.641,6.083,0.004,4.913,,0.234,0.023,29.706,5.876
Uruguay,URY,1993,3156351,36471137081,4.447,1.409,5.593,0.0,4.214,,0.233,0.02,30.404,5.162
Uruguay,URY,1994,3172839,39036401631,4.041,1.274,5.361,0.0,3.712,,0.329,0.018,30.031,4.76
Uruguay,URY,1995,3189438,38399568880,4.565,1.431,5.983,0.0,4.287,,0.278,0.019,30.681,5.282
Uruguay,URY,1996,3206329,40381614675,5.414,1.688,7.088,0.004,5.093,,0.317,0.022,32.44,6.159
Uruguay,URY,1997,3223349,42411759380,5.522,1.713,7.168,0.004,5.159,,0.36,0.023,32.652,6.291
Uruguay,URY,1998,3239286,44280079225,5.651,1.745,7.716,0.004,5.243,0.004,0.401,0.023,32.749,6.434
Uruguay,URY,1999,3254020,43167608203,6.689,2.056,8.891,0.004,6.284,0.04,0.361,0.027,33.595,7.497
Uruguay,URY,2000,3266212,42357504785,5.277,1.616,7.908,0.004,4.891,0.062,0.32,0.021,31.916,6.025
Uruguay,URY,2001,3274257,40598224745,5.041,1.539,7.38,0.004,4.518,0.059,0.461,0.02,31.501,5.76
Uruguay,URY,2002,3278868,37250866884,4.569,1.394,6.403,0.004,4.074,0.04,0.451,0.017,32.74,5.278
Uruguay,URY,2003,3281188,37483201754,4.537,1.383,6.091,0.004,3.953,0.11,0.47,0.016,32.791,5.247
Uruguay,URY,2004,3283157,39270203111,5.574,1.698,7.409,0.004,5.1,0.194,0.276,0.019,33.513,6.324
Uruguay,URY,2005,3285776,41988118660,5.737,1.746,7.544,0.004,5.276,0.183,0.274,0.019,34.964,6.5
Uruguay,URY,2006,3289508,43608062782,6.611,2.01,8.504,0.007,6.115,0.212,0.276,0.022,39.764,7.396
Uruguay,URY,2007,3295155,46197426762,5.96,1.809,8.942,0.011,5.481,0.194,0.273,0.019,50.743,6.886
Uruguay,URY,2008,3302184,49265998696,8.218,2.489,11.684,0.007,7.768,0.172,0.27,0.026,61.332,10.488
Uruguay,URY,2009,3310093,50291695148,7.99,2.414,10.433,0.007,7.401,0.121,0.461,0.025,52.343,10.42
Uruguay,URY,2010,3318581,54642867455,6.322,1.905,10.167,0.007,5.804,0.15,0.36,0.019,57.668,8.843
Uruguay,URY,2011,3326829,57427770581,7.686,2.31,12.247,0.007,7.115,0.147,0.417,0.022,49.908,10.185
Uruguay,URY,2012,3335406,59459565927,8.605,2.58,12.954,0.007,8.138,0.106,0.353,0.025,53.555,11.214
Uruguay,URY,2013,3345335,62217298965,7.491,2.239,11.601,0.007,7.049,0.099,0.335,0.021,53.04,10.229
Uruguay,URY,2014,3356343,64232518554,6.684,1.991,10.365,0.0,6.262,0.092,0.33,0.019,52.556,10.447
Uruguay,URY,2015,3368022,64470831197,6.738,2.001,9.763,0.0,6.284,0.095,0.359,0.019,45.616,11.292
Uruguay,URY,2016,3379279,65560386931,6.52,1.93,8.86,0.0,6.119,0.106,0.295,0.018,44.2,11.38
Uruguay,URY,2017,3388444,66627711123,6.151,1.815,9.145,0.0,5.705,0.121,0.325,0.017,43.521,11.073
Uruguay,URY,2018,3394538,66946183643,6.57,1.936,9.725,0.0,6.134,0.114,0.323,0.018,42.125,11.347
Uruguay,URY,2019,3397206,67180494669,6.408,1.886,9.535,0.0,5.95,0.165,0.293,0.017,41.737,11.305
Uruguay,URY,2020,3398966,63072414563,6.477,1.906,9.375,0.0,6.024,0.125,0.328,0.018,38.553,11.614
Uruguay,URY,2021,3396693,65848852721,7.829,2.305,10.548,0.0,7.332,0.139,0.358,0.021,42.036,12.974
Uruguay,URY,2022,3390913,69066228178,7.501,2.212,10.686,0.007,6.987,0.148,0.358,0.02,40.204,12.567
Uruguay,URY,2023,3388083,,7.627,2.251,10.782,0.008,7.096,0.164,0.358,0.02,39.893,12.696
Uruguay,URY,2024,3386583,,7.973,2.354,,0.008,7.379,0.228,0.358,0.021,43.054,13.117
Uzbekistan,UZB,1990,20464963,139398700000,103.123,5.039,,7.023,29.161,62.939,2.585,0.454,151.004,114.994
Uzbekistan,UZB,1991,20962908,136577628581,102.324,4.881,,6.258,28.771,63.422,2.557,0.441,148.943,114.407
Uzbekistan,UZB,1992,21485095,119510821474,110.991,5.166,,9.692,21.955,76.848,2.496,0.493,149.599,123.223
Uzbekistan,UZB,1993,21987960,114918068077,115.619,5.258,,7.387,24.311,81.55,2.372,0.508,154.677,128.897
Uzbekistan,UZB,1994,22463295,107242116434,109.787,4.887,,7.478,20.247,78.153,2.103,0.478,150.434,125.79
Uzbekistan,UZB,1995,22917588,104615642206,104.804,4.573,,4.21,18.624,78.285,1.546,0.446,147.166,121.919
Uzbekistan,UZB,1996,23351981,104748209480,108.189,4.633,,4.723,18.137,81.257,1.434,0.446,152.248,127.771
Uzbekistan,UZB,1997,23758961,108486849294,109.029,4.589,,3.884,18.738,82.506,1.503,0.447,151.056,127.934
Uzbekistan,UZB,1998,24134930,111389403957,120.976,5.012,,4.056,18.493,94.358,1.593,0.498,162.98,140.344
Uzbekistan,UZB,1999,24476013,114383428782,123.588,5.049,,4.027,19.28,96.935,1.499,0.498,163.212,140.622
Uzbekistan,UZB,2000,24787052,116875841754,123.478,4.982,,4.917,19.232,95.364,1.483,0.484,164.768,143.064
Uzbekistan,UZB,2001,25090289,119890046302,126.223,5.031,,5.049,19.016,96.84,1.683,0.491,171.778,150.338
Uzbekistan,UZB,2002,25399987,122757832356,132.577,5.22,,5.042,18.727,102.056,1.694,0.505,183.838,162.745
Uzbekistan,UZB,2003,25711261,125924032405,130.296,5.068,,3.877,19.969,100.298,1.794,0.471,177.141,156.212
Uzbekistan,UZB,2004,26029350,133132057133,129.099,4.96,,4.584,18.609,99.793,2.134,0.451,173.659,152.627
Uzbekistan,UZB,2005,26356977,140239285325,121.602,4.614,,4.426,14.429,95.455,2.268,0.411,173.01,151.652
Uzbekistan,UZB,2006,26699046,148405074458,124.899,4.678,,4.752,14.483,97.928,2.35,0.408,178.429,156.632
Uzbekistan,UZB,2007,27076013,159993748436,123.823,4.573,,5.034,13.784,98.528,2.556,0.393,173.531,151.128
Uzbekistan,UZB,2008,27494780,171692630381,128.387,4.669,,4.924,13.08,102.57,2.829,0.401,182.949,159.759
Uzbekistan,UZB,2009,27939333,182715813772,109.23,3.91,,5.305,11.648,86.13,2.907,0.347,157.819,133.344
Uzbekistan,UZB,2010,28385509,195160171269,107.668,3.793,,5.151,10.885,85.196,2.926,0.323,159.98,134.113
Uzbekistan,UZB,2011,28823194,208063390835,116.755,4.051,,5.415,9.94,95.132,2.794,0.339,171.449,144.486
Uzbekistan,UZB,2012,29261908,222840047403,118.86,4.062,,5.471,8.915,98.246,2.793,0.34,176.753,148.617
Uzbekistan,UZB,2013,29724065,239100684823,112.395,3.781,,8.017,10.281,88.317,2.971,0.319,171.618,141.394
Uzbekistan,UZB,2014,30222994,255536474727,107.496,3.557,,7.434,10.091,84.419,3.106,0.303,167.214,134.77
Uzbekistan,UZB,2015,30749349,273983640646,103.374,3.362,,5.995,10.234,81.948,3.101,0.292,163.164,130.022
Uzbekistan,UZB,2016,31284565,290236358613,109.837,3.511,,7.097,10.721,86.994,3.167,0.31,171.764,136.352
Uzbekistan,UZB,2017,31819172,302992216928,108.883,3.422,,6.694,11.116,85.863,3.613,0.303,172.392,136.319
Uzbekistan,UZB,2018,32373489,320808179800,102.33,3.161,,9.666,11.688,75.676,3.815,0.279,167.956,131.644
Uzbekistan,UZB,2019,32964700,339998944961,107.947,3.275,,8.292,11.322,83.151,4.011,0.291,175.852,137.998
Uzbekistan,UZB,2020,33586373,346785285756,108.139,3.22,,11.52,12.491,79.244,3.848,0.308,174.865,136.628
Uzbekistan,UZB,2021,34243696,372457828275,123.162,3.597,,10.241,11.128,96.429,4.483,0.334,192.345,152.395
Uzbekistan,UZB,2022,34938953,393572464308,119.105,3.409,,11.901,11.509,91.468,3.405,0.317,187.851,148.233
Uzbekistan,UZB,2023,35652311,,122.872,3.446,,18.111,11.608,89.005,3.405,0.323,190.851,151.152
Uzbekistan,UZB,2024,36361859,,139.234,3.829,,19.765,11.684,103.551,3.405,0.361,208.173,167.399
Vanuatu,VUT,1990,148073,,0.066,0.445,,,0.066,,0.0,0.0,1.703,0.109
Vanuatu,VUT,1991,151807,,0.066,0.434,,,0.066,,0.0,0.0,1.731,0.111
Vanuatu,VUT,1992,155619,,0.062,0.4,,,0.062,,0.0,0.0,1.605,0.107
Vanuatu,VUT,1993,159475,,0.062,0.391,,,0.062,,0.0,0.0,1.529,0.109
Vanuatu,VUT,1994,163328,,0.062,0.381,,,0.062,,0.0,0.0,2.422,0.11
Vanuatu,VUT,1995,167155,,0.066,0.395,,,0.066,,0.0,0.0,1.836,0.116
Vanuatu,VUT,1996,170926,,0.073,0.429,,,0.073,,0.0,0.0,1.585,0.124
Vanuatu,VUT,1997,174638,,0.077,0.441,,,0.077,,0.0,0.0,2.123,0.129
Vanuatu,VUT,1998,178322,,0.077,0.431,,,0.077,,0.0,0.0,1.699,0.131
Vanuatu,VUT,1999,182056,,0.081,0.443,,,0.081,,0.0,0.0,1.795,0.142
Vanuatu,VUT,2000,186290,,0.084,0.452,,,0.084,,0.0,0.0,2.258,0.148
Vanuatu,VUT,2001,191047,,0.081,0.422,,,0.081,,0.0,0.0,1.832,0.145
Vanuatu,VUT,2002,195871,,0.077,0.393,,,0.077,,0.0,0.0,1.759,0.143
Vanuatu,VUT,2003,200760,,0.077,0.383,,,0.077,,0.0,0.0,4.891,0.145
Vanuatu,VUT,2004,205720,,0.073,0.356,,,0.073,,0.0,0.0,3.639,0.143
Vanuatu,VUT,2005,210772,,0.073,0.348,,,0.073,,0.0,0.0,2.762,0.145
Vanuatu,VUT,2006,215939,,0.073,0.339,,,0.073,,0.0,0.0,2.217,0.147
Vanuatu,VUT,2007,221291,,0.077,0.348,,,0.077,,0.0,0.0,1.52,0.155
Vanuatu,VUT,2008,226908,,0.088,0.388,,,0.088,,0.0,0.0,1.327,0.168
Vanuatu,VUT,2009,232740,,0.121,0.52,,,0.121,,0.0,0.0,1.217,0.203
Vanuatu,VUT,2010,238256,,0.125,0.523,,,0.125,,0.0,0.0,0.949,0.209
Vanuatu,VUT,2011,243483,,0.132,0.542,,,0.132,,0.0,0.0,0.71,0.219
Vanuatu,VUT,2012,248894,,0.117,0.471,,,0.117,,0.0,0.0,0.666,0.205
Vanuatu,VUT,2013,254495,,0.11,0.432,,,0.11,,0.0,0.0,0.571,0.201
Vanuatu,VUT,2014,260247,,0.158,0.605,,,0.158,,0.0,0.0,0.464,0.251
Vanuatu,VUT,2015,266115,,0.132,0.496,,,0.132,,0.0,0.0,0.307,0.227
Vanuatu,VUT,2016,272097,,0.15,0.552,,,0.15,,0.0,0.0,0.155,0.247
Vanuatu,VUT,2017,278518,,0.139,0.5,,,0.139,,0.0,0.0,0.912,0.239
Vanuatu,VUT,2018,285273,,0.176,0.617,,,0.176,,0.0,0.0,0.537,0.279
Vanuatu,VUT,2019,291995,,0.165,0.565,,,0.165,,0.0,0.0,0.275,0.27
Vanuatu,VUT,2020,298867,,0.205,0.687,,,0.205,,0.0,0.001,0.242,0.312
Vanuatu,VUT,2021,305882,,0.216,0.707,,,0.216,,0.0,0.001,0.227,0.326
Vanuatu,VUT,2022,313061,,0.189,0.605,,,0.189,,0.0,0.001,0.353,0.301
Vanuatu,VUT,2023,320422,,0.188,0.588,,,0.188,,0.0,0.0,0.43,0.303
Vanuatu,VUT,2024,327786,,0.197,0.601,,,0.197,,0.0,0.001,0.479,0.314
Vatican,VAT,1990,736,,,,,,,,,,,
Vatican,VAT,1991,737,,,,,,,,,,,
Vatican,VAT,1992,736,,,,,,,,,,,
Vatican,VAT,1993,729,,,,,,,,,,,
Vatican,VAT,1994,720,,,,,,,,,,,
Vatican,VAT,1995,714,,,,,,,,,,,
Vatican,VAT,1996,709,,,,,,,,,,,
Vatican,VAT,1997,706,,,,,,,,,,,
Vatican,VAT,1998,707,,,,,,,,,,,
Vatican,VAT,1999,706,,,,,,,,,,,
Vatican,VAT,2000,701,,,,,,,,,,,
Vatican,VAT,2001,691,,,,,,,,,,,
Vatican,VAT,2002,684,,,,,,,,,,,
Vatican,VAT,2003,674,,,,,,,,,,,
Vatican,VAT,2004,667,,,,,,,,,,,
Vatican,VAT,2005,667,,,,,,,,,,,
Vatican,VAT,2006,664,,,,,,,,,,,
Vatican,VAT,2007,657,,,,,,,,,,,
Vatican,VAT,2008,648,,,,,,,,,,,
Vatican,VAT,2009,637,,,,,,,,,,,
Vatican,VAT,2010,629,,,,,,,,,,,
Vatican,VAT,2011,624,,,,,,,,,,,
Vatican,VAT,2012,612,,,,,,,,,,,
Vatican,VAT,2013,598,,,,,,,,,,,
Vatican,VAT,2014,587,,,,,,,,,,,
Vatican,VAT,2015,579,,,,,,,,,,,
Vatican,VAT,2016,571,,,,,,,,,,,
Vatican,VAT,2017,563,,,,,,,,,,,
Vatican,VAT,2018,552,,,,,,,,,,,
Vatican,VAT,2019,543,,,,,,,,,,,
Vatican,VAT,2020,536,,,,,,,,,,,
Vatican,VAT,2021,527,,,,,,,,,,,
Vatican,VAT,2022,513,,,,,,,,,,,
Vatican,VAT,2023,501,,,,,,,,,,,
Vatican,VAT,2024,507,,,,,,,,,,,
Venezuela,VEN,1990,19827005,256078525417,120.864,6.096,86.197,1.216,67.293,42.345,2.465,0.532,203.473,147.716
Venezuela,VEN,1991,20304898,282132286314,114.221,5.625,89.672,1.14,59.481,43.078,2.978,0.492,194.062,142.911
Venezuela,VEN,1992,20780946,301055402293,104.739,5.04,86.819,1.231,72.822,19.339,3.085,0.465,186.227,133.942
Venezuela,VEN,1993,21254525,303263920492,123.052,5.789,100.496,1.004,68.226,39.836,3.195,0.541,206.412,153.991
Venezuela,VEN,1994,21725186,297728620446,119.06,5.48,92.923,0.762,62.638,50.041,3.224,0.518,210.749,151.285
Venezuela,VEN,1995,22193822,310657285215,124.83,5.625,101.011,0.018,59.961,57.166,3.56,0.531,223.518,162.95
Venezuela,VEN,1996,22662117,311633007305,118.347,5.222,87.507,0.059,46.683,64.12,3.495,0.488,218.95,158.375
Venezuela,VEN,1997,23131691,332907949755,129.755,5.609,104.081,0.125,55.5,65.668,3.755,0.532,235.632,173.341
Venezuela,VEN,1998,23601341,335631906948,134.993,5.72,116.44,3.518,67.595,54.668,3.769,0.556,251.855,181.669
Venezuela,VEN,1999,24066595,316971287567,143.126,5.947,89.872,0.132,85.982,47.93,3.893,0.576,258.291,187.909
Venezuela,VEN,2000,24526707,330236189305,142.902,5.826,73.148,0.48,82.572,50.006,3.926,0.56,263.709,189.972
Venezuela,VEN,2001,24979934,343312598582,130.618,5.229,83.03,0.176,74.812,46.712,3.947,0.508,246.972,177.422
Venezuela,VEN,2002,25435674,314003719638,164.233,6.457,81.578,0.066,101.493,55.711,3.156,0.625,272.515,206.178
Venezuela,VEN,2003,25892710,291333920302,154.364,5.962,107.921,0.158,95.187,51.824,3.45,0.558,270.563,195.514
Venezuela,VEN,2004,26340843,346317458927,142.842,5.423,97.835,0.0,85.349,51.102,2.226,0.499,257.117,186.424
Venezuela,VEN,2005,26785797,383570387195,148.408,5.541,98.269,0.139,97.272,44.323,2.565,0.501,261.508,193.152
Venezuela,VEN,2006,27224691,423878563812,155.841,5.724,112.57,0.649,100.646,45.73,4.893,0.509,270.742,200.201
Venezuela,VEN,2007,27649369,462276737389,154.167,5.576,119.188,0.403,99.28,46.734,3.525,0.489,277.469,199.525
Venezuela,VEN,2008,28053694,488287068325,155.758,5.552,120.11,0.513,101.592,45.027,3.506,0.486,278.716,203.471
Venezuela,VEN,2009,28438296,474358611901,152.176,5.351,134.311,0.861,98.875,43.727,3.467,0.483,267.759,196.668
Venezuela,VEN,2010,28813101,477591738082,189.582,6.58,145.993,0.755,132.738,47.684,3.076,0.569,297.662,234.05
Venezuela,VEN,2011,29185220,502688619769,168.713,5.781,125.601,0.777,106.388,47.877,3.344,0.489,280.715,213.315
Venezuela,VEN,2012,29553829,530969916373,175.845,5.95,137.928,0.799,106.56,49.742,3.419,0.503,298.394,220.136
Venezuela,VEN,2013,29912195,538100828642,198.452,6.634,139.108,0.795,128.255,48.511,3.49,0.563,317.226,242.81
Venezuela,VEN,2014,30254080,517147151484,175.992,5.817,167.941,0.747,106.716,46.647,3.161,0.496,290.561,219.44
Venezuela,VEN,2015,30573968,484975458402,166.328,5.44,121.912,0.7,98.382,46.434,3.269,0.47,277.493,207.943
Venezuela,VEN,2016,30765719,402335647692,152.733,4.964,105.012,0.583,83.664,48.757,2.305,0.432,256.728,191.497
Venezuela,VEN,2017,30565331,339285602968,139.093,4.551,93.363,0.491,75.467,47.826,2.154,0.387,237.568,173.918
Venezuela,VEN,2018,29807591,272599019803,111.24,3.732,17.243,0.392,52.749,41.705,0.8,0.303,200.661,140.512
Venezuela,VEN,2019,28938096,197170883456,105.43,3.643,42.991,0.286,52.135,34.475,0.597,0.284,189.175,129.551
Venezuela,VEN,2020,28444080,138029481377,80.901,2.844,71.92,0.198,38.285,25.714,0.557,0.23,160.671,99.864
Venezuela,VEN,2021,28237830,138656126606,94.902,3.361,80.707,0.202,40.37,37.941,0.995,0.257,170.81,113.142
Venezuela,VEN,2022,28213015,149682062815,108.424,3.843,89.694,0.217,51.739,39.241,1.035,0.289,186.933,127.464
Venezuela,VEN,2023,28300861,,119.588,4.226,100.516,0.267,62.579,40.089,1.035,0.314,199.185,139.811
Venezuela,VEN,2024,28405544,,116.042,4.085,,0.292,56.232,42.855,1.035,0.301,192.851,133.844
Vietnam,VNM,1990,65504551,109939936906,21.299,0.325,23.278,11.058,9.116,0.007,1.117,0.094,126.515,36.555
Vietnam,VNM,1991,66891778,115933551072,21.376,0.32,23.166,11.998,8.04,0.004,1.334,0.092,168.349,38.215
Vietnam,VNM,1992,68260336,125543633553,21.466,0.314,23.157,10.981,8.717,0.0,1.769,0.095,156.535,39.561
Vietnam,VNM,1993,69586394,135210628764,22.853,0.328,25.162,8.896,12.11,0.0,1.847,0.1,153.719,42.447
Vietnam,VNM,1994,70854393,146640889667,27.362,0.386,29.441,10.911,13.201,0.0,2.056,0.119,156.141,47.229
Vietnam,VNM,1995,72049945,160152275679,30.088,0.418,32.442,12.551,13.185,0.425,2.536,0.128,234.917,52.211
Vietnam,VNM,1996,73156456,174450838100,35.482,0.485,38.067,14.748,15.982,0.627,2.85,0.146,227.279,58.224
Vietnam,VNM,1997,74226890,188059193812,45.502,0.613,45.09,21.528,18.398,1.14,3.451,0.187,236.789,68.203
Vietnam,VNM,1998,75299665,198278284704,47.866,0.636,47.398,21.682,19.044,1.898,4.168,0.197,270.424,71.47
Vietnam,VNM,1999,76287454,207067165620,48.548,0.636,44.797,20.031,20.236,2.158,4.464,0.195,296.095,74.115
Vietnam,VNM,2000,77154016,220383060780,53.935,0.699,37.108,20.716,23.193,3.063,5.628,0.211,359.742,79.479
Vietnam,VNM,2001,77969357,234846323475,60.983,0.782,42.417,24.953,25.562,2.565,6.574,0.237,289.003,87.51
Vietnam,VNM,2002,78772227,250683369279,69.531,0.883,48.182,27.491,28.638,4.1,8.274,0.265,276.385,96.667
Vietnam,VNM,2003,79563778,268202912195,77.261,0.971,58.643,31.976,29.499,5.207,9.366,0.279,299.167,106.188
Vietnam,VNM,2004,80338977,288148996981,88.939,1.107,66.919,34.792,33.891,8.76,10.301,0.311,324.489,123.15
Vietnam,VNM,2005,81088309,308988652738,95.842,1.182,71.383,39.458,33.855,9.394,11.983,0.324,301.726,133.238
Vietnam,VNM,2006,82167901,329425429734,99.656,1.213,74.336,42.744,32.415,11.212,12.258,0.326,289.589,138.853
Vietnam,VNM,2007,83633374,351786434406,101.433,1.213,78.831,36.464,37.358,12.48,14.063,0.322,312.522,143.063
Vietnam,VNM,2008,85175789,370681828207,114.3,1.342,90.062,43.641,40.42,13.901,15.363,0.357,318.657,154.917
Vietnam,VNM,2009,86460023,389670892896,124.493,1.44,99.474,45.489,43.341,15.374,19.239,0.395,388.597,168.332
Vietnam,VNM,2010,87455148,413666257649,139.564,1.596,108.173,47.463,49.303,18.049,23.77,0.419,360.474,184.151
Vietnam,VNM,2011,88468315,438354712953,152.564,1.725,113.921,59.551,47.178,16.279,28.223,0.442,363.318,199.0
Vietnam,VNM,2012,89510355,462486159336,144.288,1.612,107.079,52.315,44.21,17.957,28.118,0.413,353.585,190.244
Vietnam,VNM,2013,90573103,488172621311,151.459,1.672,122.102,56.561,43.909,18.719,30.316,0.429,370.437,197.395
Vietnam,VNM,2014,91679582,519523061605,180.048,1.964,140.682,78.149,47.698,19.599,32.694,0.508,580.111,226.534
Vietnam,VNM,2015,92823254,555822142751,213.391,2.299,165.073,97.898,58.913,20.463,34.298,0.603,520.55,258.087
Vietnam,VNM,2016,94000115,593006635951,221.027,2.351,173.401,106.905,55.367,20.368,36.822,0.624,483.003,265.349
Vietnam,VNM,2017,95176978,634161327073,227.694,2.392,172.008,108.302,57.048,17.876,42.735,0.633,465.237,271.585
Vietnam,VNM,2018,96237319,681501440291,255.468,2.655,188.947,122.273,63.63,18.555,49.637,0.695,516.912,303.25
Vietnam,VNM,2019,97173778,731653148132,339.312,3.492,244.863,191.609,70.807,18.906,56.538,0.915,569.64,390.289
Vietnam,VNM,2020,98079196,752629620043,362.599,3.697,259.893,215.96,68.385,16.931,60.066,1.031,579.987,412.028
Vietnam,VNM,2021,98935101,771912038182,314.197,3.176,222.321,172.613,64.083,14.436,62.071,0.852,528.79,365.921
Vietnam,VNM,2022,99680656,833803909046,322.653,3.237,227.897,177.248,72.805,15.51,55.979,0.86,539.141,373.927
Vietnam,VNM,2023,100352189,,347.399,3.462,247.788,209.114,78.204,14.333,44.488,0.912,564.164,399.984
Vietnam,VNM,2024,100987685,,370.931,3.673,,229.186,83.997,12.132,44.488,0.961,583.497,423.647
Wallis and Futuna,WLF,1990,13503,,0.018,1.357,,,0.018,,,0.0,,
Wallis and Futuna,WLF,1991,13654,,0.018,1.342,,,0.018,,,0.0,,
Wallis and Futuna,WLF,1992,13799,,0.018,1.328,,,0.018,,,0.0,,
Wallis and Futuna,WLF,1993,13949,,0.022,1.576,,,0.022,,,0.0,,
Wallis and Futuna,WLF,1994,14084,,0.022,1.561,,,0.022,,,0.0,,
Wallis and Futuna,WLF,1995,14222,,0.022,1.546,,,0.022,,,0.0,,
Wallis and Futuna,WLF,1996,14340,,0.022,1.533,,,0.022,,,0.0,,
Wallis and Futuna,WLF,1997,14438,,0.022,1.523,,,0.022,,,0.0,,
Wallis and Futuna,WLF,1998,14553,,0.022,1.511,,,0.022,,,0.0,,
Wallis and Futuna,WLF,1999,14675,,0.022,1.498,,,0.022,,,0.0,,
Wallis and Futuna,WLF,2000,14804,,0.022,1.485,,,0.022,,,0.0,,
Wallis and Futuna,WLF,2001,14931,,0.026,1.718,,,0.026,,0.0,0.0,,
Wallis and Futuna,WLF,2002,15048,,0.026,1.704,,,0.026,,0.0,0.0,,
Wallis and Futuna,WLF,2003,15071,,0.026,1.702,,,0.026,,0.0,0.0,,
Wallis and Futuna,WLF,2004,14916,,0.026,1.719,,,0.026,,0.0,0.0,,
Wallis and Futuna,WLF,2005,14635,,0.026,1.753,,,0.026,,0.0,0.0,,
Wallis and Futuna,WLF,2006,14333,,0.026,1.789,,,0.026,,0.0,0.0,,
Wallis and Futuna,WLF,2007,14020,,0.026,1.829,,,0.026,,0.0,0.0,,
Wallis and Futuna,WLF,2008,13706,,0.026,1.871,,,0.026,,0.0,0.0,,
Wallis and Futuna,WLF,2009,13436,,0.026,1.909,,,0.026,,0.0,0.0,,
Wallis and Futuna,WLF,2010,13189,,0.026,1.945,,,0.026,,0.0,0.0,,
Wallis and Futuna,WLF,2011,12942,,0.026,1.982,,,0.026,,0.0,0.0,,
Wallis and Futuna,WLF,2012,12709,,0.026,2.018,,,0.026,,0.0,0.0,,
Wallis and Futuna,WLF,2013,12500,,0.026,2.052,,,0.026,,0.0,0.0,,
Wallis and Futuna,WLF,2014,12328,,0.026,2.08,,,0.026,,0.0,0.0,,
Wallis and Futuna,WLF,2015,12185,,0.026,2.105,,,0.026,,0.0,0.0,,
Wallis and Futuna,WLF,2016,12057,,0.026,2.127,,,0.026,,0.0,0.0,,
Wallis and Futuna,WLF,2017,11945,,0.026,2.147,,,0.026,,0.0,0.0,,
Wallis and Futuna,WLF,2018,11827,,0.026,2.169,,,0.026,,0.0,0.0,,
Wallis and Futuna,WLF,2019,11711,,0.026,2.19,,,0.026,,0.0,0.0,,
Wallis and Futuna,WLF,2020,11640,,0.029,2.518,,,0.029,,0.0,0.0,,
Wallis and Futuna,WLF,2021,11590,,0.029,2.529,,,0.029,,0.0,0.0,,
Wallis and Futuna,WLF,2022,11501,,0.029,2.549,,,0.029,,0.0,0.0,,
Wallis and Futuna,WLF,2023,11394,,0.029,2.56,,,0.029,,0.0,0.0,,
Wallis and Futuna,WLF,2024,11303,,0.031,2.699,,,0.031,,0.0,0.0,,
Yemen,YEM,1990,13887863,44971042042,9.572,0.689,,,9.175,,0.397,0.042,21.964,15.746
Yemen,YEM,1991,14430205,47174437330,9.182,0.636,,,8.775,,0.406,0.04,20.425,15.649
Yemen,YEM,1992,14989497,50259913722,9.926,0.662,,,9.545,,0.381,0.044,23.965,16.168
Yemen,YEM,1993,15563919,51548676189,8.679,0.558,,,8.299,,0.38,0.038,22.831,15.801
Yemen,YEM,1994,16149147,54341182837,9.964,0.617,,,8.658,,0.378,0.043,24.74,18.345
Yemen,YEM,1995,16740057,56705822316,11.138,0.665,,,9.915,,0.513,0.047,25.221,18.895
Yemen,YEM,1996,17313181,58927869978,11.375,0.657,,,10.116,,0.483,0.047,25.383,19.553
Yemen,YEM,1997,17873943,61826323245,12.26,0.686,,,10.827,,0.578,0.05,26.731,21.0
Yemen,YEM,1998,18446015,65613152856,12.931,0.701,,,11.593,,0.56,0.053,27.435,21.557
Yemen,YEM,1999,19029421,68255122419,14.796,0.778,,,13.157,,0.675,0.06,30.542,24.442
Yemen,YEM,2000,19624139,72599512561,15.832,0.807,,,13.953,,0.648,0.062,32.648,26.885
Yemen,YEM,2001,20226146,75472904917,17.194,0.85,,,15.451,,0.683,0.067,34.785,27.735
Yemen,YEM,2002,20835092,78586481705,16.707,0.802,,,14.975,,0.705,0.064,33.238,27.277
Yemen,YEM,2003,21456379,81575438214,18.609,0.867,,,16.521,,0.688,0.067,38.662,30.834
Yemen,YEM,2004,22095161,84847429283,20.109,0.91,,,18.096,,0.682,0.07,40.266,32.091
Yemen,YEM,2005,22790082,89711703960,21.797,0.956,,,19.254,,0.675,0.074,44.892,36.092
Yemen,YEM,2006,23543090,92691658274,23.906,1.015,,,20.566,,0.634,0.078,49.954,41.537
Yemen,YEM,2007,24318090,95906720954,23.676,0.974,,,20.093,,0.731,0.075,49.004,41.842
Yemen,YEM,2008,25111941,99520984206,24.537,0.977,,0.128,21.141,,0.886,0.077,47.962,40.835
Yemen,YEM,2009,25927723,103506292712,26.897,1.037,,0.238,22.515,0.736,0.881,0.085,52.719,43.841
Yemen,YEM,2010,26754383,111622920604,25.818,0.965,,0.451,20.086,1.946,0.772,0.077,51.442,43.483
Yemen,YEM,2011,27582902,97623324312,22.625,0.82,,0.407,17.437,1.301,1.156,0.066,46.38,37.882
Yemen,YEM,2012,28433655,99959450246,20.467,0.72,,0.414,15.318,1.517,1.13,0.059,42.042,33.72
Yemen,YEM,2013,29312955,104781489392,27.281,0.931,,0.436,21.321,2.012,1.329,0.077,50.074,42.017
Yemen,YEM,2014,30226311,104583458743,26.592,0.88,,0.436,20.753,1.854,1.288,0.075,48.272,40.19
Yemen,YEM,2015,31159378,75305316956,14.123,0.453,,0.315,9.64,1.894,1.022,0.04,29.063,21.527
Yemen,YEM,2016,32109023,68245442015,10.044,0.313,,0.286,7.573,0.986,0.565,0.028,24.96,16.655
Yemen,YEM,2017,33090923,64784033932,9.214,0.278,,0.271,7.362,0.04,0.775,0.026,25.499,17.402
Yemen,YEM,2018,34085181,65271212493,11.504,0.338,,0.271,9.504,0.04,0.759,0.031,28.341,20.953
Yemen,YEM,2019,35111416,66185009341,11.788,0.336,,0.278,9.359,0.04,0.767,0.032,29.646,21.418
Yemen,YEM,2020,36134867,60559285911,10.757,0.298,,0.253,8.138,0.04,0.687,0.031,28.381,20.117
Yemen,YEM,2021,37140234,59953691816,10.608,0.286,,0.253,7.82,0.04,0.727,0.029,28.329,19.789
Yemen,YEM,2022,38222878,60852995288,10.404,0.272,,0.256,7.952,0.04,0.788,0.028,27.891,19.236
Yemen,YEM,2023,39390800,,10.141,0.257,,0.431,8.042,0.04,0.788,0.027,26.633,17.77
Yemen,YEM,2024,40583173,,10.123,0.249,,0.509,8.084,0.039,0.788,0.026,26.665,17.69
Zambia,ZMB,1990,7786163,10251342241,2.407,0.309,1.579,0.832,1.396,,0.179,0.011,53.909,6.999
Zambia,ZMB,1991,7981653,10509127569,2.382,0.298,1.851,0.839,1.392,,0.15,0.01,59.681,6.883
Zambia,ZMB,1992,8176677,11062309627,2.425,0.297,2.005,0.872,1.411,,0.142,0.011,60.977,6.896
Zambia,ZMB,1993,8373920,11412962029,2.466,0.294,2.087,0.883,1.44,,0.143,0.011,65.213,7.153
Zambia,ZMB,1994,8576270,10221106422,2.393,0.279,2.094,0.839,1.44,,0.114,0.01,66.281,7.259
Zambia,ZMB,1995,8785768,10865557573,2.142,0.244,1.969,0.33,1.685,,0.127,0.009,64.292,7.016
Zambia,ZMB,1996,9004059,11923229356,1.838,0.204,1.763,0.421,1.275,,0.142,0.008,59.628,6.855
Zambia,ZMB,1997,9237064,12774990714,2.354,0.255,2.282,0.484,1.714,,0.156,0.01,63.392,7.232
Zambia,ZMB,1998,9482414,13130968549,2.278,0.24,2.477,0.462,1.674,,0.142,0.009,63.806,7.49
Zambia,ZMB,1999,9740013,14188405377,1.778,0.183,1.995,0.278,1.378,,0.121,0.007,59.989,7.089
Zambia,ZMB,2000,10017633,15211406947,1.784,0.178,3.692,0.289,1.341,,0.154,0.007,58.201,7.146
Zambia,ZMB,2001,10325186,16519069217,1.886,0.183,3.977,0.3,1.499,,0.087,0.007,66.04,7.484
Zambia,ZMB,2002,10647955,17827940431,1.961,0.184,3.98,0.304,1.565,,0.092,0.007,84.185,7.506
Zambia,ZMB,2003,10983604,19691239689,2.074,0.189,3.886,0.322,1.612,,0.14,0.008,81.422,7.806
Zambia,ZMB,2004,11338201,21770250951,2.104,0.186,3.967,0.239,1.71,,0.155,0.007,79.16,7.976
Zambia,ZMB,2005,11718819,24119806314,2.243,0.191,4.169,0.315,1.755,,0.172,0.008,93.005,8.297
Zambia,ZMB,2006,12129560,26908652008,2.231,0.184,4.923,0.132,1.883,,0.216,0.007,85.606,8.217
Zambia,ZMB,2007,12565093,30152606854,2.298,0.183,5.705,0.293,1.795,,0.209,0.007,96.105,8.417
Zambia,ZMB,2008,13021327,33594604263,2.553,0.196,6.929,0.315,2.023,,0.215,0.008,121.736,8.811
Zambia,ZMB,2009,13490395,37919541851,2.94,0.218,5.872,0.404,2.197,,0.339,0.009,109.967,9.461
Zambia,ZMB,2010,13965592,43221855090,3.121,0.223,5.911,0.384,2.302,,0.435,0.009,116.827,9.885
Zambia,ZMB,2011,14437796,47143916201,3.379,0.234,7.692,0.271,2.649,,0.459,0.01,119.693,10.293
Zambia,ZMB,2012,14913631,50725916750,4.177,0.28,8.13,0.359,3.206,,0.612,0.012,110.309,11.297
Zambia,ZMB,2013,15399000,53291123090,4.427,0.287,8.712,0.466,3.256,,0.705,0.013,102.836,11.74
Zambia,ZMB,2014,15895320,55794746119,5.283,0.332,9.913,0.89,3.657,,0.736,0.015,99.287,12.742
Zambia,ZMB,2015,16399092,57423952993,5.522,0.337,9.574,0.95,3.875,,0.697,0.016,98.024,13.177
Zambia,ZMB,2016,16914428,59592851316,5.978,0.353,9.262,0.967,4.236,,0.775,0.017,102.385,13.884
Zambia,ZMB,2017,17441328,61680980857,7.459,0.428,10.111,2.514,4.089,,0.856,0.021,103.85,15.622
Zambia,ZMB,2018,17973574,64169815579,8.658,0.482,10.633,3.983,3.609,,1.066,0.024,100.257,17.168
Zambia,ZMB,2019,18513839,65094496543,8.846,0.478,11.142,3.443,4.443,,0.961,0.024,97.901,17.45
Zambia,ZMB,2020,19059394,63281615083,9.991,0.524,9.876,4.424,4.483,,1.084,0.028,96.085,18.723
Zambia,ZMB,2021,19603610,66191936884,9.35,0.477,9.896,3.511,4.78,,1.059,0.025,94.405,18.116
Zambia,ZMB,2022,20152935,68469600029,10.939,0.543,11.728,5.082,4.977,,0.88,0.029,98.47,20.287
Zambia,ZMB,2023,20723967,,11.831,0.571,12.705,5.876,5.074,,0.88,0.031,98.81,21.136
Zambia,ZMB,2024,21314962,,12.043,0.565,,5.999,5.164,,0.88,0.031,99.033,21.602
Zimbabwe,ZWE,1990,10137287,21937054921,15.537,1.533,12.874,13.414,1.835,,0.287,0.068,57.634,20.338
Zimbabwe,ZWE,1991,10404820,23189857636,15.491,1.489,12.717,12.773,2.363,,0.355,0.067,43.302,20.453
Zimbabwe,ZWE,1992,10702697,21133778927,16.702,1.561,13.416,13.516,2.818,,0.368,0.074,49.775,21.708
Zimbabwe,ZWE,1993,10860285,21406462048,16.032,1.476,12.152,12.557,3.067,,0.409,0.07,58.004,20.977
Zimbabwe,ZWE,1994,10873146,23447496711,17.383,1.599,12.658,13.553,3.393,,0.437,0.076,55.773,22.323
Zimbabwe,ZWE,1995,10974607,23569800045,15.017,1.368,10.75,10.611,4.012,,0.394,0.064,58.02,19.97
Zimbabwe,ZWE,1996,11158364,26145775719,14.894,1.335,10.704,10.497,3.99,,0.407,0.061,51.562,19.934
Zimbabwe,ZWE,1997,11369833,27012558407,13.901,1.223,10.307,9.493,3.961,,0.447,0.057,49.69,18.864
Zimbabwe,ZWE,1998,11594299,27984298870,14.127,1.218,9.796,9.732,3.95,,0.446,0.058,60.078,19.226
Zimbabwe,ZWE,1999,11783454,27841288874,15.724,1.334,9.948,10.6,4.719,,0.405,0.063,70.531,21.057
Zimbabwe,ZWE,2000,11892055,26765004403,13.815,1.162,11.978,10.124,3.287,,0.404,0.054,57.656,19.125
Zimbabwe,ZWE,2001,11971904,26781181341,12.509,1.045,11.502,9.538,2.648,,0.322,0.049,56.093,17.817
Zimbabwe,ZWE,2002,12087661,24872482259,11.896,0.984,12.079,9.123,2.532,,0.241,0.045,49.243,17.093
Zimbabwe,ZWE,2003,12232324,20952016540,10.61,0.867,12.495,8.183,2.267,,0.16,0.038,54.283,15.628
Zimbabwe,ZWE,2004,12365901,19792844101,9.429,0.762,10.411,7.417,1.813,,0.199,0.033,54.069,14.391
Zimbabwe,ZWE,2005,12483433,18444472497,10.698,0.857,11.518,8.475,1.986,,0.238,0.036,57.297,15.782
Zimbabwe,ZWE,2006,12636442,18043000167,10.365,0.82,11.124,8.185,1.905,,0.275,0.034,48.951,15.533
Zimbabwe,ZWE,2007,12804062,17769105175,9.835,0.768,10.874,7.808,1.872,,0.155,0.031,55.696,15.058
Zimbabwe,ZWE,2008,12959154,15050245186,7.72,0.596,10.024,5.955,1.611,,0.154,0.024,41.803,12.787
Zimbabwe,ZWE,2009,13142791,16275797005,8.25,0.628,9.352,6.339,1.641,,0.27,0.026,39.389,13.445
Zimbabwe,ZWE,2010,13356551,17918418386,8.754,0.655,8.92,6.507,1.938,,0.308,0.026,47.784,14.027
Zimbabwe,ZWE,2011,13595421,19554105000,10.363,0.762,9.997,6.72,3.261,,0.382,0.03,43.26,15.807
Zimbabwe,ZWE,2012,13817887,22811427551,11.257,0.815,11.695,6.998,3.693,,0.566,0.032,34.816,16.782
Zimbabwe,ZWE,2013,14013811,23261956135,11.671,0.833,12.074,7.104,4.104,,0.463,0.033,27.658,17.257
Zimbabwe,ZWE,2014,14207367,23818844326,11.946,0.841,12.812,7.732,3.718,,0.496,0.034,25.44,18.051
Zimbabwe,ZWE,2015,14399008,24246158745,12.017,0.835,13.312,7.676,3.756,,0.585,0.034,31.41,17.956
Zimbabwe,ZWE,2016,14600297,24362052665,10.588,0.725,13.239,6.722,3.405,,0.461,0.03,26.044,16.069
Zimbabwe,ZWE,2017,14812484,25576014023,9.831,0.664,11.052,6.003,3.359,,0.469,0.027,30.901,15.621
Zimbabwe,ZWE,2018,15034457,26786271482,11.209,0.746,12.351,6.489,4.162,,0.558,0.031,27.25,17.198
Zimbabwe,ZWE,2019,15271377,25146416205,10.267,0.672,11.627,6.01,3.784,,0.473,0.028,30.672,16.218
Zimbabwe,ZWE,2020,15526887,23178707175,8.491,0.547,10.482,4.932,3.063,,0.496,0.024,24.146,14.463
Zimbabwe,ZWE,2021,15797220,25140088767,10.223,0.647,12.359,5.936,3.745,,0.542,0.028,27.907,16.408
Zimbabwe,ZWE,2022,16069061,25901585881,12.232,0.761,13.612,7.165,4.679,,0.387,0.033,29.917,18.83
Zimbabwe,ZWE,2023,16340829,,13.443,0.823,15.32,8.285,4.771,,0.387,0.035,31.029,20.318
Zimbabwe,ZWE,2024,16634366,,13.701,0.824,,8.459,4.855,,0.387,0.035,31.066,20.773
